mode,split,window_s,fold,accuracy,null_mean,null_std,contribution,p_permutation,zeros_accuracy,flip_rate,collapse,null_position,contribution_position,null_trial,contribution_trial,n_windows,uses_audio
eeg,loso,5,0,0.41818180680274963,0.35522727221250533,0.02209460227934626,0.0629545345902443,0.047619047619047616,0.41363635659217834,0.5445454597473145,0.7874521613121033,0.3554545447230339,0.06272726207971574,0.35659090876579286,0.061590898036956776,220,1
eeg,loso,5,1,0.459090918302536,0.2995454534888268,0.03339903607744098,0.15954546481370924,0.047619047619047616,0.30000001192092896,0.6784090965986251,0.6601235866546631,0.3134090930223465,0.14568182528018953,0.31295454502105713,0.14613637328147888,220,1
eeg,loso,5,2,0.5136363506317139,0.3600000008940697,0.01722481393864363,0.15363634973764417,0.047619047619047616,0.3909091055393219,0.5361363679170609,0.5446299314498901,0.37545454651117327,0.1381818041205406,0.3845454528927803,0.12909089773893356,220,1
eeg,loso,5,3,0.38181817531585693,0.31068181842565534,0.022094602401969348,0.07113635689020159,0.047619047619047616,0.34090909361839294,0.6218181848526001,0.5267267823219299,0.3204545393586159,0.061363635957241036,0.3149999976158142,0.06681817770004272,220,1
eeg,loso,5,4,0.4227272868156433,0.3284090876579285,0.02092267130562732,0.09431819915771483,0.047619047619047616,0.3909091055393219,0.5486363708972931,0.5894717574119568,0.33431818038225175,0.08840910643339156,0.3404545456171036,0.08227274119853972,220,1
eeg,loso,5,5,0.41363635659217834,0.34590908586978913,0.030825420726255347,0.06772727072238921,0.09523809523809523,0.4272727370262146,0.5824999958276749,0.7106579542160034,0.3622727274894714,0.05136362910270692,0.3568181812763214,0.05681817531585692,220,1
eeg,loso,5,6,0.41363635659217834,0.25204545482993124,0.03418094009959646,0.1615909017622471,0.047619047619047616,0.22272726893424988,0.7090909093618393,0.5056769251823425,0.27659090906381606,0.13704544752836229,0.27863636389374735,0.134999992698431,220,1
eeg,loso,5,7,0.47727271914482117,0.31204545348882673,0.028140550201745895,0.16522726565599444,0.047619047619047616,0.3272727131843567,0.6827272742986679,0.7526564002037048,0.32454545199871065,0.1527272671461105,0.3077272713184357,0.16954544782638548,220,1
eeg,loso,5,8,0.44090908765792847,0.3256818175315857,0.03275488180476849,0.11522727012634276,0.047619047619047616,0.41363635659217834,0.6424999922513962,0.7976824641227722,0.32659090906381605,0.11431817859411242,0.33499999940395353,0.10590908825397494,220,1
eeg,loso,5,9,0.4545454680919647,0.33545455038547517,0.035402060991017774,0.11909091770648955,0.047619047619047616,0.3499999940395355,0.520454540848732,0.7383631467819214,0.33909090906381606,0.11545455902814866,0.3536363646388054,0.10090910345315934,220,1
eeg,loso,5,10,0.3954545557498932,0.348181813955307,0.025567928750299184,0.04727274179458618,0.047619047619047616,0.34545454382896423,0.5963636368513108,0.715242862701416,0.3627272740006447,0.032727281749248494,0.35022727251052854,0.045227283239364646,220,1
eeg,loso,5,11,0.4272727370262146,0.3584090888500214,0.023934957657284307,0.06886364817619323,0.047619047619047616,0.3954545557498932,0.5459090933203697,0.7626877427101135,0.3693181797862053,0.05795455724000931,0.37318181842565534,0.05409091860055926,220,1
eeg,loso,5,12,0.44090908765792847,0.3172727286815643,0.02541392886331719,0.12363635897636416,0.047619047619047616,0.37727272510528564,0.6370454490184784,0.557987630367279,0.31772727221250535,0.12318181544542312,0.3411363631486893,0.09977272450923919,220,1
eeg,loso,5,13,0.41363635659217834,0.2606818199157715,0.03221425562690897,0.15295453667640685,0.047619047619047616,0.23636363446712494,0.7002272695302963,0.7972818613052368,0.24749999940395356,0.16613635718822478,0.2681818172335625,0.14545453935861585,220,1
eeg,loso,5,14,0.4636363685131073,0.362045456469059,0.023848479600886492,0.1015909120440483,0.047619047619047616,0.37727272510528564,0.49931817799806594,0.7617769837379456,0.37113636285066604,0.09250000566244126,0.408181819319725,0.055454549193382274,220,1
eeg,loso,5,15,0.44545453786849976,0.33113635927438734,0.022557317502706127,0.11431817859411242,0.047619047619047616,0.3590908944606781,0.5915909141302109,0.731002688407898,0.3440909072756767,0.10136363059282305,0.3399999961256981,0.10545454174280167,220,1
eeg,within,5,0,0.43011364340782166,0.33842329531908033,0.007963608106493424,0.09169034808874132,0.047619047619047616,0.39431819319725037,0.5429545402526855,0.618520975112915,0.3420596569776535,0.08805398643016815,0.3440340906381607,0.08607955276966095,3520,1
eeg,within,5,1,0.46193182468414307,0.3609232947230339,0.006232853043093273,0.10100852996110915,0.047619047619047616,0.39943182468414307,0.466718752682209,0.8270135521888733,0.3626846566796303,0.09924716800451278,0.36785511374473573,0.09407671093940734,3520,1
eeg,within,5,2,0.4417613744735718,0.329744316637516,0.00658092298478292,0.11201705783605576,0.047619047619047616,0.26789772510528564,0.5901278465986252,0.7801483869552612,0.3360511362552643,0.1057102382183075,0.344801139831543,0.0969602346420288,3520,1
eeg,within,5,3,0.40795454382896423,0.2864772707223892,0.006439786142246448,0.12147727310657502,0.047619047619047616,0.2954545319080353,0.5967897653579712,0.6014367341995239,0.29454545080661776,0.11340909302234647,0.3008238643407822,0.10713067948818206,3520,1
eeg,within,5,4,0.43977272510528564,0.3097727283835411,0.0067697109779699645,0.12999999672174456,0.047619047619047616,0.37755683064460754,0.6545028418302536,0.6848287582397461,0.31953125,0.12024147510528566,0.32350852340459824,0.11626420170068741,3520,1
eeg,loso,10,0,0.5,0.31350000128149985,0.048505156638314624,0.18649999871850015,0.047619047619047616,0.46000000834465027,0.6370000123977662,0.4638732969760895,0.31800000071525575,0.18199999928474425,0.38699999898672105,0.11300000101327895,100,1
eeg,loso,10,1,0.5400000214576721,0.3104999989271164,0.04964624750573188,0.22950002253055574,0.047619047619047616,0.33000001311302185,0.6770000040531159,0.3131251633167267,0.2934999980032444,0.24650002345442773,0.3489999994635582,0.19100002199411392,100,1
eeg,loso,10,2,0.5899999737739563,0.27300000190734863,0.03769615434408292,0.31699997186660767,0.047619047619047616,0.2800000011920929,0.7015000015497208,0.27965062856674194,0.30200000032782554,0.28799997344613076,0.293000004440546,0.2969999693334103,100,1
eeg,loso,10,3,0.4000000059604645,0.2825000032782555,0.038324275555548466,0.117500002682209,0.047619047619047616,0.33000001311302185,0.6885000050067902,0.3260803818702698,0.2945000007748604,0.1055000051856041,0.32650000378489497,0.07350000217556951,100,1
eeg,loso,10,4,0.550000011920929,0.3035000041127205,0.034099122248293146,0.24650000780820847,0.047619047619047616,0.3400000035762787,0.7069999992847442,0.13539037108421326,0.31500000283122065,0.2350000090897083,0.32850000262260437,0.22150000929832458,100,1
eeg,loso,10,5,0.5400000214576721,0.3030000001192093,0.04572745426754706,0.23700002133846282,0.047619047619047616,0.3100000023841858,0.6900000005960465,0.5818792581558228,0.3330000005662441,0.207000020891428,0.33150000423192977,0.20850001722574235,100,1
eeg,loso,10,6,0.5799999833106995,0.28549999967217443,0.042482351598295866,0.29449998363852503,0.047619047619047616,0.30000001192092896,0.7059999942779541,0.28607821464538574,0.2625000007450581,0.3174999825656414,0.31150000244379045,0.268499980866909,100,1
eeg,loso,10,7,0.5400000214576721,0.2870000027120113,0.048897856865986605,0.2530000187456608,0.047619047619047616,0.33000001311302185,0.6985000014305115,0.33005475997924805,0.28149999901652334,0.2585000224411488,0.3275000050663948,0.2125000163912773,100,1
eeg,loso,10,8,0.44999998807907104,0.27250000089406967,0.056910016030573836,0.17749998718500137,0.047619047619047616,0.25,0.6970000028610229,0.24417074024677277,0.2690000019967556,0.18099998608231543,0.3089999988675117,0.14099998921155932,100,1
eeg,loso,10,9,0.5799999833106995,0.35250000208616256,0.04414464574072852,0.2274999812245369,0.047619047619047616,0.46000000834465027,0.6375,0.3260832726955414,0.3500000014901161,0.22999998182058334,0.39549999982118605,0.1844999834895134,100,1
eeg,loso,10,10,0.550000011920929,0.35999999940395355,0.04969909303603313,0.1900000125169754,0.047619047619047616,0.3499999940395355,0.6465000033378601,0.4596320688724518,0.3570000007748604,0.19300001114606857,0.39549999982118605,0.1545000120997429,100,1
eeg,loso,10,11,0.38999998569488525,0.25799999833106996,0.03802630600025202,0.1319999873638153,0.047619047619047616,0.20000000298023224,0.7320000052452087,0.3838704824447632,0.24100000113248826,0.148999984562397,0.28749999925494196,0.10249998643994329,100,1
eeg,loso,10,12,0.36000001430511475,0.27900000140070913,0.04559605618436448,0.08100001290440562,0.14285714285714285,0.27000001072883606,0.7174999982118606,0.23678429424762726,0.24699999913573265,0.1130000151693821,0.31899999976158144,0.0410000145435333,100,1
eeg,loso,10,13,0.5199999809265137,0.2785000026226044,0.04304358565403195,0.2414999783039093,0.047619047619047616,0.36000001430511475,0.698999997973442,0.311894029378891,0.2769999995827675,0.24299998134374617,0.33050000220537185,0.18949997872114183,100,1
eeg,loso,10,14,0.49000000953674316,0.2630000002682209,0.04940647737630532,0.22700000926852226,0.047619047619047616,0.3100000023841858,0.7209999978542327,0.31554919481277466,0.24199999943375589,0.24800001010298728,0.29000000208616256,0.2000000074505806,100,1
eeg,loso,10,15,0.44999998807907104,0.2614999994635582,0.04198511574819006,0.18849998861551287,0.047619047619047616,0.27000001072883606,0.7360000044107438,0.31047096848487854,0.26000000089406966,0.18999998718500138,0.30099999979138375,0.1489999882876873,100,1
eeg,within,10,0,0.5274999737739563,0.3470937475562096,0.00718145476244816,0.1804062262177467,0.047619047619047616,0.4012500047683716,0.601406255364418,0.271320104598999,0.35843750089406967,0.16906247287988663,0.37750000059604644,0.14999997317790986,1600,1
eeg,within,10,1,0.48500001430511475,0.25928125232458116,0.009277145456105177,0.2257187619805336,0.047619047619047616,0.26750001311302185,0.7284687519073486,0.2610425055027008,0.2641249991953373,0.22087501510977747,0.31543750166893003,0.16956251263618471,1600,1
eeg,within,10,2,0.40625,0.40562500059604645,0.004432655571317556,0.0006249994039535522,0.47619047619047616,0.4181250035762787,0.19481250047683715,0.8771564960479736,0.40799999982118607,-0.0017499998211860657,0.40450000017881393,0.0017499998211860657,1600,1
eeg,within,10,3,0.4612500071525574,0.2625312522053719,0.009498096381024276,0.1987187549471855,0.047619047619047616,0.3006249964237213,0.7042187511920929,0.32434263825416565,0.2698750026524067,0.19137500450015066,0.29862499982118607,0.1626250073313713,1600,1
eeg,within,10,4,0.4987500011920929,0.306750001013279,0.009210218867453013,0.1920000001788139,0.047619047619047616,0.35499998927116394,0.624156254529953,0.4612502455711365,0.31800000220537183,0.18074999898672106,0.35162500143051145,0.14712499976158144,1600,1
eeg,loso,15,0,0.38333332538604736,0.29916666597127917,0.06443665913727915,0.0841666594147682,0.14285714285714285,0.4833333194255829,0.7066666662693024,0.10765691101551056,0.29750000312924385,0.08583332225680351,0.345833332836628,0.03749999254941938,60,1
eeg,loso,15,1,0.5166666507720947,0.26250000298023224,0.05936586110293472,0.2541666477918625,0.047619047619047616,0.3333333432674408,0.7116666615009308,0.14270886778831482,0.2550000034272671,0.26166664734482764,0.3483333349227905,0.16833331584930422,60,1
eeg,loso,15,2,0.5833333134651184,0.2733333371579647,0.054619897984592936,0.3099999763071537,0.047619047619047616,0.1666666716337204,0.7383333325386048,0.1054052859544754,0.27750000208616254,0.30583331137895586,0.4016666665673256,0.18166664689779283,60,1
eeg,loso,15,3,0.5333333611488342,0.25750000327825545,0.05663602054486389,0.2758333578705788,0.047619047619047616,0.25,0.7166666746139526,0.13685418665409088,0.24083333536982537,0.29250002577900885,0.338333335518837,0.19500002562999724,60,1
eeg,loso,15,4,0.6499999761581421,0.24333333745598792,0.06695769799223254,0.40666663870215414,0.047619047619047616,0.23333333432674408,0.7324999898672104,0.09349023550748825,0.2875000037252903,0.3624999724328518,0.41416666507720945,0.23583331108093264,60,1
eeg,loso,15,5,0.46666666865348816,0.2675000049173832,0.056143417203937784,0.19916666373610498,0.047619047619047616,0.2666666805744171,0.7175000041723252,0.18435779213905334,0.26666667237877845,0.1999999962747097,0.3516666695475578,0.11499999910593034,60,1
eeg,loso,15,6,0.5166666507720947,0.26166666969656943,0.0480451167593868,0.2549999810755253,0.047619047619047616,0.23333333432674408,0.6966666638851166,0.14821942150592804,0.27916667237877846,0.23749997839331627,0.3758333310484886,0.14083331972360613,60,1
eeg,loso,15,7,0.550000011920929,0.2950000025331974,0.05799903913028394,0.25500000938773154,0.047619047619047616,0.23333333432674408,0.7299999982118607,0.1299896389245987,0.3050000064074993,0.24500000551342965,0.3358333379030228,0.21416667401790618,60,1
eeg,loso,15,8,0.550000011920929,0.24750000163912772,0.047221403537830484,0.30250001028180123,0.047619047619047616,0.18333333730697632,0.7349999934434891,0.06962043792009354,0.27250000461935997,0.277500007301569,0.3333333358168602,0.21666667610406876,60,1
eeg,loso,15,9,0.6000000238418579,0.2533333353698254,0.05338538956680257,0.3466666884720325,0.047619047619047616,0.21666666865348816,0.7158333331346511,0.14990775287151337,0.27750000432133676,0.32250001952052115,0.3833333343267441,0.2166666895151138,60,1
eeg,loso,15,10,0.5333333611488342,0.25916666984558107,0.049853953450192744,0.27416669130325316,0.047619047619047616,0.3166666626930237,0.7599999994039536,0.22351862490177155,0.27833333760499956,0.25500002354383466,0.3899999991059303,0.14333336204290392,60,1
eeg,loso,15,11,0.5666666626930237,0.2575000014156103,0.05539629842710431,0.3091666612774134,0.047619047619047616,0.23333333432674408,0.7099999994039535,0.19541022181510925,0.23250000253319741,0.33416666015982627,0.3700000002980232,0.19666666239500047,60,1
eeg,loso,15,12,0.36666667461395264,0.2383333370089531,0.057276133619286185,0.12833333760499954,0.09523809523809523,0.23333333432674408,0.7141666650772095,0.11875449120998383,0.20583333633840084,0.1608333382755518,0.3633333370089531,0.0033333376049995422,60,1
eeg,loso,15,13,0.550000011920929,0.24250000193715096,0.06840950964739596,0.307500009983778,0.047619047619047616,0.20000000298023224,0.7591666758060456,0.18346309661865234,0.2508333377540112,0.2991666741669178,0.3166666701436043,0.23333334177732468,60,1
eeg,loso,15,14,0.4833333194255829,0.26666667088866236,0.05916079682349415,0.21666664853692053,0.047619047619047616,0.18333333730697632,0.686666664481163,0.19877807796001434,0.23250000551342964,0.25083331391215324,0.4091666653752327,0.07416665405035017,60,1
eeg,loso,15,15,0.5333333611488342,0.26416667103767394,0.05534613358424035,0.2691666901111603,0.047619047619047616,0.23333333432674408,0.7074999928474426,0.11088913679122925,0.26083333864808084,0.2725000225007534,0.36583333313465116,0.16750002801418307,60,1
eeg,within,15,0,0.5447916388511658,0.33666666597127914,0.013104313756714676,0.20812497287988663,0.047619047619047616,0.46875,0.6361458361148834,0.2135164588689804,0.3376562476158142,0.20713539123535157,0.39838541895151136,0.1464062198996544,960,1
eeg,within,15,1,0.543749988079071,0.2546354174613953,0.01382113673467926,0.28911457061767576,0.047619047619047616,0.3322916626930237,0.7232812494039536,0.1792045384645462,0.2524479150772095,0.29130207300186156,0.353437502682209,0.19031248539686202,960,1
eeg,within,15,2,0.5395833253860474,0.2712499976158142,0.0123313244602461,0.26833332777023317,0.047619047619047616,0.26770833134651184,0.7286458343267441,0.24016930162906647,0.28286458402872083,0.25671874135732653,0.36744791716337205,0.1721354082226753,960,1
eeg,within,15,3,0.5302083492279053,0.2717708334326744,0.01059688089176267,0.2584375157952309,0.047619047619047616,0.3177083432674408,0.7153124988079071,0.17224425077438354,0.2797916650772095,0.2504166841506958,0.3693750038743019,0.16083334535360339,960,1
eeg,within,15,4,0.5,0.24093749970197678,0.014542725974632643,0.25906250029802325,0.047619047619047616,0.26249998807907104,0.7238020807504654,0.25319498777389526,0.25114583447575567,0.24885416552424433,0.32505208253860474,0.17494791746139526,960,1
eeg,loso,20,0,0.44999998807907104,0.22999999932944776,0.07097534727652885,0.2199999887496233,0.047619047619047616,0.22499999403953552,0.7475000023841858,0.1037578210234642,0.24000000171363353,0.2099999863654375,0.35,0.09999998807907107,40,1
eeg,loso,20,1,0.6000000238418579,0.2850000001490116,0.06041522867174113,0.3150000236928463,0.047619047619047616,0.20000000298023224,0.7375000029802322,0.13195644319057465,0.28624999821186065,0.31375002562999726,0.41875,0.1812500238418579,40,1
eeg,loso,20,2,0.7250000238418579,0.2537500008940697,0.050790625609030596,0.4712500229477882,0.047619047619047616,0.22499999403953552,0.74375,0.13746610283851624,0.2562500022351742,0.4687500216066837,0.47124999165534975,0.25375003218650816,40,1
eeg,loso,20,3,0.574999988079071,0.2924999989569187,0.07292975883398703,0.28249998912215235,0.047619047619047616,0.20000000298023224,0.7187500059604645,0.11500789225101471,0.2600000023841858,0.31499998569488524,0.41749999970197677,0.15749998837709428,40,1
eeg,loso,20,4,0.550000011920929,0.2787499979138374,0.05377905803853971,0.27125001400709153,0.047619047619047616,0.375,0.652499994635582,0.07572687417268753,0.29375,0.25625001192092894,0.3737500004470348,0.17625001147389413,40,1
eeg,loso,20,5,0.375,0.24375,0.0626872207197054,0.13125,0.14285714285714285,0.22499999403953552,0.6862500041723252,0.11979842185974121,0.26375000067055226,0.11124999932944774,0.2462499998509884,0.1287500001490116,40,1
eeg,loso,20,6,0.550000011920929,0.25374999940395354,0.054357037989355185,0.2962500125169754,0.047619047619047616,0.2750000059604645,0.6950000017881394,0.07838421314954758,0.2662500001490116,0.28375001177191733,0.4512499988079071,0.09875001311302184,40,1
eeg,loso,20,7,0.625,0.26749999932944774,0.06666145713234295,0.35750000067055226,0.047619047619047616,0.3499999940395355,0.7024999976158142,0.11447062343358994,0.26125000044703484,0.36374999955296516,0.4049999974668026,0.2200000025331974,40,1
eeg,loso,20,8,0.6000000238418579,0.2649999991059303,0.07721722652054792,0.3350000247359276,0.047619047619047616,0.25,0.735000005364418,0.09393347799777985,0.22999999970197677,0.37000002413988115,0.494999997317791,0.10500002652406693,40,1
eeg,loso,20,9,0.6499999761581421,0.26750000193715096,0.06712860979176269,0.38249997422099113,0.047619047619047616,0.17499999701976776,0.7300000041723251,0.0816887766122818,0.261250001937151,0.3887499742209911,0.43124999701976774,0.21874997913837435,40,1
eeg,loso,20,10,0.375,0.28625000044703486,0.06397021004392452,0.08874999955296514,0.19047619047619047,0.44999998807907104,0.7250000029802323,0.10509632527828217,0.2662500016391277,0.10874999836087229,0.3149999976158142,0.06000000238418579,40,1
eeg,loso,20,11,0.550000011920929,0.2487500011920929,0.06147916388815992,0.30125001072883606,0.047619047619047616,0.32499998807907104,0.7099999994039535,0.13318143784999847,0.24125000163912774,0.3087500102818012,0.36624999940395353,0.18375001251697543,40,1
eeg,loso,20,12,0.4000000059604645,0.2424999989569187,0.05595757234188618,0.15750000700354577,0.047619047619047616,0.2750000059604645,0.7137500017881393,0.06054132804274559,0.19250000044703483,0.20750000551342965,0.43374999761581423,-0.033749991655349754,40,1
eeg,loso,20,13,0.625,0.2300000011920929,0.055677645662309504,0.3949999988079071,0.047619047619047616,0.25,0.7412499964237214,0.10098018497228622,0.2575000010430813,0.3674999989569187,0.39874999821186063,0.22625000178813937,40,1
eeg,loso,20,14,0.574999988079071,0.2200000010430813,0.07053368013071908,0.3549999870359898,0.047619047619047616,0.15000000596046448,0.7549999982118607,0.08783264458179474,0.23750000149011613,0.3374999865889549,0.40499999523162844,0.1699999928474426,40,1
eeg,loso,20,15,0.625,0.26124999970197677,0.05672025618773316,0.36375000029802323,0.047619047619047616,0.25,0.7412499964237214,0.10307502001523972,0.2887500010430813,0.3362499989569187,0.3962500005960464,0.22874999940395357,40,1
eeg,within,20,0,0.503125011920929,0.26093750074505806,0.014748874174813709,0.2421875111758709,0.047619047619047616,0.17031249403953552,0.7124218732118607,0.17245067656040192,0.26851562410593033,0.23460938781499863,0.3764843761920929,0.12664063572883605,640,1
eeg,within,20,1,0.574999988079071,0.25249999985098837,0.018510183893458043,0.3224999882280827,0.047619047619047616,0.17499999701976776,0.7428906232118606,0.06213100627064705,0.261328125,0.313671863079071,0.4300000011920929,0.14499998688697813,640,1
eeg,within,20,2,0.512499988079071,0.24351562634110452,0.01533540446461801,0.2689843617379665,0.047619047619047616,0.24687500298023224,0.7414843767881394,0.070650614798069,0.26070312708616256,0.2517968609929085,0.373828125,0.13867186307907103,640,1
eeg,within,20,3,0.534375011920929,0.24812499806284904,0.016599308214285593,0.2862500138580799,0.047619047619047616,0.22343750298023224,0.7474218785762787,0.06819619983434677,0.2603125020861626,0.2740625098347664,0.38507812321186063,0.14929688870906832,640,1
eeg,within,20,4,0.5562499761581421,0.2740625023841858,0.012474581101297458,0.2821874737739563,0.047619047619047616,0.26875001192092896,0.6992968708276749,0.1229533776640892,0.28421874791383744,0.27203122824430465,0.4205468788743019,0.13570309728384017,640,1
eeg,loso,30,0,0.550000011920929,0.21500000432133676,0.07262919557019654,0.3350000075995922,0.047619047619047616,0.3499999940395355,0.7474999994039535,0.06955961138010025,0.2525000020861626,0.2975000098347664,0.550000011920929,0.0,20,1
eeg,loso,30,1,0.699999988079071,0.22750000208616256,0.08870597367737867,0.4724999859929085,0.047619047619047616,0.20000000298023224,0.8149999976158142,0.051929324865341187,0.21250000409781933,0.4874999839812517,0.699999988079071,0.0,20,1
eeg,loso,30,2,0.699999988079071,0.25500000230968,0.11715374488103371,0.44499998576939104,0.047619047619047616,0.25,0.7199999988079071,0.07392660528421402,0.24500000048428774,0.45499998759478333,0.699999988079071,0.0,20,1
eeg,loso,30,3,0.6000000238418579,0.2650000013411045,0.11079259716803229,0.3350000225007534,0.047619047619047616,0.4000000059604645,0.7099999994039535,0.0542740672826767,0.22000000514090062,0.3800000187009573,0.6000000238418579,0.0,20,1
eeg,loso,30,4,0.699999988079071,0.29750000312924385,0.09283722338291134,0.4024999849498272,0.047619047619047616,0.4000000059604645,0.7599999994039536,0.09631361812353134,0.29000000227242706,0.409999985806644,0.699999988079071,0.0,20,1
eeg,loso,30,5,0.44999998807907104,0.28750000074505805,0.09065731929518614,0.162499987334013,0.14285714285714285,0.25,0.7625,0.03815457224845886,0.27500000298023225,0.1749999850988388,0.44999998807907104,0.0,20,1
eeg,loso,30,6,0.6000000238418579,0.2375000037252903,0.08785641638160069,0.3625000201165676,0.047619047619047616,0.20000000298023224,0.7474999994039535,0.04041459038853645,0.25250000283122065,0.34750002101063726,0.6000000238418579,0.0,20,1
eeg,loso,30,7,0.75,0.3350000023841858,0.09630679838866277,0.4149999976158142,0.047619047619047616,0.15000000596046448,0.6474999994039535,0.04009748622775078,0.3274999998509884,0.4225000001490116,0.75,0.0,20,1
eeg,loso,30,8,0.6499999761581421,0.29500000085681677,0.1321930390478608,0.3549999753013253,0.047619047619047616,0.25,0.6874999940395355,0.044468991458415985,0.2700000012293458,0.3799999749287963,0.6499999761581421,0.0,20,1
eeg,loso,30,9,0.699999988079071,0.22750000264495612,0.10059199624841496,0.4724999854341149,0.047619047619047616,0.20000000298023224,0.7474999964237213,0.05989576503634453,0.28499999903142453,0.4149999890476465,0.699999988079071,0.0,20,1
eeg,loso,30,10,0.6000000238418579,0.2800000015646219,0.08717797615305785,0.320000022277236,0.047619047619047616,0.4000000059604645,0.6824999943375587,0.0593782514333725,0.22500000167638062,0.3750000221654773,0.6000000238418579,0.0,20,1
eeg,loso,30,11,0.5,0.2200000047683716,0.113357840927912,0.27999999523162844,0.09523809523809523,0.30000001192092896,0.7250000029802323,0.0650237500667572,0.2800000004470348,0.21999999955296518,0.5,0.0,20,1
eeg,loso,30,12,0.3499999940395355,0.18000000286847354,0.06595453012461262,0.169999991171062,0.047619047619047616,0.25,0.7249999970197678,0.043195564299821854,0.2000000024214387,0.14999999161809682,0.3499999940395355,0.0,20,1
eeg,loso,30,13,0.8500000238418579,0.2725000001490116,0.0914808673129179,0.5775000236928463,0.047619047619047616,0.25,0.7150000020861625,0.05953122302889824,0.3375000022351742,0.5125000216066837,0.8500000238418579,0.0,20,1
eeg,loso,30,14,0.6000000238418579,0.22500000316649676,0.08291561981504603,0.37500002067536115,0.047619047619047616,0.15000000596046448,0.7675000011920929,0.07160395383834839,0.18000000417232515,0.42000001966953276,0.6000000238418579,0.0,20,1
eeg,loso,30,15,0.6000000238418579,0.2750000011175871,0.09420721743826643,0.3250000227242708,0.047619047619047616,0.30000001192092896,0.7249999985098838,0.06728117913007736,0.26750000305473803,0.3325000207871199,0.6000000238418579,0.0,20,1
eeg,within,30,0,0.574999988079071,0.26703125089406965,0.021840933215905595,0.3079687371850014,0.047619047619047616,0.2593750059604645,0.7331250041723252,0.03512216731905937,0.2620312511920929,0.3129687368869781,0.574999988079071,0.0,320,1
eeg,within,30,1,0.612500011920929,0.2700000017881393,0.02331007137141306,0.34250001013278963,0.047619047619047616,0.203125,0.73203125,0.033429183065891266,0.2731249988079071,0.3393750131130219,0.612500011920929,0.0,320,1
eeg,within,30,2,0.559374988079071,0.27484374716877935,0.022674561751355047,0.2845312409102917,0.047619047619047616,0.34375,0.7267187476158142,0.03900495544075966,0.2768750011920929,0.28249998688697814,0.559374988079071,0.0,320,1
eeg,within,30,3,0.596875011920929,0.28203125223517417,0.02244513561699212,0.3148437596857548,0.047619047619047616,0.30000001192092896,0.71875,0.05499875918030739,0.27718750163912775,0.3196875102818012,0.596875011920929,0.0,320,1
eeg,within,30,4,0.609375,0.26125000342726706,0.02078536072297062,0.34812499657273294,0.047619047619047616,0.15312500298023224,0.7359375029802322,0.07766427099704742,0.2603124983608723,0.3490625016391277,0.609375,0.0,320,1
eeg_gaze,loso,5,0,0.40454545617103577,0.317272724211216,0.025777174210226503,0.08727273195981977,0.047619047619047616,0.3227272629737854,0.6329545468091965,0.5162656903266907,0.3154545441269875,0.08909091204404829,0.34181818217039106,0.0627272740006447,220,1
eeg_gaze,loso,5,1,0.6267942786216736,0.3155502386391163,0.03182717507331564,0.3112440399825573,0.047619047619047616,0.3779904246330261,0.6351674646139145,0.6521087884902954,0.31172249019145964,0.31507178843021394,0.5246411487460136,0.10215312987565994,209,1
eeg_gaze,loso,5,2,0.5681818127632141,0.3143181785941124,0.02960745511684796,0.25386363416910174,0.047619047619047616,0.3863636255264282,0.6022727280855179,0.9121987223625183,0.31386363655328753,0.2543181762099266,0.4513636380434036,0.11681817471981049,220,1
eeg_gaze,loso,5,3,0.5545454621315002,0.30000000074505806,0.02738612921081075,0.2545454613864422,0.047619047619047616,0.38181817531585693,0.6150000065565109,0.6659257411956787,0.31318181902170183,0.2413636431097984,0.4890909090638161,0.06545455306768416,220,1
eeg_gaze,loso,5,4,0.5454545617103577,0.3065909072756767,0.023770379043105406,0.23886365443468094,0.047619047619047616,0.3136363625526428,0.6218181788921356,0.49848273396492004,0.30795454382896426,0.2375000178813934,0.4722727254033089,0.07318183630704878,220,1
eeg_gaze,loso,5,5,0.4636363685131073,0.31272727251052856,0.030000003449845224,0.15090909600257874,0.047619047619047616,0.3499999940395355,0.6297727227210999,0.4857841730117798,0.3238636329770088,0.13977273553609848,0.3786363646388054,0.0850000038743019,220,1
eeg_gaze,loso,5,6,0.5590909123420715,0.3543181836605072,0.026522838305460726,0.20477272868156432,0.047619047619047616,0.37727272510528564,0.5990909099578857,0.7679656744003296,0.34613636434078215,0.21295454800128938,0.46295454651117324,0.0961363658308983,220,1
eeg_gaze,loso,5,7,0.3636363744735718,0.3243181794881821,0.025237507951768965,0.03931819498538969,0.14285714285714285,0.27272728085517883,0.6093181818723679,0.6380686163902283,0.3243181809782982,0.0393181934952736,0.2702272705733776,0.09340910390019419,220,1
eeg_gaze,loso,5,8,0.5136363506317139,0.33545454144477843,0.02500413063600253,0.17818180918693544,0.047619047619047616,0.33636364340782166,0.6022727221250535,0.6355542540550232,0.31909090727567674,0.19454544335603713,0.4297727271914482,0.08386362344026566,220,1
eeg_gaze,loso,5,9,0.5,0.30454545468091965,0.02042927938968606,0.19545454531908035,0.047619047619047616,0.30454546213150024,0.619772732257843,0.873328685760498,0.3115909084677696,0.1884090915322304,0.4136363625526428,0.0863636374473572,220,1
eeg_gaze,loso,5,10,0.4545454680919647,0.3143181845545769,0.024405113000102733,0.14022728353738784,0.047619047619047616,0.37272727489471436,0.6347727239131927,0.6877571940422058,0.3072727248072624,0.1472727432847023,0.37454545497894287,0.08000001311302185,220,1
eeg_gaze,loso,5,11,0.5,0.3204545482993126,0.028765942250263,0.17954545170068742,0.047619047619047616,0.4318181872367859,0.6315909057855607,0.800965428352356,0.3209090903401375,0.17909090965986252,0.41568181961774825,0.08431818038225175,220,1
eeg_gaze,loso,5,12,0.44545453786849976,0.2599999956786633,0.022388382684975134,0.18545454218983648,0.047619047619047616,0.2863636314868927,0.704545459151268,0.4962010979652405,0.26295454502105714,0.18249999284744262,0.38727272897958753,0.05818180888891222,220,1
eeg_gaze,loso,5,13,0.41363635659217834,0.29909090921282766,0.03219260070128771,0.11454544737935068,0.047619047619047616,0.34090909361839294,0.5779545485973359,0.6720408201217651,0.30795454382896426,0.10568181276321409,0.3040909081697464,0.10954544842243197,220,1
eeg_gaze,loso,5,14,0.6363636255264282,0.2993181824684143,0.025683827499028623,0.3370454430580139,0.047619047619047616,0.33636364340782166,0.6481818228960037,0.561470091342926,0.3111363619565964,0.32522726356983184,0.5252272769808769,0.11113634854555132,220,1
eeg_gaze,loso,5,15,0.5363636612892151,0.30999999642372134,0.03222467457825219,0.22636366486549375,0.047619047619047616,0.4272727370262146,0.6300000041723252,0.6457445025444031,0.3054545447230339,0.23090911656618118,0.4354545459151268,0.10090911537408831,220,1
eeg_gaze,within,5,0,0.4948863685131073,0.27924716025590895,0.008028510421106739,0.21563920825719834,0.047619047619047616,0.2664772868156433,0.708224430680275,0.5116235613822937,0.2820028424263,0.21288352608680727,0.38353692889213564,0.11134943962097166,3520,1
eeg_gaze,within,5,1,0.5517045259475708,0.3220596581697464,0.006908303624384786,0.2296448677778244,0.047619047619047616,0.35568180680274963,0.6347159147262573,0.6113792657852173,0.3229403421282768,0.22876418381929398,0.4474715948104858,0.10423293113708498,3520,1
eeg_gaze,within,5,2,0.5397727489471436,0.3365482956171036,0.007570517828196791,0.20322445333003997,0.047619047619047616,0.43437498807907104,0.6152130633592605,0.6973983645439148,0.34232954531908033,0.19744320362806322,0.46278409063816073,0.07698865830898283,3520,1
eeg_gaze,within,5,3,0.44453972578048706,0.246683818846941,0.005174227496305098,0.19785590693354607,0.047619047619047616,0.25500285625457764,0.711835327744484,0.74146568775177,0.25165809094905855,0.1928816348314285,0.33997999131679535,0.10455973446369171,3498,1
eeg_gaze,within,5,4,0.5309659242630005,0.355127839744091,0.006513973220882895,0.17583808451890948,0.047619047619047616,0.39886364340782166,0.5825142025947571,0.522680938243866,0.3599715903401375,0.170994333922863,0.45663352161645887,0.07433240264654162,3520,1
eeg_gaze,loso,10,0,0.3499999940395355,0.24099999964237212,0.04182104560954915,0.1089999943971634,0.047619047619047616,0.30000001192092896,0.7190000027418136,0.1829366683959961,0.2469999983906746,0.10299999564886092,0.2885000005364418,0.06149999350309371,100,1
eeg_gaze,loso,10,1,0.6526315808296204,0.34000000059604646,0.03869047564302167,0.3126315802335739,0.047619047619047616,0.3684210479259491,0.6768421083688736,0.35083433985710144,0.32526315897703173,0.32736842185258863,0.5021052688360215,0.1505263119935989,95,1
eeg_gaze,loso,10,2,0.6499999761581421,0.3160000018775463,0.04140048154272218,0.3339999742805958,0.047619047619047616,0.41999998688697815,0.669500008225441,0.3388849198818207,0.3300000004470348,0.3199999757111073,0.3915000021457672,0.2584999740123749,100,1
eeg_gaze,loso,10,3,0.5400000214576721,0.2564999990165234,0.03876531861025457,0.28350002244114875,0.047619047619047616,0.25,0.6560000061988831,0.39496785402297974,0.258500000089407,0.28150002136826513,0.4174999982118607,0.12250002324581144,100,1
eeg_gaze,loso,10,4,0.6399999856948853,0.26800000071525576,0.03544009093075764,0.3719999849796295,0.047619047619047616,0.30000001192092896,0.7330000042915344,0.26641789078712463,0.2805000014603138,0.35949998423457147,0.48549999892711637,0.15449998676776888,100,1
eeg_gaze,loso,10,5,0.4699999988079071,0.280500003695488,0.04674131256488471,0.1894999951124191,0.047619047619047616,0.3100000023841858,0.7240000069141388,0.27825987339019775,0.29900000169873236,0.17099999710917474,0.35150000303983686,0.11849999576807024,100,1
eeg_gaze,loso,10,6,0.6100000143051147,0.2499999985098839,0.04123105687056778,0.3600000157952309,0.047619047619047616,0.25999999046325684,0.7260000079870224,0.3786545693874359,0.2295000024139881,0.38050001189112664,0.37450000196695327,0.23550001233816148,100,1
eeg_gaze,loso,10,7,0.41999998688697815,0.2620000019669533,0.037229025539322835,0.15799998492002487,0.047619047619047616,0.3100000023841858,0.7324999988079071,0.386917382478714,0.2649999976158142,0.15499998927116393,0.3235000044107437,0.09649998247623442,100,1
eeg_gaze,loso,10,8,0.4699999988079071,0.26050000116229055,0.05625611450897184,0.20949999764561655,0.047619047619047616,0.27000001072883606,0.7264999985694885,0.10542169958353043,0.2689999990165234,0.20099999979138372,0.3810000017285347,0.0889999970793724,100,1
eeg_gaze,loso,10,9,0.5600000023841858,0.2835000015795231,0.04150602433021722,0.2765000008046627,0.047619047619047616,0.30000001192092896,0.7035000056028367,0.31618621945381165,0.2889999970793724,0.2710000053048134,0.42749999910593034,0.13250000327825545,100,1
eeg_gaze,loso,10,10,0.4300000071525574,0.2614999979734421,0.04452808159783219,0.16850000917911528,0.047619047619047616,0.2199999988079071,0.6974999994039536,0.300907164812088,0.2600000001490116,0.17000000700354578,0.3355000004172325,0.09450000673532488,100,1
eeg_gaze,loso,10,11,0.47999998927116394,0.26050000041723254,0.028892040542948166,0.2194999888539314,0.047619047619047616,0.2800000011920929,0.7030000001192093,0.18384410440921783,0.26250000223517417,0.21749998703598977,0.30750000327825544,0.1724999859929085,100,1
eeg_gaze,loso,10,12,0.46000000834465027,0.2524999976158142,0.03858432332640485,0.20750001072883606,0.047619047619047616,0.23000000417232513,0.7075000047683716,0.14984220266342163,0.2264999993145466,0.23350000903010368,0.3889999970793724,0.07100001126527788,100,1
eeg_gaze,loso,10,13,0.3799999952316284,0.26500000059604645,0.03993745218492067,0.11499999463558197,0.047619047619047616,0.25,0.6430000036954879,0.2867681682109833,0.258500000089407,0.12149999514222143,0.2954999998211861,0.08449999541044234,100,1
eeg_gaze,loso,10,14,0.6899999976158142,0.2544999986886978,0.05616716127633014,0.4354999989271164,0.047619047619047616,0.25,0.7244999945163727,0.35724151134490967,0.25399999916553495,0.43599999845027926,0.47999999672174454,0.21000000089406967,100,1
eeg_gaze,loso,10,15,0.5400000214576721,0.26699999943375585,0.03835361898942307,0.27300002202391627,0.047619047619047616,0.30000001192092896,0.7455000042915344,0.6437212228775024,0.23500000014901162,0.3050000213086605,0.3889999955892563,0.15100002586841582,100,1
eeg_gaze,within,10,0,0.5249999761581421,0.26206250190734864,0.0102737928198548,0.26293747425079345,0.047619047619047616,0.31812500953674316,0.7290312498807907,0.16562321782112122,0.26453124955296514,0.26046872660517695,0.36840624958276746,0.15659372657537463,1600,1
eeg_gaze,within,10,1,0.5406249761581421,0.26556250005960463,0.010145232630266838,0.27506247609853746,0.047619047619047616,0.2737500071525574,0.7150625050067901,0.22607149183750153,0.2679062485694885,0.27271872758865356,0.3835312515497208,0.1570937246084213,1600,1
eeg_gaze,within,10,2,0.5637500286102295,0.2924062475562096,0.00954896002667194,0.2713437810540199,0.047619047619047616,0.40625,0.687468746304512,0.5571529269218445,0.303031250834465,0.26071877777576447,0.4312812492251396,0.13246877938508989,1600,1
eeg_gaze,within,10,3,0.5584905743598938,0.2687421411275864,0.007594453661416949,0.2897484332323074,0.047619047619047616,0.31006288528442383,0.7096540778875351,0.3598826825618744,0.2778930842876434,0.2805974900722504,0.39210692048072815,0.16638365387916565,1590,1
eeg_gaze,within,10,4,0.5756250023841858,0.3196874991059303,0.01165503567571984,0.2559375032782555,0.047619047619047616,0.4506250023841858,0.6613125026226043,0.32615944743156433,0.3225624978542328,0.253062504529953,0.43056250363588333,0.14506249874830246,1600,1
eeg_gaze,loso,15,0,0.4166666567325592,0.27250000536441804,0.052248071787181646,0.14416665136814116,0.047619047619047616,0.25,0.6708333313465118,0.10062277317047119,0.2650000028312206,0.1516666539013386,0.27500000298023225,0.14166665375232695,60,1
eeg_gaze,loso,15,1,0.5438596606254578,0.2464912287890911,0.04914630028833227,0.29736843183636663,0.047619047619047616,0.2982456088066101,0.7289473682641983,0.09066684544086456,0.2578947372734547,0.2859649233520031,0.40087719112634657,0.1429824694991112,57,1
eeg_gaze,loso,15,2,0.6833333373069763,0.288333335518837,0.055302195927265235,0.3950000017881393,0.047619047619047616,0.36666667461395264,0.6950000047683715,0.2241276502609253,0.284166669100523,0.3991666682064533,0.48416666239500045,0.19916667491197587,60,1
eeg_gaze,loso,15,3,0.5833333134651184,0.2858333341777325,0.06308613888800606,0.2974999792873859,0.047619047619047616,0.3166666626930237,0.706666675209999,0.2565958797931671,0.2783333323895931,0.3049999810755253,0.461666664481163,0.1216666489839554,60,1
eeg_gaze,loso,15,4,0.699999988079071,0.251666671782732,0.05449261045880502,0.44833331629633905,0.047619047619047616,0.1666666716337204,0.7408333331346512,0.1993541419506073,0.25500000566244124,0.4449999824166298,0.5124999955296516,0.1874999925494194,60,1
eeg_gaze,loso,15,5,0.6333333253860474,0.2691666692495346,0.04322904181941169,0.3641666561365128,0.047619047619047616,0.38333332538604736,0.7141666650772095,0.13595809042453766,0.2875000014901161,0.34583332389593124,0.4866666629910469,0.14666666239500048,60,1
eeg_gaze,loso,15,6,0.6000000238418579,0.25666666924953463,0.048131761860269545,0.3433333545923233,0.047619047619047616,0.20000000298023224,0.7199999988079071,0.11901691555976868,0.21833333745598793,0.38166668638587,0.38333333283662796,0.21666669100522995,60,1
eeg_gaze,loso,15,7,0.5,0.2750000052154064,0.05974482783932641,0.2249999947845936,0.047619047619047616,0.20000000298023224,0.6625000029802323,0.15217700600624084,0.2691666707396507,0.23083332926034927,0.2575000047683716,0.2424999952316284,60,1
eeg_gaze,loso,15,8,0.6166666746139526,0.22583333626389504,0.04929361970013901,0.3908333383500576,0.047619047619047616,0.23333333432674408,0.7358333379030227,0.09434669464826584,0.2558333374559879,0.36083333715796473,0.40750000178813933,0.2091666728258133,60,1
eeg_gaze,loso,15,9,0.5833333134651184,0.26500000432133675,0.040104031688496605,0.31833330914378166,0.047619047619047616,0.21666666865348816,0.7150000005960464,0.14421479403972626,0.23083333671092987,0.35249997675418854,0.4183333322405815,0.1649999812245369,60,1
eeg_gaze,loso,15,10,0.46666666865348816,0.22000000327825547,0.05016638919710303,0.24666666537523269,0.047619047619047616,0.1666666716337204,0.739166671037674,0.2810661494731903,0.22750000171363355,0.2391666669398546,0.3699999988079071,0.09666666984558103,60,1
eeg_gaze,loso,15,11,0.4833333194255829,0.2425000049173832,0.04264680642904051,0.2408333145081997,0.047619047619047616,0.2666666805744171,0.7058333367109298,0.13723987340927124,0.24000000432133675,0.24333331510424613,0.36166666746139525,0.12166665196418763,60,1
eeg_gaze,loso,15,12,0.4000000059604645,0.2433333370834589,0.062227182085223376,0.1566666688770056,0.047619047619047616,0.28333333134651184,0.690833330154419,0.11515384912490845,0.24000000432133675,0.16000000163912773,0.3383333370089531,0.061666668951511405,60,1
eeg_gaze,loso,15,13,0.5333333611488342,0.2633333392441273,0.050717081517544546,0.27000002190470695,0.047619047619047616,0.20000000298023224,0.6966666609048844,0.14262640476226807,0.26416666954755785,0.2691666916012764,0.355000002682209,0.17833335846662524,60,1
eeg_gaze,loso,15,14,0.6499999761581421,0.2658333368599415,0.06268860420459695,0.3841666392982006,0.047619047619047616,0.13333334028720856,0.7108333349227905,0.08217857778072357,0.2225000038743019,0.4274999722838402,0.539999996125698,0.10999998003244404,60,1
eeg_gaze,loso,15,15,0.550000011920929,0.2766666702926159,0.04326918294526813,0.2733333416283131,0.047619047619047616,0.2666666805744171,0.7091666609048843,0.12237130105495453,0.2550000011920929,0.2950000107288361,0.42249999940395355,0.1275000125169754,60,1
eeg_gaze,within,15,0,0.5770833492279053,0.26119791716337204,0.012782717268448915,0.31588543206453323,0.047619047619047616,0.25312501192092896,0.7301562517881394,0.06173150613903999,0.2652083344757557,0.31187501475214957,0.40578124970197677,0.1713020995259285,960,1
eeg_gaze,within,15,1,0.6031249761581421,0.26171875149011614,0.015255617429236892,0.34140622466802595,0.047619047619047616,0.28333333134651184,0.7241666674613952,0.16679172217845917,0.26338541731238363,0.33973955884575846,0.4301041647791862,0.17302081137895586,960,1
eeg_gaze,within,15,2,0.5854166746139526,0.2817187517881393,0.014147024179828634,0.3036979228258133,0.047619047619047616,0.4802083373069763,0.7264062494039536,0.20689471065998077,0.287239582836628,0.29817709177732465,0.42453124970197675,0.16088542491197588,960,1
eeg_gaze,within,15,3,0.5796645879745483,0.26310272738337515,0.011535161107512333,0.3165618605911732,0.047619047619047616,0.25052410364151,0.7325995862483978,0.18373532593250275,0.269182388484478,0.31048219949007033,0.41781970858573914,0.1618448793888092,954,1
eeg_gaze,within,15,4,0.5531250238418579,0.24359375163912772,0.010009084028852994,0.3095312722027302,0.047619047619047616,0.1927083283662796,0.7262500017881394,0.1535290777683258,0.24203125089406968,0.3110937729477882,0.38442708253860475,0.16869794130325316,960,1
eeg_gaze,loso,20,0,0.4000000059604645,0.21874999888241292,0.06416531335231998,0.18125000707805156,0.047619047619047616,0.2750000059604645,0.7137499958276748,0.06598087400197983,0.27875000014901163,0.12125000581145284,0.31875,0.0812500059604645,40,1
eeg_gaze,loso,20,1,0.6842105388641357,0.26710526570677756,0.06514154560954978,0.4171052731573582,0.047619047619047616,0.31578946113586426,0.7355263084173203,0.08060536533594131,0.2592105261981487,0.425000012665987,0.5197368413209915,0.16447369754314423,38,1
eeg_gaze,loso,20,2,0.800000011920929,0.2687499992549419,0.07109632339378864,0.531250012665987,0.047619047619047616,0.32499998807907104,0.7087499976158143,0.1608319729566574,0.26875000149011613,0.5312500104308129,0.5887500017881393,0.21125001013278966,40,1
eeg_gaze,loso,20,3,0.625,0.27999999895691874,0.05733672349741706,0.34500000104308126,0.047619047619047616,0.30000001192092896,0.7149999976158142,0.12326883524656296,0.26999999769032,0.35500000230968,0.4762500062584877,0.14874999374151232,40,1
eeg_gaze,loso,20,4,0.7250000238418579,0.26875000074505806,0.05694020864294106,0.45625002309679985,0.047619047619047616,0.15000000596046448,0.7300000071525574,0.11480008810758591,0.27125000283122064,0.45375002101063727,0.5537499934434891,0.17125003039836884,40,1
eeg_gaze,loso,20,5,0.6000000238418579,0.2637500002980232,0.07135956576321674,0.3362500235438347,0.047619047619047616,0.20000000298023224,0.7575000017881394,0.0769229605793953,0.28374999985098837,0.31625002399086954,0.4112500011920929,0.18875002264976504,40,1
eeg_gaze,loso,20,6,0.574999988079071,0.2512499995529652,0.05781165405569576,0.32374998852610587,0.047619047619047616,0.25,0.7175000011920929,0.08803427219390869,0.21875,0.35624998807907104,0.4699999958276749,0.10499999225139617,40,1
eeg_gaze,loso,20,7,0.5249999761581421,0.24375000223517418,0.06318376224206489,0.2812499739229679,0.047619047619047616,0.32499998807907104,0.6925000041723252,0.0870211273431778,0.28499999865889547,0.23999997749924662,0.4137499988079071,0.11124997735023501,40,1
eeg_gaze,loso,20,8,0.574999988079071,0.2550000011920929,0.08124038369786074,0.31999998688697817,0.047619047619047616,0.32499998807907104,0.7387500017881393,0.07997167855501175,0.26500000059604645,0.3099999874830246,0.4899999976158142,0.08499999046325685,40,1
eeg_gaze,loso,20,9,0.675000011920929,0.2225000012665987,0.07066646893148396,0.45250001065433026,0.047619047619047616,0.15000000596046448,0.7462500035762787,0.08778316527605057,0.2450000025331974,0.43000000938773153,0.4525000020861626,0.22250000983476637,40,1
eeg_gaze,loso,20,10,0.574999988079071,0.23750000149011613,0.060981555687851186,0.3374999865889549,0.047619047619047616,0.22499999403953552,0.7550000011920929,0.13538596034049988,0.21500000283122062,0.35999998524785043,0.42749999910593034,0.1474999889731407,40,1
eeg_gaze,loso,20,11,0.675000011920929,0.23125000074505805,0.06268722034828893,0.4437500111758709,0.047619047619047616,0.375,0.7612500011920929,0.08062189817428589,0.23000000081956387,0.4450000111013651,0.42749999910593034,0.24750001281499862,40,1
eeg_gaze,loso,20,12,0.42500001192092896,0.25374999865889547,0.05983048980292851,0.17125001326203348,0.047619047619047616,0.20000000298023224,0.7187500029802323,0.06827026605606079,0.26624999940395355,0.1587500125169754,0.37374999970197675,0.0512500122189522,40,1
eeg_gaze,loso,20,13,0.6000000238418579,0.2737499997019768,0.06822527138617465,0.32625002413988113,0.047619047619047616,0.2750000059604645,0.6825000017881393,0.09966999292373657,0.2862499989569187,0.3137500248849392,0.4125,0.18750002384185793,40,1
eeg_gaze,loso,20,14,0.75,0.2599999994039536,0.07044501299211171,0.4900000005960464,0.047619047619047616,0.20000000298023224,0.7187499970197677,0.11822293698787689,0.24375000223517418,0.5062499977648258,0.603749991953373,0.14625000804662702,40,1
eeg_gaze,loso,20,15,0.550000011920929,0.2712499968707561,0.07955933165263072,0.27875001505017283,0.047619047619047616,0.22499999403953552,0.6912499994039536,0.059774525463581085,0.2687499985098839,0.28125001341104505,0.40250000059604646,0.1475000113248825,40,1
eeg_gaze,within,20,0,0.5531250238418579,0.24468749910593032,0.01615809273725444,0.30843752473592756,0.047619047619047616,0.25,0.7243750005960464,0.07758364081382751,0.25031250044703485,0.30281252339482306,0.41679687798023224,0.13632814586162567,640,1
eeg_gaze,within,20,1,0.65625,0.26578125134110453,0.016386895958838337,0.39046874865889547,0.047619047619047616,0.3453125059604645,0.7321093738079071,0.09231476485729218,0.26585937216877936,0.39039062783122064,0.5340625077486039,0.12218749225139613,640,1
eeg_gaze,within,20,2,0.606249988079071,0.26500000059604645,0.01630100378860264,0.3412499874830246,0.047619047619047616,0.3765625059604645,0.7317187458276748,0.12746040523052216,0.2789843752980232,0.3272656127810478,0.46476562321186066,0.1414843648672104,640,1
eeg_gaze,within,20,3,0.5896226167678833,0.26179245188832284,0.014795754058534723,0.32783016487956046,0.047619047619047616,0.27987420558929443,0.7333333283662796,0.17421366274356842,0.27028301954269407,0.31933959722518923,0.45361635088920593,0.13600626587867737,636,1
eeg_gaze,within,20,4,0.581250011920929,0.25148437544703484,0.012178231999090072,0.3297656364738941,0.047619047619047616,0.1953125,0.7328124970197678,0.12197624146938324,0.2610156275331974,0.32023438438773155,0.4478906273841858,0.13335938453674318,640,1
eeg_gaze,loso,30,0,0.25,0.217500002682209,0.0637867536086061,0.03249999731779099,0.5238095238095238,0.30000001192092896,0.7574999988079071,0.04199766740202904,0.2700000021606684,-0.020000002160668384,0.25,0.0,20,1
eeg_gaze,loso,30,1,0.8421052694320679,0.25526315458118914,0.10024208878921473,0.5868421148508787,0.047619047619047616,0.31578946113586426,0.7236842066049576,0.08761125057935715,0.2447368424385786,0.5973684269934892,0.8421052694320679,0.0,19,1
eeg_gaze,loso,30,2,0.8500000238418579,0.2625000037252903,0.09337424481056539,0.5875000201165677,0.047619047619047616,0.25,0.7475000023841858,0.08191175013780594,0.2400000048801303,0.6100000189617276,0.8500000238418579,0.0,20,1
eeg_gaze,loso,30,3,0.75,0.2650000013411045,0.08817595607426103,0.4849999986588955,0.047619047619047616,0.25,0.682499997317791,0.06505148112773895,0.22750000208616256,0.5224999979138374,0.75,0.0,20,1
eeg_gaze,loso,30,4,0.699999988079071,0.2975000023841858,0.092837221757763,0.40249998569488527,0.047619047619047616,0.25,0.7400000035762787,0.0823490247130394,0.26250000260770323,0.4374999854713678,0.699999988079071,0.0,20,1
eeg_gaze,loso,30,5,0.5,0.29250000324100256,0.10034316149987973,0.20749999675899744,0.09523809523809523,0.3499999940395355,0.7200000017881394,0.03930029645562172,0.29500000216066835,0.20499999783933165,0.5,0.0,20,1
eeg_gaze,loso,30,6,0.699999988079071,0.27750000506639483,0.09010410689295018,0.4224999830126762,0.047619047619047616,0.25,0.6575000047683716,0.024774350225925446,0.26250000279396773,0.4374999852851033,0.699999988079071,0.0,20,1
eeg_gaze,loso,30,7,0.5,0.28500000163912775,0.08231038574893838,0.21499999836087225,0.09523809523809523,0.30000001192092896,0.6300000041723252,0.07317286729812622,0.2775000028312206,0.22249999716877938,0.5,0.0,20,1
eeg_gaze,loso,30,8,0.6499999761581421,0.29500000141561034,0.09069178384246435,0.35499997474253175,0.047619047619047616,0.30000001192092896,0.7425000041723251,0.035357214510440826,0.25750000346451996,0.39249997269362213,0.6499999761581421,0.0,20,1
eeg_gaze,loso,30,9,0.699999988079071,0.3025000043213367,0.10662434241591312,0.3974999837577343,0.047619047619047616,0.20000000298023224,0.7000000029802322,0.08507314324378967,0.32250000163912773,0.3774999864399433,0.699999988079071,0.0,20,1
eeg_gaze,loso,30,10,0.30000001192092896,0.28000000342726705,0.08860022247057286,0.020000008493661903,0.5714285714285714,0.3499999940395355,0.7124999940395356,0.1065976470708847,0.1975000023841858,0.10250000953674315,0.30000001192092896,0.0,20,1
eeg_gaze,loso,30,11,0.6499999761581421,0.2575000002980232,0.12070107428033941,0.39249997586011887,0.047619047619047616,0.3499999940395355,0.675,0.06694739311933517,0.2975000001490116,0.35249997600913047,0.6499999761581421,0.0,20,1
eeg_gaze,loso,30,12,0.6000000238418579,0.24000000227242707,0.09165151268379404,0.36000002156943084,0.047619047619047616,0.15000000596046448,0.7249999970197678,0.053242240101099014,0.20250000208616256,0.3975000217556953,0.6000000238418579,0.0,20,1
eeg_gaze,loso,30,13,0.6000000238418579,0.24000000394880772,0.07842193549777685,0.3600000198930502,0.047619047619047616,0.15000000596046448,0.6649999976158142,0.060026317834854126,0.27000000402331353,0.3300000198185444,0.6000000238418579,0.0,20,1
eeg_gaze,loso,30,14,0.699999988079071,0.2675000011920929,0.1296871213505286,0.43249998688697816,0.047619047619047616,0.25,0.7300000011920929,0.054619718343019485,0.24500000290572643,0.4549999851733446,0.699999988079071,0.0,20,1
eeg_gaze,loso,30,15,0.699999988079071,0.27500000186264517,0.08874119408081108,0.4249999862164259,0.047619047619047616,0.4000000059604645,0.7049999982118607,0.05958186835050583,0.2675000041723251,0.43249998390674593,0.699999988079071,0.0,20,1
eeg_gaze,within,30,0,0.596875011920929,0.25781250074505807,0.017244226426420324,0.3390625111758709,0.047619047619047616,0.25312501192092896,0.7314062565565109,0.03839321434497833,0.26156249791383746,0.3353125140070915,0.596875011920929,0.0,320,1
eeg_gaze,within,30,1,0.643750011920929,0.26156250163912775,0.022319151675846423,0.3821875102818012,0.047619047619047616,0.328125,0.7307812511920929,0.058132294565439224,0.26093749776482583,0.3828125141561031,0.643750011920929,0.0,320,1
eeg_gaze,within,30,2,0.715624988079071,0.28906250223517416,0.02217429227376122,0.4265624858438969,0.047619047619047616,0.28125,0.7270312517881393,0.06306245177984238,0.2728125013411045,0.4428124867379665,0.715624988079071,0.0,320,1
eeg_gaze,within,30,3,0.6603773832321167,0.26132075637578966,0.032206232095684524,0.39905662685632703,0.047619047619047616,0.29559749364852905,0.7347484320402146,0.05405304208397865,0.26933962404727935,0.39103775918483735,0.6603773832321167,0.0,318,1
eeg_gaze,within,30,4,0.640625,0.25375000163912775,0.019049688190549436,0.38687499836087225,0.047619047619047616,0.15000000596046448,0.7351562529802322,0.04709191247820854,0.2528125010430813,0.3878124989569187,0.640625,0.0,320,1
eeg_gaze_imu,loso,5,0,0.34090909361839294,0.2615909054875374,0.02528657795258792,0.07931818813085556,0.047619047619047616,0.26363635063171387,0.6888636350631714,0.6576236486434937,0.2640909068286419,0.07681818678975105,0.2843181826174259,0.056590911000967026,220,1
eeg_gaze_imu,loso,5,1,0.5789473652839661,0.31722488105297086,0.02129590229820427,0.2617224842309952,0.047619047619047616,0.2535885274410248,0.6789473623037339,0.6242933869361877,0.3145933046936989,0.26435406059026717,0.5066985577344895,0.0722488075494766,209,1
eeg_gaze_imu,loso,5,2,0.6590909361839294,0.32727272659540174,0.023221894895335916,0.3318182095885277,0.047619047619047616,0.37272727489471436,0.64454545378685,0.5813614130020142,0.34840908646583557,0.31068184971809387,0.5204545453190803,0.13863639086484913,220,1
eeg_gaze_imu,loso,5,3,0.5590909123420715,0.2963636353611946,0.02266354788311803,0.26272727698087694,0.047619047619047616,0.4272727370262146,0.6290909111499786,0.4761131703853607,0.2938636340200901,0.26522727832198145,0.49386363476514816,0.06522727757692337,220,1
eeg_gaze_imu,loso,5,4,0.6818181872367859,0.3165909081697464,0.028829612455617225,0.3652272790670395,0.047619047619047616,0.3590908944606781,0.6568181782960891,0.6360633969306946,0.32659090757369996,0.3552272796630859,0.596363639831543,0.08545454740524294,220,1
eeg_gaze_imu,loso,5,5,0.5363636612892151,0.3200000002980232,0.028869901838421988,0.21636366099119186,0.047619047619047616,0.33181819319725037,0.5997727334499359,0.581047773361206,0.3306818172335625,0.2056818440556526,0.4479545459151268,0.0884091153740883,220,1
eeg_gaze_imu,loso,5,6,0.5727272629737854,0.31204545497894287,0.030737325508656436,0.26068180799484253,0.047619047619047616,0.26818183064460754,0.6565909117460251,0.5619943141937256,0.30954545736312866,0.26318180561065674,0.5079545423388481,0.06477272063493733,220,1
eeg_gaze_imu,loso,5,7,0.3909091055393219,0.31636363416910174,0.02943686462027745,0.07454547137022016,0.047619047619047616,0.3181818127632141,0.6320454597473144,0.6579920649528503,0.32159091234207154,0.06931819319725036,0.28386363610625265,0.10704546943306925,220,1
eeg_gaze_imu,loso,5,8,0.4545454680919647,0.32272727191448214,0.02928204308644697,0.13181819617748258,0.047619047619047616,0.3181818127632141,0.5886363625526428,0.5627075433731079,0.32795454412698744,0.1265909239649773,0.39795454442501066,0.05659092366695406,220,1
eeg_gaze_imu,loso,5,9,0.5681818127632141,0.325454543530941,0.024663016790239075,0.2427272692322731,0.047619047619047616,0.3227272629737854,0.6222727268934249,0.6946481466293335,0.31568181663751604,0.25249999612569807,0.5070454522967338,0.0611363604664803,220,1
eeg_gaze_imu,loso,5,10,0.3954545557498932,0.2729545459151268,0.024201079188624065,0.12250000983476639,0.047619047619047616,0.2863636314868927,0.7140909105539321,0.5453789234161377,0.2699999950826168,0.1254545606672764,0.3256818175315857,0.06977273821830748,220,1
eeg_gaze_imu,loso,5,11,0.40454545617103577,0.2979545444250107,0.01983792430233327,0.10659091174602509,0.047619047619047616,0.27272728085517883,0.6422727227210998,0.5678563117980957,0.3143181800842285,0.09022727608680725,0.33545454889535903,0.06909090727567674,220,1
eeg_gaze_imu,loso,5,12,0.5045454502105713,0.2709090940654278,0.026206429896132002,0.2336363561451435,0.047619047619047616,0.30000001192092896,0.6488636374473572,0.5732291340827942,0.27590908855199814,0.22863636165857315,0.40386363714933393,0.10068181306123736,220,1
eeg_gaze_imu,loso,5,13,0.3590908944606781,0.2884090945124626,0.02247473380930627,0.0706817999482155,0.047619047619047616,0.290909081697464,0.5475000023841858,0.5963890552520752,0.287954543530941,0.07113635092973708,0.30068181455135345,0.058409079909324646,220,1
eeg_gaze_imu,loso,5,14,0.6545454263687134,0.30863636285066604,0.029837715637248036,0.34590906351804734,0.047619047619047616,0.36818182468414307,0.6352272748947143,0.8568301796913147,0.30795454531908034,0.34659088104963304,0.5606818228960038,0.09386360347270961,220,1
eeg_gaze_imu,loso,5,15,0.5363636612892151,0.28454545587301255,0.018873217378109552,0.25181820541620253,0.047619047619047616,0.2545454502105713,0.6934090942144394,0.6364810466766357,0.2836363658308983,0.2527272954583168,0.44431818276643753,0.09204547852277756,220,1
eeg_gaze_imu,within,5,0,0.5150567889213562,0.27177557200193403,0.00648466749398873,0.24328121691942217,0.047619047619047616,0.2590909004211426,0.6863210260868072,0.49995169043540955,0.27487215846776963,0.24018463045358657,0.43634943217039107,0.07870735675096513,3520,1
eeg_gaze_imu,within,5,1,0.5434659123420715,0.32204545140266416,0.0062573563699643165,0.22142046093940737,0.047619047619047616,0.3295454680919647,0.6107244193553925,0.7210677266120911,0.3246164798736572,0.21884943246841432,0.4736505687236786,0.06981534361839292,3520,1
eeg_gaze_imu,within,5,2,0.5556818246841431,0.33005681484937666,0.006182228359919908,0.2256250098347664,0.047619047619047616,0.40397727489471436,0.6148011356592178,0.6243472695350647,0.3320738643407822,0.2236079603433609,0.48599431812763216,0.0696875065565109,3520,1
eeg_gaze_imu,within,5,3,0.48913663625717163,0.2967838764190674,0.00845409168270824,0.19235275983810424,0.047619047619047616,0.2661520838737488,0.5896369338035583,0.6460248827934265,0.2960405945777893,0.19309604167938232,0.40644653886556625,0.08269009739160538,3498,1
eeg_gaze_imu,within,5,4,0.5076704621315002,0.2755539759993553,0.004005050246718318,0.23211648613214492,0.047619047619047616,0.25,0.7118323892354965,0.7630957365036011,0.27828125208616256,0.2293892100453377,0.42076704651117325,0.086903415620327,3520,1
eeg_gaze_imu,loso,10,0,0.3700000047683716,0.2410000003874302,0.05243090822699848,0.1290000043809414,0.047619047619047616,0.23999999463558197,0.7065000057220459,0.24428193271160126,0.23899999931454657,0.131000005453825,0.26599999740719793,0.10400000736117365,100,1
eeg_gaze_imu,loso,10,1,0.7052631378173828,0.31210526302456854,0.03842826387244604,0.3931578747928143,0.047619047619047616,0.410526305437088,0.6910526305437088,0.46027183532714844,0.3121052645146847,0.39315787330269814,0.56263158172369,0.14263155609369282,95,1
eeg_gaze_imu,loso,10,2,0.7099999785423279,0.3120000034570694,0.03828837701588334,0.3979999750852585,0.047619047619047616,0.46000000834465027,0.6825000047683716,0.2826527953147888,0.3395000025629997,0.37049997597932816,0.4434999987483025,0.2664999797940254,100,1
eeg_gaze_imu,loso,10,3,0.5600000023841858,0.24449999928474425,0.027290108172250877,0.31550000309944154,0.047619047619047616,0.27000001072883606,0.7199999988079071,0.21852701902389526,0.2475000023841858,0.3125,0.4530000016093254,0.10700000077486038,100,1
eeg_gaze_imu,loso,10,4,0.6700000166893005,0.3110000044107437,0.051855568708478385,0.3590000122785568,0.047619047619047616,0.3400000035762787,0.6725000083446503,0.39250776171684265,0.31650000289082525,0.3535000137984753,0.5104999914765358,0.15950002521276474,100,1
eeg_gaze_imu,loso,10,5,0.5199999809265137,0.2780000001192093,0.0600499796346433,0.2419999808073044,0.047619047619047616,0.25,0.7065000057220459,0.4671996235847473,0.26050000116229055,0.2594999797642231,0.4109999999403954,0.1089999809861183,100,1
eeg_gaze_imu,loso,10,6,0.5699999928474426,0.2545000001788139,0.04341370837973535,0.3154999926686287,0.047619047619047616,0.25999999046325684,0.7284999966621399,0.21030078828334808,0.23249999731779097,0.33749999552965165,0.3734999969601631,0.1964999958872795,100,1
eeg_gaze_imu,loso,10,7,0.41999998688697815,0.2610000029206276,0.052905580057858864,0.15899998396635057,0.047619047619047616,0.25999999046325684,0.7260000079870224,0.23877091705799103,0.2810000002384186,0.13899998664855956,0.26299999877810476,0.1569999881088734,100,1
eeg_gaze_imu,loso,10,8,0.49000000953674316,0.26450000181794164,0.043182752887643595,0.22550000771880152,0.047619047619047616,0.23000000417232513,0.6880000025033951,0.2292284220457077,0.2714999996125698,0.21850000992417334,0.3455000028014183,0.14450000673532487,100,1
eeg_gaze_imu,loso,10,9,0.6100000143051147,0.3695000022649765,0.04924174686085335,0.24050001204013827,0.047619047619047616,0.41999998688697815,0.5625000029802323,0.4827069640159607,0.3659999966621399,0.24400001764297485,0.5024999931454659,0.10750002115964885,100,1
eeg_gaze_imu,loso,10,10,0.46000000834465027,0.26549999937415125,0.033387871795646284,0.19450000897049902,0.047619047619047616,0.25,0.7345000088214875,0.33046719431877136,0.26150000020861625,0.19850000813603402,0.33650000393390656,0.12350000441074371,100,1
eeg_gaze_imu,loso,10,11,0.4300000071525574,0.2684999994933605,0.03691544735727874,0.16150000765919686,0.047619047619047616,0.30000001192092896,0.6960000038146973,0.42463353276252747,0.24900000020861626,0.1810000069439411,0.3370000034570694,0.093000003695488,100,1
eeg_gaze_imu,loso,10,12,0.4399999976158142,0.2609999991953373,0.041940434581312615,0.17899999842047692,0.047619047619047616,0.30000001192092896,0.684500002861023,0.2333422154188156,0.24099999964237212,0.1989999979734421,0.4344999983906746,0.005499999225139607,100,1
eeg_gaze_imu,loso,10,13,0.4099999964237213,0.26450000107288363,0.04128861987292704,0.14549999535083769,0.047619047619047616,0.23000000417232513,0.6549999952316284,0.17384745180606842,0.26000000089406966,0.14999999552965165,0.3155000016093254,0.09449999481439592,100,1
eeg_gaze_imu,loso,10,14,0.7400000095367432,0.26350000202655793,0.0514076869647817,0.47650000751018523,0.047619047619047616,0.25999999046325684,0.7340000003576279,0.2909066081047058,0.25499999821186065,0.4850000113248825,0.4924999952316284,0.24750001430511476,100,1
eeg_gaze_imu,loso,10,15,0.6600000262260437,0.29800000563263895,0.033105892180039724,0.36200002059340475,0.047619047619047616,0.33000001311302185,0.709500002861023,0.6384779214859009,0.31600000336766243,0.34400002285838127,0.5164999976754189,0.14350002855062483,100,1
eeg_gaze_imu,within,10,0,0.5256249904632568,0.2542812503874302,0.01229086737609475,0.2713437400758266,0.047619047619047616,0.25999999046325684,0.7275937497615814,0.23873569071292877,0.2595000028610229,0.2661249876022339,0.3955312490463257,0.13009374141693114,1600,1
eeg_gaze_imu,within,10,1,0.565625011920929,0.2740937530994415,0.011528623536392623,0.29153125882148745,0.047619047619047616,0.2693749964237213,0.7181250005960464,0.49632528424263,0.27990624606609343,0.2857187658548355,0.4308125048875809,0.13481250703334807,1600,1
eeg_gaze_imu,within,10,2,0.5631250143051147,0.2623437479138374,0.011946946562973803,0.30078126639127734,0.047619047619047616,0.30937498807907104,0.72559375166893,0.25008270144462585,0.2748437479138374,0.2882812663912773,0.4043749958276749,0.15875001847743986,1600,1
eeg_gaze_imu,within,10,3,0.5427672863006592,0.24971698075532914,0.009516360747898595,0.29305030554533007,0.047619047619047616,0.25660377740859985,0.7222327083349228,0.28076377511024475,0.2592452824115753,0.2835220038890839,0.39839622676372527,0.1443710595369339,1590,1
eeg_gaze_imu,within,10,4,0.5493749976158142,0.2626874975860119,0.009894165519684814,0.2866875000298023,0.047619047619047616,0.25,0.70703125,0.538840115070343,0.2702500030398369,0.27912499457597734,0.400374998152256,0.14899999946355819,1600,1
eeg_gaze_imu,loso,15,0,0.36666667461395264,0.25166666954755784,0.047696960247881726,0.1150000050663948,0.047619047619047616,0.2666666805744171,0.7050000011920929,0.14626502990722656,0.22833333760499955,0.1383333370089531,0.2941666699945927,0.07250000461935996,60,1
eeg_gaze_imu,loso,15,1,0.6315789222717285,0.32192982360720634,0.07510636745751915,0.30964909866452217,0.047619047619047616,0.42105263471603394,0.6614035099744797,0.21106433868408203,0.32982456013560296,0.30175436213612555,0.5631578996777534,0.06842102259397509,57,1
eeg_gaze_imu,loso,15,2,0.6333333253860474,0.29166666939854624,0.060438210021261346,0.3416666559875011,0.047619047619047616,0.1666666716337204,0.6958333253860474,0.0993209183216095,0.28250000402331354,0.3508333213627338,0.46166666597127914,0.17166665941476822,60,1
eeg_gaze_imu,loso,15,3,0.7333333492279053,0.2883333392441273,0.05965176818898422,0.445000009983778,0.047619047619047616,0.30000001192092896,0.7008333265781402,0.16953854262828827,0.2666666679084301,0.4666666813194752,0.551666671037674,0.1816666781902313,60,1
eeg_gaze_imu,loso,15,4,0.550000011920929,0.29666666984558104,0.05642103677664206,0.2533333420753479,0.047619047619047616,0.28333333134651184,0.7025000005960464,0.18197475373744965,0.28083333671092986,0.2691666752099991,0.45083333253860475,0.09916667938232421,60,1
eeg_gaze_imu,loso,15,5,0.6166666746139526,0.28333333805203437,0.05109903250259194,0.33333333656191827,0.047619047619047616,0.3166666626930237,0.7125,0.13555583357810974,0.28416667357087133,0.3325000010430813,0.4675000011920929,0.14916667342185974,60,1
eeg_gaze_imu,loso,15,6,0.6166666746139526,0.25833333730697633,0.05177408000326829,0.3583333373069763,0.047619047619047616,0.30000001192092896,0.7083333343267441,0.11303835362195969,0.23666666969656944,0.38000000491738317,0.42416666746139525,0.19250000715255738,60,1
eeg_gaze_imu,loso,15,7,0.4000000059604645,0.275833335518837,0.049293621299777726,0.12416667044162749,0.09523809523809523,0.28333333134651184,0.7191666603088379,0.14770212769508362,0.2700000047683716,0.13000000119209287,0.2758333370089531,0.1241666689515114,60,1
eeg_gaze_imu,loso,15,8,0.5666666626930237,0.2525000058114529,0.04895434413799133,0.3141666568815708,0.047619047619047616,0.23333333432674408,0.7183333307504653,0.15664058923721313,0.268333338201046,0.2983333244919777,0.39499999582767487,0.17166666686534882,60,1
eeg_gaze_imu,loso,15,9,0.6499999761581421,0.26583333760499955,0.053352858840728455,0.38416663855314254,0.047619047619047616,0.28333333134651184,0.7200000047683716,0.22624589502811432,0.2625000052154064,0.3874999709427357,0.4966666609048843,0.15333331525325777,60,1
eeg_gaze_imu,loso,15,10,0.5166666507720947,0.24750000461935998,0.05609392009896477,0.2691666461527348,0.047619047619047616,0.25,0.7224999994039536,0.12195007503032684,0.24583333730697632,0.2708333134651184,0.3724999979138374,0.1441666528582573,60,1
eeg_gaze_imu,loso,15,11,0.5333333611488342,0.24833333641290664,0.04769695993546851,0.28500002473592756,0.047619047619047616,0.18333333730697632,0.7283333301544189,0.1272066831588745,0.22250000461935998,0.31083335652947425,0.3766666650772095,0.15666669607162476,60,1
eeg_gaze_imu,loso,15,12,0.4166666567325592,0.2541666716337204,0.05574620163301191,0.16249998509883878,0.047619047619047616,0.2666666805744171,0.7166666567325592,0.09684620052576065,0.21750000342726708,0.19916665330529212,0.3716666653752327,0.04499999135732652,60,1
eeg_gaze_imu,loso,15,13,0.6499999761581421,0.2566666703671217,0.0654896089602731,0.3933333057910204,0.047619047619047616,0.21666666865348816,0.6916666597127914,0.18710996210575104,0.2750000059604645,0.3749999701976776,0.44416666477918626,0.20583331137895583,60,1
eeg_gaze_imu,loso,15,14,0.5666666626930237,0.25333333760499954,0.058831209532765265,0.31333332508802414,0.047619047619047616,0.28333333134651184,0.7333333283662796,0.12002196162939072,0.24083333499729634,0.32583332769572737,0.504166665673256,0.06249999701976772,60,1
eeg_gaze_imu,loso,15,15,0.7166666388511658,0.2608333401381969,0.05062800138100023,0.45583329871296885,0.047619047619047616,0.21666666865348816,0.727499994635582,0.2305179089307785,0.25916666984558107,0.4574999690055847,0.5341666668653489,0.1824999719858169,60,1
eeg_gaze_imu,within,15,0,0.5802083611488342,0.260677083581686,0.01176610770718526,0.3195312775671482,0.047619047619047616,0.30000001192092896,0.7270833343267441,0.14336782693862915,0.2635937467217445,0.3166146144270897,0.4205208316445351,0.15968752950429915,960,1
eeg_gaze_imu,within,15,1,0.6395833492279053,0.27260416746139526,0.018322968369542232,0.36697918176651,0.047619047619047616,0.21979166567325592,0.7217708349227905,0.18610799312591553,0.28125,0.3583333492279053,0.4885416701436043,0.151041679084301,960,1
eeg_gaze_imu,within,15,2,0.596875011920929,0.26296875104308126,0.01185156288860904,0.3339062608778477,0.047619047619047616,0.31562501192092896,0.7313020884990692,0.16447919607162476,0.27687500044703484,0.3200000114738941,0.4485416665673256,0.14833334535360337,960,1
eeg_gaze_imu,within,15,3,0.5890985131263733,0.25754716992378235,0.013530134191837195,0.33155134320259094,0.047619047619047616,0.2641509473323822,0.7363207519054413,0.10019483417272568,0.2699685536324978,0.3191299594938755,0.42175052165985105,0.16734799146652224,954,1
eeg_gaze_imu,within,15,4,0.574999988079071,0.2614583320915699,0.01153384147605397,0.31354165598750117,0.047619047619047616,0.28333333134651184,0.7245312482118607,0.20306451618671417,0.2598958358168602,0.31510415226221083,0.4216145843267441,0.15338540375232695,960,1
eeg_gaze_imu,loso,20,0,0.44999998807907104,0.26375000178813934,0.06347981982750121,0.1862499862909317,0.047619047619047616,0.25,0.7312499970197678,0.07099747657775879,0.26875000074505806,0.18124998733401299,0.3925000011920929,0.05749998688697816,40,1
eeg_gaze_imu,loso,20,1,0.6315789222717285,0.3144736856222153,0.0641776216983624,0.31710523664951323,0.047619047619047616,0.28947368264198303,0.6960526272654534,0.12016281485557556,0.23684210628271102,0.3947368159890175,0.5513157904148102,0.08026313185691836,38,1
eeg_gaze_imu,loso,20,2,0.699999988079071,0.2775000035762787,0.05055937292663876,0.42249998450279236,0.047619047619047616,0.3499999940395355,0.6762500017881393,0.13995462656021118,0.2862499974668026,0.41374999061226847,0.5312499985098839,0.1687499895691872,40,1
eeg_gaze_imu,loso,20,3,0.625,0.2700000010430813,0.057336723432444975,0.3549999989569187,0.047619047619047616,0.22499999403953552,0.7062500029802322,0.1179661899805069,0.2650000020861626,0.3599999979138374,0.5750000029802322,0.04999999701976776,40,1
eeg_gaze_imu,loso,20,4,0.6499999761581421,0.2574999988079071,0.04337337819359972,0.392499977350235,0.047619047619047616,0.30000001192092896,0.758749994635582,0.12854890525341034,0.2762499988079071,0.37374997735023496,0.49249999821186063,0.15749997794628146,40,1
eeg_gaze_imu,loso,20,5,0.5,0.23875000048428774,0.08421512646667279,0.26124999951571226,0.047619047619047616,0.4000000059604645,0.6925000011920929,0.0783374235033989,0.25624999925494196,0.24375000074505804,0.35875000059604645,0.14124999940395355,40,1
eeg_gaze_imu,loso,20,6,0.625,0.24375000037252903,0.0670237811816547,0.38124999962747097,0.047619047619047616,0.30000001192092896,0.7274999976158142,0.05565042421221733,0.20124999955296516,0.4237500004470348,0.5124999955296516,0.11250000447034836,40,1
eeg_gaze_imu,loso,20,7,0.6000000238418579,0.261250001937151,0.05560744206377718,0.33875002190470693,0.047619047619047616,0.25,0.728750005364418,0.06893586367368698,0.2612499974668026,0.3387500263750553,0.41624999791383743,0.18375002592802048,40,1
eeg_gaze_imu,loso,20,8,0.6499999761581421,0.2512500021606684,0.07684196673840561,0.3987499739974737,0.047619047619047616,0.25,0.7249999970197678,0.09008810669183731,0.2762500010430813,0.3737499751150608,0.5162499979138374,0.13374997824430468,40,1
eeg_gaze_imu,loso,20,9,0.699999988079071,0.2575000010430813,0.03960744944336925,0.44249998703598975,0.047619047619047616,0.30000001192092896,0.6924999952316284,0.12175358831882477,0.27375000193715093,0.4262499861419201,0.5412499964237213,0.15874999165534975,40,1
eeg_gaze_imu,loso,20,10,0.4749999940395355,0.2562500011175871,0.06268722060828075,0.2187499929219484,0.047619047619047616,0.22499999403953552,0.7412500023841858,0.0756862536072731,0.22000000178813933,0.2549999922513962,0.36875,0.1062499940395355,40,1
eeg_gaze_imu,loso,20,11,0.6499999761581421,0.2525000013411045,0.07411983595975825,0.3974999748170376,0.047619047619047616,0.25,0.7425000011920929,0.08596626669168472,0.23374999985098838,0.4162499763071537,0.3900000013411045,0.25999997481703757,40,1
eeg_gaze_imu,loso,20,12,0.30000001192092896,0.22750000208616256,0.05414101974816817,0.0725000098347664,0.19047619047619047,0.22499999403953552,0.7325000017881393,0.07124660909175873,0.20750000290572643,0.09250000901520253,0.3137499988079071,-0.01374998688697815,40,1
eeg_gaze_imu,loso,20,13,0.625,0.2625000007450581,0.055056790318611305,0.3624999992549419,0.047619047619047616,0.2750000059604645,0.7062500029802322,0.06982871890068054,0.29625000432133675,0.32874999567866325,0.4737499952316284,0.15125000476837158,40,1
eeg_gaze_imu,loso,20,14,0.7250000238418579,0.26500000096857546,0.08154753197333914,0.46000002287328245,0.047619047619047616,0.2750000059604645,0.7249999970197678,0.06568459421396255,0.24500000141561032,0.4800000224262476,0.5624999970197677,0.1625000268220902,40,1
eeg_gaze_imu,loso,20,15,0.6499999761581421,0.2675000011920929,0.0779021821300824,0.3824999749660492,0.047619047619047616,0.32499998807907104,0.7299999982118607,0.09103990346193314,0.261250001937151,0.3887499742209911,0.43875000178813933,0.21124997437000276,40,1
eeg_gaze_imu,within,20,0,0.604687511920929,0.2521093741059303,0.013398154472263784,0.35257813781499864,0.047619047619047616,0.203125,0.7365624964237213,0.14584772288799286,0.2584375008940697,0.34625001102685926,0.48531250208616256,0.1193750098347664,640,1
eeg_gaze_imu,within,20,1,0.6484375,0.26421875059604644,0.01305318856665797,0.38421874940395356,0.047619047619047616,0.22499999403953552,0.7298437565565109,0.09395746141672134,0.2721093788743019,0.3763281211256981,0.5208593800663948,0.12757811993360524,640,1
eeg_gaze_imu,within,20,2,0.6031249761581421,0.2680468760430813,0.015945730047090698,0.3350781001150608,0.047619047619047616,0.25312501192092896,0.7360937476158143,0.07095862925052643,0.27257812544703486,0.33054685071110723,0.45906250178813934,0.14406247437000275,640,1
eeg_gaze_imu,within,20,3,0.6194968819618225,0.26643081605434416,0.012504449455182115,0.35306606590747835,0.047619047619047616,0.2987421452999115,0.7321540832519531,0.06363944709300995,0.2743710674345493,0.3451258145272732,0.492059750854969,0.1274371311068535,636,1
eeg_gaze_imu,within,20,4,0.590624988079071,0.24562499895691872,0.014910214006399795,0.34499998912215235,0.047619047619047616,0.20000000298023224,0.7268749952316285,0.15085119009017944,0.26046874895691874,0.3301562391221523,0.4616406217217445,0.12898436635732652,640,1
eeg_gaze_imu,loso,30,0,0.5,0.2125000037252903,0.10108783333531693,0.2874999962747097,0.047619047619047616,0.10000000149011612,0.6624999940395355,0.053578317165374756,0.28500000312924384,0.21499999687075616,0.5,0.0,20,1
eeg_gaze_imu,loso,30,1,0.6315789222717285,0.23947368040680886,0.0823394082518181,0.3921052418649197,0.047619047619047616,0.10526315867900848,0.7368421077728271,0.06444230675697327,0.25526315458118914,0.37631576769053937,0.6315789222717285,0.0,19,1
eeg_gaze_imu,loso,30,2,0.949999988079071,0.30749999955296514,0.10520812341186007,0.6424999885261059,0.047619047619047616,0.15000000596046448,0.6925000041723252,0.03634485974907875,0.2625000037252903,0.6874999843537808,0.949999988079071,0.0,20,1
eeg_gaze_imu,loso,30,3,0.44999998807907104,0.26750000230967996,0.10520812395184385,0.18249998576939108,0.14285714285714285,0.4000000059604645,0.7375000029802322,0.0500343032181263,0.2425000024959445,0.20749998558312654,0.44999998807907104,0.0,20,1
eeg_gaze_imu,loso,30,4,0.699999988079071,0.31500000432133674,0.1225765087453902,0.3849999837577343,0.047619047619047616,0.4000000059604645,0.7300000011920929,0.05959988757967949,0.3025000024586916,0.39749998562037947,0.699999988079071,0.0,20,1
eeg_gaze_imu,loso,30,5,0.4000000059604645,0.22250000089406968,0.09148086949154849,0.1775000050663948,0.09523809523809523,0.3499999940395355,0.7449999958276748,0.07415077090263367,0.2425000024959445,0.15750000346451998,0.4000000059604645,0.0,20,1
eeg_gaze_imu,loso,30,6,0.699999988079071,0.21000000331550836,0.0916515149396609,0.48999998476356266,0.047619047619047616,0.30000001192092896,0.7325000017881393,0.08337392657995224,0.210000004991889,0.48999998308718207,0.699999988079071,0.0,20,1
eeg_gaze_imu,loso,30,7,0.75,0.2950000032782555,0.10111874150606784,0.4549999967217445,0.047619047619047616,0.4000000059604645,0.7125000059604645,0.0514138787984848,0.32250000163912773,0.42749999836087227,0.75,0.0,20,1
eeg_gaze_imu,loso,30,8,0.6499999761581421,0.2300000051036477,0.10770329771300584,0.4199999710544944,0.047619047619047616,0.20000000298023224,0.7425000011920929,0.053429584950208664,0.2549999998882413,0.3949999762699008,0.6499999761581421,0.0,20,1
eeg_gaze_imu,loso,30,9,0.75,0.22500000298023223,0.09552486524874419,0.5249999970197677,0.047619047619047616,0.25,0.7800000041723252,0.06173434108495712,0.22750000171363355,0.5224999982863665,0.75,0.0,20,1
eeg_gaze_imu,loso,30,10,0.44999998807907104,0.2750000014901161,0.08587781680302985,0.17499998658895494,0.09523809523809523,0.25,0.6950000017881394,0.05678779259324074,0.2350000014528632,0.21499998662620784,0.44999998807907104,0.0,20,1
eeg_gaze_imu,loso,30,11,0.6499999761581421,0.22750000320374966,0.06977642859667266,0.42249997295439246,0.047619047619047616,0.25,0.7399999976158143,0.05132390186190605,0.2350000025704503,0.4149999735876918,0.6499999761581421,0.0,20,1
eeg_gaze_imu,loso,30,12,0.550000011920929,0.22500000298023223,0.07331439068007546,0.3250000089406967,0.047619047619047616,0.20000000298023224,0.7875000029802323,0.047290392220020294,0.2125000037252903,0.33750000819563863,0.550000011920929,0.0,20,1
eeg_gaze_imu,loso,30,13,0.699999988079071,0.2950000025331974,0.07053367817653577,0.40499998554587363,0.047619047619047616,0.30000001192092896,0.6425000071525574,0.06190141290426254,0.2975000016391277,0.40249998643994334,0.699999988079071,0.0,20,1
eeg_gaze_imu,loso,30,14,0.800000011920929,0.2650000013411045,0.10380269489771729,0.5350000105798245,0.047619047619047616,0.25,0.7499999970197677,0.0532136932015419,0.2700000025331974,0.5300000093877315,0.800000011920929,0.0,20,1
eeg_gaze_imu,loso,30,15,0.4000000059604645,0.29249999988824127,0.10638961139816744,0.10750000607222321,0.23809523809523808,0.30000001192092896,0.7749999970197677,0.06944774836301804,0.2675000034272671,0.13250000253319738,0.4000000059604645,0.0,20,1
eeg_gaze_imu,within,30,0,0.668749988079071,0.2659374974668026,0.029792575851659626,0.4028124906122684,0.047619047619047616,0.20000000298023224,0.7329687476158142,0.09835631400346756,0.26500000059604645,0.4037499874830246,0.668749988079071,0.0,320,1
eeg_gaze_imu,within,30,1,0.671875,0.26531250178813937,0.01827257164350959,0.40656249821186063,0.047619047619047616,0.3499999940395355,0.7317187517881394,0.050001852214336395,0.26203125193715093,0.40984374806284907,0.671875,0.0,320,1
eeg_gaze_imu,within,30,2,0.6781250238418579,0.2845312498509884,0.019800642766044454,0.39359377399086953,0.047619047619047616,0.3031249940395355,0.7284375041723251,0.07209870964288712,0.2817187525331974,0.3964062713086605,0.6781250238418579,0.0,320,1
eeg_gaze_imu,within,30,3,0.650943398475647,0.27468553707003596,0.024343666571128568,0.376257861405611,0.047619047619047616,0.349056601524353,0.7297169834375381,0.058926019817590714,0.2825471743941307,0.3683962240815163,0.650943398475647,0.0,318,1
eeg_gaze_imu,within,30,4,0.6781250238418579,0.2614062488079071,0.02324451602363229,0.41671877503395083,0.047619047619047616,0.25,0.7301562488079071,0.07305528223514557,0.2659374997019768,0.41218752413988113,0.6781250238418579,0.0,320,1
eeg_gaze_imu_video,loso,5,0,0.4272727370262146,0.30977272540330886,0.022187917436728894,0.11750001162290574,0.047619047619047616,0.3227272629737854,0.6386363655328751,0.5556182265281677,0.3027272716164589,0.1245454654097557,0.36590908765792846,0.061363649368286144,220,1
eeg_gaze_imu_video,loso,5,1,0.660287082195282,0.29282296672463415,0.031360709021068744,0.36746411547064783,0.047619047619047616,0.2631579041481018,0.6246411472558975,0.7215726971626282,0.29330143332481384,0.36698564887046814,0.6035885155200958,0.056698566675186135,209,1
eeg_gaze_imu_video,loso,5,2,0.6590909361839294,0.3122727289795876,0.029810003781201952,0.34681820720434187,0.047619047619047616,0.30909091234207153,0.6381818205118179,0.5715488195419312,0.32590909004211427,0.3331818461418152,0.554545459151268,0.10454547703266148,220,1
eeg_gaze_imu_video,loso,5,3,0.6318181753158569,0.2647727258503437,0.029136150166999303,0.3670454494655132,0.047619047619047616,0.26363635063171387,0.7038636386394501,0.6820952892303467,0.26318181604146956,0.36863635927438737,0.5761363595724106,0.05568181574344633,220,1
eeg_gaze_imu_video,loso,5,4,0.6272727251052856,0.2659090951085091,0.023553177125183226,0.36136362999677657,0.047619047619047616,0.2590909004211426,0.7031818181276321,0.7033988833427429,0.27318181917071344,0.3540909059345722,0.5172727271914482,0.10999999791383741,220,1
eeg_gaze_imu_video,loso,5,5,0.5545454621315002,0.2849999971687794,0.02867962415819326,0.26954546496272086,0.047619047619047616,0.3227272629737854,0.6777272671461105,0.5379542112350464,0.3043181799352169,0.2502272821962833,0.5131818145513535,0.04136364758014677,220,1
eeg_gaze_imu_video,loso,5,6,0.668181836605072,0.30681818127632143,0.027139829775568676,0.3613636553287506,0.047619047619047616,0.25,0.6690909117460251,0.561414897441864,0.29227272644639013,0.3759091101586819,0.5945454508066177,0.07363638579845433,220,1
eeg_gaze_imu_video,loso,5,7,0.41363635659217834,0.3147727265954018,0.03647355405680487,0.09886362999677656,0.047619047619047616,0.30454546213150024,0.6070454537868499,0.658431351184845,0.3195454508066177,0.09409090578556062,0.31318181902170183,0.10045453757047651,220,1
eeg_gaze_imu_video,loso,5,8,0.41363635659217834,0.3122727259993553,0.025107208129599094,0.10136363059282305,0.047619047619047616,0.25,0.6029545485973358,0.5923084616661072,0.3045454502105713,0.10909090638160707,0.3463636368513107,0.06727271974086763,220,1
eeg_gaze_imu_video,loso,5,9,0.6545454263687134,0.28931817784905434,0.02560326011033258,0.36522724851965904,0.047619047619047616,0.2590909004211426,0.6868181854486466,0.4700528085231781,0.2850000008940697,0.3695454254746437,0.5809090852737426,0.07363634109497075,220,1
eeg_gaze_imu_video,loso,5,10,0.4000000059604645,0.29022726938128474,0.0316643999001777,0.10977273657917974,0.047619047619047616,0.26818183064460754,0.6809090971946716,0.7398768067359924,0.29909090623259543,0.10090909972786904,0.3174999937415123,0.0825000122189522,220,1
eeg_gaze_imu_video,loso,5,11,0.3863636255264282,0.2786363631486893,0.029391205854572416,0.10772726237773894,0.047619047619047616,0.23636363446712494,0.7031818151473999,0.5953172445297241,0.2786363624036312,0.10772726312279701,0.28636363446712493,0.0999999910593033,220,1
eeg_gaze_imu_video,loso,5,12,0.5590909123420715,0.24863636419177054,0.026194599990681276,0.310454548150301,0.047619047619047616,0.2545454502105713,0.6902272790670395,0.47593390941619873,0.24590909108519554,0.313181821256876,0.5029545441269875,0.056136368215084054,220,1
eeg_gaze_imu_video,loso,5,13,0.37727272510528564,0.2854545436799526,0.020358358356406477,0.09181818142533305,0.047619047619047616,0.34090909361839294,0.5686363697052002,0.6297153234481812,0.2915909081697464,0.08568181693553922,0.32386363595724105,0.0534090891480446,220,1
eeg_gaze_imu_video,loso,5,14,0.7272727489471436,0.29227272644639013,0.030697808355371788,0.4350000225007534,0.047619047619047616,0.3636363744735718,0.6924999922513961,0.6157730221748352,0.2856818176805973,0.44159093126654625,0.6650000035762786,0.06227274537086491,220,1
eeg_gaze_imu_video,loso,5,15,0.5454545617103577,0.29363636299967766,0.024240531141472576,0.25181819871068,0.047619047619047616,0.30909091234207153,0.7095454514026642,0.5898907780647278,0.2954545445740223,0.25000001713633535,0.4827272713184357,0.06272729039192199,220,1
eeg_gaze_imu_video,within,5,0,0.5931817889213562,0.31130681931972504,0.007715880509789586,0.28187496960163116,0.047619047619047616,0.33181819319725037,0.6525568187236785,0.8995163440704346,0.3106960207223892,0.282485768198967,0.5768181890249252,0.01636359989643099,3520,1
eeg_gaze_imu_video,within,5,1,0.5786932110786438,0.2960227280855179,0.007753651270698986,0.2826704829931259,0.047619047619047616,0.2917613685131073,0.6601136356592179,0.6764383912086487,0.29779829680919645,0.28089491426944735,0.5085795477032662,0.07011366337537761,3520,1
eeg_gaze_imu_video,within,5,2,0.5903409123420715,0.3051846608519554,0.006198047824555398,0.28515625149011614,0.047619047619047616,0.37329545617103577,0.668196028470993,0.5594598054885864,0.3026562497019768,0.28768466264009473,0.5221306890249252,0.06821022331714632,3520,1
eeg_gaze_imu_video,within,5,3,0.5660377144813538,0.3089765593409538,0.007960344285448402,0.25706115514039996,0.047619047619047616,0.31875357031822205,0.6603916615247727,0.4575246572494507,0.31582332998514173,0.25021438449621203,0.4854202404618263,0.08061747401952746,3498,1
eeg_gaze_imu_video,within,5,4,0.503693163394928,0.26778409257531166,0.0067691190867165685,0.23590907081961632,0.047619047619047616,0.25,0.7187357932329178,0.7580834031105042,0.27053977400064466,0.23315338939428332,0.4431107997894287,0.06058236360549929,3520,1
eeg_gaze_imu_video,loso,10,0,0.41999998688697815,0.2925000011920929,0.04403123989876774,0.12749998569488524,0.047619047619047616,0.2199999988079071,0.6909999966621398,0.2478482872247696,0.2985000006854534,0.12149998620152475,0.35499999970197677,0.06499998718500138,100,1
eeg_gaze_imu_video,loso,10,1,0.5894736647605896,0.2615789473056793,0.03197557872747327,0.3278947174549103,0.047619047619047616,0.2631579041481018,0.7089473724365234,0.20343396067619324,0.2700000017881393,0.3194736629724503,0.48736841827630994,0.10210524648427965,95,1
eeg_gaze_imu_video,loso,10,2,0.7400000095367432,0.3125,0.04035777672096328,0.42750000953674316,0.047619047619047616,0.3100000023841858,0.6740000069141387,0.3979016840457916,0.30600000023841856,0.4340000092983246,0.540499995648861,0.1995000138878822,100,1
eeg_gaze_imu_video,loso,10,3,0.6200000047683716,0.2649999976158142,0.035566842484457524,0.35500000715255736,0.047619047619047616,0.25,0.6880000025033951,0.2202543020248413,0.25249999985098837,0.3675000049173832,0.5734999924898148,0.046500012278556824,100,1
eeg_gaze_imu_video,loso,10,4,0.6899999976158142,0.25399999916553495,0.05580322622164134,0.43599999845027926,0.047619047619047616,0.20000000298023224,0.7260000050067902,0.22695812582969666,0.2554999977350235,0.4344999998807907,0.5399999991059303,0.14999999850988388,100,1
eeg_gaze_imu_video,loso,10,5,0.5199999809265137,0.2605000019073486,0.04200893051563897,0.25949997901916505,0.047619047619047616,0.23999999463558197,0.725,0.39962783455848694,0.2424999989569187,0.27749998196959497,0.44399999678134916,0.07599998414516451,100,1
eeg_gaze_imu_video,loso,10,6,0.6800000071525574,0.24850000143051149,0.04840196663810699,0.4315000057220459,0.047619047619047616,0.25,0.7245000004768372,0.236564502120018,0.23299999833106994,0.44700000882148744,0.5139999926090241,0.1660000145435333,100,1
eeg_gaze_imu_video,loso,10,7,0.4000000059604645,0.24499999955296517,0.04141255973747747,0.1550000064074993,0.047619047619047616,0.25999999046325684,0.6810000091791153,0.19217124581336975,0.2559999987483025,0.144000007212162,0.30649999976158143,0.09350000619888305,100,1
eeg_gaze_imu_video,loso,10,8,0.41999998688697815,0.26599999591708184,0.05624944192609539,0.1539999909698963,0.09523809523809523,0.25,0.6645000040531158,0.33274152874946594,0.26649999991059303,0.15349998697638512,0.330000002682209,0.08999998420476912,100,1
eeg_gaze_imu_video,loso,10,9,0.6899999976158142,0.2699999988079071,0.03911521712838248,0.4199999988079071,0.047619047619047616,0.25,0.7104999959468842,0.27593016624450684,0.2730000004172325,0.4169999971985817,0.5704999983310699,0.11949999928474431,100,1
eeg_gaze_imu_video,loso,10,10,0.5,0.2725000023841858,0.04846390584009128,0.2274999976158142,0.047619047619047616,0.25,0.6845000088214874,0.3042207360267639,0.2765000008046627,0.2234999991953373,0.3435000017285347,0.15649999827146532,100,1
eeg_gaze_imu_video,loso,10,11,0.4399999976158142,0.2299999974668026,0.03820994422758822,0.2100000001490116,0.047619047619047616,0.25,0.7299999952316284,0.18723967671394348,0.23400000035762786,0.20599999725818635,0.309000002592802,0.13099999502301218,100,1
eeg_gaze_imu_video,loso,10,12,0.5400000214576721,0.2544999994337559,0.02616772938419786,0.2855000220239162,0.047619047619047616,0.23000000417232513,0.6870000034570694,0.3401954472064972,0.2255000002682209,0.3145000211894512,0.46449999809265136,0.07550002336502076,100,1
eeg_gaze_imu_video,loso,10,13,0.41999998688697815,0.25299999937415124,0.03606937461345976,0.1669999875128269,0.047619047619047616,0.23000000417232513,0.4914999946951866,0.26181352138519287,0.2660000003874302,0.15399998649954794,0.27900000289082527,0.14099998399615288,100,1
eeg_gaze_imu_video,loso,10,14,0.7099999785423279,0.25949999913573263,0.043066808416863535,0.45049997940659525,0.047619047619047616,0.3100000023841858,0.7450000017881393,0.25231820344924927,0.2600000023841858,0.4499999761581421,0.573999997973442,0.13599998056888585,100,1
eeg_gaze_imu_video,loso,10,15,0.5600000023841858,0.2604999981820583,0.041889734939929334,0.29950000420212747,0.047619047619047616,0.23999999463558197,0.7375,0.296771377325058,0.25200000032782555,0.30800000205636024,0.42499999701976776,0.13500000536441803,100,1
eeg_gaze_imu_video,within,10,0,0.5737500190734863,0.24275000020861626,0.011611214122422803,0.33100001886487007,0.047619047619047616,0.23999999463558197,0.7389062494039536,0.334828644990921,0.2476250022649765,0.3261250168085098,0.45796875208616256,0.11578126698732377,1600,1
eeg_gaze_imu_video,within,10,1,0.5956249833106995,0.26521875336766243,0.010147881566523572,0.33040622994303703,0.047619047619047616,0.3100000023841858,0.7137812495231628,0.34730494022369385,0.2716249987483025,0.323999984562397,0.4646249994635582,0.1309999838471413,1600,1
eeg_gaze_imu_video,within,10,2,0.6081249713897705,0.2671562485396862,0.008207453366108149,0.3409687228500843,0.047619047619047616,0.3293749988079071,0.7301562517881394,0.3405066132545471,0.2768437474966049,0.3312812238931656,0.4747500017285347,0.1333749696612358,1600,1
eeg_gaze_imu_video,within,10,3,0.5710691809654236,0.2554088033735752,0.010602473852626821,0.3156603775918484,0.047619047619047616,0.33899369835853577,0.7325157254934311,0.22267286479473114,0.26635220274329185,0.30471697822213173,0.424622642993927,0.1464465379714966,1590,1
eeg_gaze_imu_video,within,10,4,0.5518749952316284,0.24834375381469725,0.013464761682023223,0.30353124141693116,0.047619047619047616,0.25,0.734312504529953,0.2727484107017517,0.2562187522649765,0.29565624296665194,0.4112187474966049,0.1406562477350235,1600,1
eeg_gaze_imu_video,loso,15,0,0.3333333432674408,0.2416666716337204,0.04669642082443443,0.09166667163372039,0.09523809523809523,0.18333333730697632,0.7075000077486038,0.1369786262512207,0.24000000283122064,0.09333334043622016,0.33416666835546494,-0.0008333250880241394,60,1
eeg_gaze_imu_video,loso,15,1,0.6315789222717285,0.27017543762922286,0.040159729841779325,0.36140348464250566,0.047619047619047616,0.2631579041481018,0.7175438553094864,0.11537410318851471,0.2605263151228428,0.3710526071488857,0.5385964989662171,0.09298242330551143,57,1
eeg_gaze_imu_video,loso,15,2,0.6499999761581421,0.2600000031292439,0.05410894175430826,0.3899999730288982,0.047619047619047616,0.20000000298023224,0.7016666680574417,0.11444012820720673,0.26250000298023224,0.38749997317790985,0.48416667282581327,0.16583330333232882,60,1
eeg_gaze_imu_video,loso,15,3,0.6333333253860474,0.2650000035762787,0.0712780149263584,0.3683333218097687,0.047619047619047616,0.2666666805744171,0.7275000005960465,0.1304529458284378,0.25083333626389503,0.38249998912215233,0.5124999985098839,0.12083332687616344,60,1
eeg_gaze_imu_video,loso,15,4,0.6166666746139526,0.2716666698455811,0.058238018627795735,0.34500000476837156,0.047619047619047616,0.23333333432674408,0.7033333271741867,0.09393160790205002,0.2291666716337204,0.38750000298023224,0.503333330154419,0.11333334445953369,60,1
eeg_gaze_imu_video,loso,15,5,0.6166666746139526,0.2625000037252903,0.044682523149988745,0.3541666708886623,0.047619047619047616,0.13333334028720856,0.7166666656732559,0.11249486356973648,0.2616666704416275,0.35500000417232513,0.48583333343267443,0.1308333411812782,60,1
eeg_gaze_imu_video,loso,15,6,0.7833333611488342,0.2575000010430813,0.050408055367913374,0.525833360105753,0.047619047619047616,0.20000000298023224,0.7216666668653489,0.08476090431213379,0.23250000327825546,0.5508333578705787,0.46166666597127914,0.3216666951775551,60,1
eeg_gaze_imu_video,loso,15,7,0.5,0.2850000008940697,0.04530758901635135,0.21499999910593032,0.047619047619047616,0.25,0.6741666615009307,0.10992471128702164,0.2583333358168602,0.2416666641831398,0.27750000208616254,0.22249999791383746,60,1
eeg_gaze_imu_video,loso,15,8,0.5333333611488342,0.25500000193715094,0.05299370905795908,0.2783333592116833,0.047619047619047616,0.1666666716337204,0.6800000071525574,0.1690473109483719,0.2866666689515114,0.24666669219732285,0.39666666835546494,0.1366666927933693,60,1
eeg_gaze_imu_video,loso,15,9,0.6333333253860474,0.23750000521540643,0.03904235820177361,0.39583332017064093,0.047619047619047616,0.25,0.7216666638851166,0.20364262163639069,0.2300000049173832,0.40333332046866416,0.5824999988079071,0.050833326578140214,60,1
eeg_gaze_imu_video,loso,15,10,0.46666666865348816,0.2358333371579647,0.03623802590306237,0.23083333149552346,0.047619047619047616,0.23333333432674408,0.7525000005960465,0.11699946224689484,0.26250000223517417,0.204166666418314,0.34083333164453505,0.1258333370089531,60,1
eeg_gaze_imu_video,loso,15,11,0.4333333373069763,0.22416667081415653,0.051767376182485676,0.20916666649281979,0.047619047619047616,0.21666666865348816,0.7091666668653488,0.17869019508361816,0.23500000387430192,0.1983333334326744,0.341666666418314,0.09166667088866232,60,1
eeg_gaze_imu_video,loso,15,12,0.5333333611488342,0.2508333377540112,0.04668898415220839,0.28250002339482305,0.047619047619047616,0.3166666626930237,0.7108333319425583,0.0984259620308876,0.24333333522081374,0.2900000259280205,0.4841666594147682,0.04916670173406601,60,1
eeg_gaze_imu_video,loso,15,13,0.44999998807907104,0.25250000432133674,0.0419242036977741,0.1974999837577343,0.047619047619047616,0.25,0.6349999994039536,0.1710633635520935,0.28000000566244126,0.16999998241662978,0.34833333641290665,0.1016666516661644,60,1
eeg_gaze_imu_video,loso,15,14,0.7166666388511658,0.25250000283122065,0.0707646710894284,0.4641666360199451,0.047619047619047616,0.23333333432674408,0.715833330154419,0.16739396750926971,0.25833333730697633,0.45833330154418944,0.558333334326744,0.15833330452442174,60,1
eeg_gaze_imu_video,loso,15,15,0.6333333253860474,0.27333333864808085,0.04870546220606613,0.3599999867379665,0.047619047619047616,0.23333333432674408,0.7074999958276749,0.2404303252696991,0.2750000022351742,0.3583333231508732,0.5383333399891853,0.09499998539686205,60,1
eeg_gaze_imu_video,within,15,0,0.5947916507720947,0.25875000059604647,0.012635549711988573,0.33604165017604826,0.047619047619047616,0.26770833134651184,0.7113541662693024,0.18916523456573486,0.259375,0.3354166507720947,0.45312499850988386,0.14166665226221087,960,1
eeg_gaze_imu_video,within,15,1,0.6333333253860474,0.2620312534272671,0.012419335616936877,0.3713020719587803,0.047619047619047616,0.1666666716337204,0.7262499988079071,0.12599138915538788,0.26333333402872083,0.36999999135732653,0.46244791597127916,0.1708854094147682,960,1
eeg_gaze_imu_video,within,15,2,0.6354166865348816,0.26541666835546496,0.007377471497248817,0.37000001817941663,0.047619047619047616,0.2666666805744171,0.7351041585206985,0.1326533555984497,0.2751041650772095,0.3603125214576721,0.474166664481163,0.16125002205371858,960,1
eeg_gaze_imu_video,within,15,3,0.597484290599823,0.26137316673994065,0.015576795717145877,0.33611112385988234,0.047619047619047616,0.20020964741706848,0.7297169804573059,0.08904115855693817,0.26703354716300964,0.33045074343681335,0.4518343821167946,0.1456499084830284,954,1
eeg_gaze_imu_video,within,15,4,0.5989583134651184,0.2424479179084301,0.016737724583438467,0.3565103955566883,0.047619047619047616,0.2802083194255829,0.7339062422513962,0.11204257607460022,0.24802083298563957,0.3509374804794788,0.4427604153752327,0.1561978980898857,960,1
eeg_gaze_imu_video,loso,20,0,0.44999998807907104,0.2462499998509884,0.06949595177143718,0.20374998822808266,0.047619047619047616,0.22499999403953552,0.7224999994039536,0.09381072223186493,0.2562500014901161,0.19374998658895493,0.32874999567866325,0.12124999240040779,40,1
eeg_gaze_imu_video,loso,20,1,0.6842105388641357,0.30657894909381866,0.09461798314421173,0.3776315897703171,0.047619047619047616,0.2631579041481018,0.7118421077728272,0.10688073933124542,0.27236842066049577,0.41184211820364,0.5934210523962975,0.09078948646783824,38,1
eeg_gaze_imu_video,loso,20,2,0.699999988079071,0.24750000312924386,0.05055937296347914,0.4524999849498272,0.047619047619047616,0.20000000298023224,0.6837500035762787,0.10574382543563843,0.2887500010430813,0.41124998703598975,0.5712500035762786,0.1287499845027924,40,1
eeg_gaze_imu_video,loso,20,3,0.7250000238418579,0.2525000020861626,0.052974050855820194,0.47250002175569533,0.047619047619047616,0.22499999403953552,0.7337500035762787,0.09112821519374847,0.27124999836087227,0.45375002548098564,0.6350000023841857,0.09000002145767216,40,1
eeg_gaze_imu_video,loso,20,4,0.6000000238418579,0.25375000163912775,0.05377906394383015,0.34625002220273016,0.047619047619047616,0.25,0.7225000023841858,0.11987417936325073,0.28250000104308126,0.31750002279877665,0.41625000089406966,0.18375002294778825,40,1
eeg_gaze_imu_video,loso,20,5,0.4749999940395355,0.24750000089406968,0.06703543914473843,0.22749999314546585,0.047619047619047616,0.32499998807907104,0.7337500065565109,0.07151918858289719,0.25624999813735483,0.2187499959021807,0.39375,0.08124999403953553,40,1
eeg_gaze_imu_video,loso,20,6,0.6499999761581421,0.2149999998509884,0.06955213665947114,0.4349999763071537,0.047619047619047616,0.3499999940395355,0.7474999994039535,0.08988673239946365,0.20500000044703484,0.4449999757111073,0.5462499976158142,0.10374997854232793,40,1
eeg_gaze_imu_video,loso,20,7,0.5,0.248750002682209,0.04839615100604343,0.25124999731779096,0.047619047619047616,0.2750000059604645,0.7137500077486039,0.07855208963155746,0.2650000013411045,0.23499999865889548,0.3649999961256981,0.1350000038743019,40,1
eeg_gaze_imu_video,loso,20,8,0.6000000238418579,0.25750000178813937,0.07075485956449852,0.34250002205371854,0.047619047619047616,0.17499999701976776,0.7050000011920929,0.10663578659296036,0.2524999987334013,0.3475000251084566,0.48499999940395355,0.11500002443790436,40,1
eeg_gaze_imu_video,loso,20,9,0.699999988079071,0.2574999988079071,0.07420410705474044,0.44249998927116396,0.047619047619047616,0.25,0.7287499994039536,0.10863780230283737,0.27250000163912774,0.4274999864399433,0.5837500020861626,0.11624998599290848,40,1
eeg_gaze_imu_video,loso,20,10,0.42500001192092896,0.26875000149011613,0.06702378295331883,0.15625001043081282,0.047619047619047616,0.22499999403953552,0.7187499970197677,0.1033472865819931,0.23375000283122063,0.19125000908970832,0.39874999821186063,0.02625001370906832,40,1
eeg_gaze_imu_video,loso,20,11,0.5249999761581421,0.23250000290572642,0.07790218376792082,0.29249997325241567,0.047619047619047616,0.15000000596046448,0.7337499976158142,0.11671842634677887,0.22500000074505805,0.29999997541308404,0.3587499991059303,0.16624997705221178,40,1
eeg_gaze_imu_video,loso,20,12,0.550000011920929,0.24249999821186066,0.05973901313259101,0.3075000137090683,0.047619047619047616,0.22499999403953552,0.7437499970197677,0.07658715546131134,0.1987500000745058,0.3512500118464231,0.5437499970197678,0.006250014901161172,40,1
eeg_gaze_imu_video,loso,20,13,0.6000000238418579,0.24750000312924386,0.04802343333995087,0.35250002071261405,0.047619047619047616,0.25,0.6800000011920929,0.07485193759202957,0.26374999769032004,0.3362500261515379,0.45874999165534974,0.14125003218650817,40,1
eeg_gaze_imu_video,loso,20,14,0.7749999761581421,0.27624999955296514,0.06868178266578141,0.49874997660517695,0.047619047619047616,0.15000000596046448,0.717500002682209,0.06366872787475586,0.25125000104308126,0.5237499751150608,0.7050000041723251,0.06999997198581698,40,1
eeg_gaze_imu_video,loso,20,15,0.6000000238418579,0.2637499988079071,0.08119228436892427,0.3362500250339508,0.047619047619047616,0.125,0.7550000011920929,0.09485770761966705,0.2562500022351742,0.3437500216066837,0.43249999582767484,0.16750002801418307,40,1
eeg_gaze_imu_video,within,20,0,0.6187499761581421,0.24335937425494195,0.015188231027825932,0.37539060190320017,0.047619047619047616,0.234375,0.7377343714237213,0.09908303618431091,0.2550781279802322,0.3636718481779099,0.5028125032782554,0.11593747287988665,640,1
eeg_gaze_imu_video,within,20,1,0.6578124761581421,0.24562499895691872,0.014967412353644518,0.4121874772012234,0.047619047619047616,0.25,0.7402343779802323,0.11843626946210861,0.25195312574505807,0.405859350413084,0.5409374982118607,0.11687497794628143,640,1
eeg_gaze_imu_video,within,20,2,0.643750011920929,0.2488281212747097,0.014539437772823691,0.39492189064621924,0.047619047619047616,0.30000001192092896,0.7379687547683715,0.10170096158981323,0.26031249985098837,0.3834375120699406,0.5177343755960464,0.12601563632488255,640,1
eeg_gaze_imu_video,within,20,3,0.6399371027946472,0.2537735879421234,0.014828304126539337,0.3861635148525238,0.047619047619047616,0.23270440101623535,0.7419025182724,0.07262646406888962,0.2652515731751919,0.37468552961945534,0.5062106892466545,0.13372641354799275,636,1
eeg_gaze_imu_video,within,20,4,0.5796874761581421,0.249609375,0.01605559032110829,0.33007810115814207,0.047619047619047616,0.23125000298023224,0.7258593738079071,0.13619615137577057,0.2560937486588955,0.3235937274992466,0.46351562440395355,0.11617185175418854,640,1
eeg_gaze_imu_video,loso,30,0,0.30000001192092896,0.2450000025331974,0.0893028532198067,0.05500000938773156,0.42857142857142855,0.20000000298023224,0.6674999952316284,0.05357924848794937,0.28500000275671483,0.015000009164214123,0.30000001192092896,0.0,20,1
eeg_gaze_imu_video,loso,30,1,0.8421052694320679,0.23947368413209916,0.09484642643481943,0.6026315852999687,0.047619047619047616,0.21052631735801697,0.7526315867900848,0.04332290217280388,0.26052631437778473,0.5815789550542831,0.8421052694320679,0.0,19,1
eeg_gaze_imu_video,loso,30,2,0.949999988079071,0.28250000029802325,0.0711951506353421,0.6674999877810478,0.047619047619047616,0.15000000596046448,0.7050000011920929,0.054558973759412766,0.26750000230967996,0.6824999857693911,0.949999988079071,0.0,20,1
eeg_gaze_imu_video,loso,30,3,0.6000000238418579,0.26250000167638066,0.124373429469845,0.33750002216547725,0.047619047619047616,0.4000000059604645,0.7925000011920929,0.034118782728910446,0.20500000268220903,0.3950000211596489,0.6000000238418579,0.0,20,1
eeg_gaze_imu_video,loso,30,4,0.800000011920929,0.29500000476837157,0.1071214266507114,0.5050000071525573,0.047619047619047616,0.5,0.7325000047683716,0.06256141513586044,0.2925000011920929,0.5075000107288361,0.800000011920929,0.0,20,1
eeg_gaze_imu_video,loso,30,5,0.550000011920929,0.2850000010803342,0.09096702608621253,0.26500001084059477,0.047619047619047616,0.25,0.7050000011920929,0.04884055256843567,0.2900000028312206,0.26000000908970833,0.550000011920929,0.0,20,1
eeg_gaze_imu_video,loso,30,6,0.8999999761581421,0.22000000346451998,0.09137833522376398,0.6799999726936221,0.047619047619047616,0.3499999940395355,0.7525000005960465,0.038161750882864,0.24250000305473804,0.657499973103404,0.8999999761581421,0.0,20,1
eeg_gaze_imu_video,loso,30,7,0.5,0.26000000163912773,0.10319883480583239,0.23999999836087227,0.09523809523809523,0.30000001192092896,0.6899999976158142,0.047165852040052414,0.2400000037625432,0.2599999962374568,0.5,0.0,20,1
eeg_gaze_imu_video,loso,30,8,0.6000000238418579,0.26000000163912773,0.08602325204682548,0.3400000222027302,0.047619047619047616,0.30000001192092896,0.6650000035762786,0.0809745267033577,0.28250000029802325,0.31750002354383466,0.6000000238418579,0.0,20,1
eeg_gaze_imu_video,loso,30,9,0.800000011920929,0.2275000024586916,0.08870597461178818,0.5725000094622373,0.047619047619047616,0.20000000298023224,0.7725000023841858,0.06565148383378983,0.24500000439584255,0.5550000075250864,0.800000011920929,0.0,20,1
eeg_gaze_imu_video,loso,30,10,0.5,0.2825000029057264,0.0855496899237478,0.2174999970942736,0.047619047619047616,0.20000000298023224,0.6899999946355819,0.052627842873334885,0.24750000108033418,0.2524999989196658,0.5,0.0,20,1
eeg_gaze_imu_video,loso,30,11,0.5,0.2750000037252903,0.1269842491437953,0.22499999627470968,0.09523809523809523,0.44999998807907104,0.6449999928474426,0.077939473092556,0.26500000320374967,0.23499999679625033,0.5,0.0,20,1
eeg_gaze_imu_video,loso,30,12,0.550000011920929,0.23000000175088645,0.09539391867335256,0.32000001017004254,0.047619047619047616,0.30000001192092896,0.7074999958276749,0.06622682511806488,0.2375000048428774,0.3125000070780516,0.550000011920929,0.0,20,1
eeg_gaze_imu_video,loso,30,13,0.800000011920929,0.2850000038743019,0.052678268735976995,0.515000008046627,0.047619047619047616,0.20000000298023224,0.6599999904632569,0.04339960962533951,0.3000000037252903,0.5000000081956386,0.800000011920929,0.0,20,1
eeg_gaze_imu_video,loso,30,14,0.949999988079071,0.24500000346451997,0.08930285535771282,0.704999984614551,0.047619047619047616,0.10000000149011612,0.7500000089406967,0.04651247337460518,0.23250000216066838,0.7174999859184027,0.949999988079071,0.0,20,1
eeg_gaze_imu_video,loso,30,15,0.6499999761581421,0.28750000335276127,0.1263675202464069,0.3624999728053808,0.047619047619047616,0.15000000596046448,0.7625000059604645,0.05352985858917236,0.24500000290572643,0.40499997325241566,0.6499999761581421,0.0,20,1
eeg_gaze_imu_video,within,30,0,0.653124988079071,0.2651562482118607,0.0211319091166625,0.38796873986721037,0.047619047619047616,0.29374998807907104,0.7353124976158142,0.07284114509820938,0.26484374776482583,0.3882812403142452,0.653124988079071,0.0,320,1
eeg_gaze_imu_video,within,30,1,0.6937500238418579,0.2532812513411045,0.025683528318975364,0.4404687725007534,0.047619047619047616,0.3499999940395355,0.7443750023841857,0.0642479807138443,0.2570312492549419,0.436718774586916,0.6937500238418579,0.0,320,1
eeg_gaze_imu_video,within,30,2,0.6499999761581421,0.26734375283122064,0.021751324483085293,0.38265622332692145,0.047619047619047616,0.3499999940395355,0.7329687535762787,0.06832148879766464,0.26812499985098837,0.3818749763071537,0.6499999761581421,0.0,320,1
eeg_gaze_imu_video,within,30,3,0.6603773832321167,0.25566038116812706,0.027613932672021363,0.40471700206398964,0.047619047619047616,0.2515723407268524,0.7361635208129883,0.04424477741122246,0.2600628972053528,0.4003144860267639,0.6603773832321167,0.0,318,1
eeg_gaze_imu_video,within,30,4,0.6968749761581421,0.2768750011920929,0.02585264560635997,0.4199999749660492,0.047619047619047616,0.30937498807907104,0.7235937505960465,0.05543366074562073,0.27421874925494194,0.42265622690320015,0.6968749761581421,0.0,320,1
eeg_gaze_video,loso,5,0,0.40909090638160706,0.2759090907871723,0.027912939425188903,0.13318181559443476,0.047619047619047616,0.2454545497894287,0.6984090983867646,0.47179749608039856,0.2788636364042759,0.13022726997733114,0.3493181809782982,0.05977272540330886,220,1
eeg_gaze_video,loso,5,1,0.6555023789405823,0.2834928222000599,0.028098594804137497,0.3720095567405224,0.047619047619047616,0.21052631735801697,0.6820574194192887,0.6578537821769714,0.2842105247080326,0.3712918542325497,0.5861244052648544,0.06937797367572784,209,1
eeg_gaze_video,loso,5,2,0.6318181753158569,0.3088636338710785,0.02865710144234522,0.3229545414447784,0.047619047619047616,0.30000001192092896,0.640227273106575,0.7098141312599182,0.3004545420408249,0.33136363327503204,0.5334090918302536,0.09840908348560329,220,1
eeg_gaze_video,loso,5,3,0.6363636255264282,0.2720454528927803,0.023978079424435066,0.3643181726336479,0.047619047619047616,0.2863636314868927,0.6786363571882248,0.49449750781059265,0.26681818142533303,0.3695454441010952,0.5904545426368714,0.04590908288955686,220,1
eeg_gaze_video,loso,5,4,0.6318181753158569,0.30227272808551786,0.022058335994619066,0.3295454472303391,0.047619047619047616,0.25,0.6684090852737427,0.4968085289001465,0.2990909107029438,0.33272726461291313,0.573863634467125,0.05795454084873197,220,1
eeg_gaze_video,loso,5,5,0.5545454621315002,0.29886363372206687,0.028235836076970534,0.2556818284094334,0.047619047619047616,0.290909081697464,0.6704545438289642,0.6543432474136353,0.3068181827664375,0.24772727936506272,0.5275000005960464,0.02704546153545384,220,1
eeg_gaze_video,loso,5,6,0.6818181872367859,0.3186363622546196,0.027268939379695354,0.3631818249821663,0.047619047619047616,0.34545454382896423,0.6150000065565109,0.6627944707870483,0.3154545411467552,0.3663636460900307,0.6077272713184356,0.07409091591835026,220,1
eeg_gaze_video,loso,5,7,0.3590908944606781,0.31818181872367857,0.028712019599439354,0.040909075736999534,0.19047619047619047,0.33181819319725037,0.6475000023841858,0.6149836778640747,0.31954545229673387,0.03954544216394423,0.273863635212183,0.08522725924849511,220,1
eeg_gaze_video,loso,5,8,0.41818180680274963,0.26363636255264283,0.024562282567050373,0.1545454442501068,0.047619047619047616,0.2863636314868927,0.6695454537868499,0.48252779245376587,0.25727272778749466,0.16090907901525497,0.33477272689342497,0.08340907990932467,220,1
eeg_gaze_video,loso,5,9,0.6363636255264282,0.29181818291544914,0.031609705848340906,0.3445454426109791,0.047619047619047616,0.36818182468414307,0.6636363565921783,0.5796936750411987,0.2731818176805973,0.36318180784583093,0.5602272778749466,0.07613634765148158,220,1
eeg_gaze_video,loso,5,10,0.37272727489471436,0.3006818160414696,0.028901194509108726,0.07204545885324476,0.047619047619047616,0.30454546213150024,0.6068181782960892,0.5014867186546326,0.2913636341691017,0.08136364072561264,0.3404545411467552,0.03227273374795914,220,1
eeg_gaze_video,loso,5,11,0.3909091055393219,0.3081818163394928,0.022663546388811694,0.08272728919982908,0.047619047619047616,0.2545454502105713,0.6670454561710357,0.7601644992828369,0.31045454293489455,0.08045456260442735,0.34545454680919646,0.04545455873012544,220,1
eeg_gaze_video,loso,5,12,0.6000000238418579,0.31136363223195074,0.03291925952370764,0.2886363916099072,0.047619047619047616,0.27272728085517883,0.6377272695302963,0.6377962231636047,0.3127272702753544,0.2872727535665035,0.5931818217039109,0.006818202137947038,220,1
eeg_gaze_video,loso,5,13,0.3636363744735718,0.2811363644897938,0.02523750612007198,0.08250000998377799,0.047619047619047616,0.2454545497894287,0.5725000023841857,0.408563494682312,0.28454545363783834,0.07909092083573344,0.3247727245092392,0.03886364996433256,220,1
eeg_gaze_video,loso,5,14,0.6909090876579285,0.28636363446712493,0.031491832943100116,0.40454545319080354,0.047619047619047616,0.25,0.6654545396566391,0.7767975926399231,0.3015909120440483,0.38931817561388016,0.6224999994039535,0.06840908825397496,220,1
eeg_gaze_video,loso,5,15,0.5227272510528564,0.2890909045934677,0.017686432667683927,0.23363634645938874,0.047619047619047616,0.2863636314868927,0.68363636136055,0.6127637624740601,0.28636363223195077,0.23636361882090567,0.47499999552965166,0.04772725552320478,220,1
eeg_gaze_video,within,5,0,0.558806836605072,0.2768892005085945,0.0070161110142229165,0.2819176360964775,0.047619047619047616,0.2545454502105713,0.7028977245092392,0.6618972420692444,0.27545454502105715,0.28335229158401487,0.49042613357305526,0.06838070303201677,3520,1
eeg_gaze_video,within,5,1,0.5835227370262146,0.2970880657434464,0.008458508391787868,0.2864346712827682,0.047619047619047616,0.29914772510528564,0.6842613637447357,0.8435278534889221,0.2957102254033089,0.2878125116229057,0.5149999976158142,0.06852273941040044,3520,1
eeg_gaze_video,within,5,2,0.5607954263687134,0.2765624985098839,0.0080415794796617,0.2842329278588295,0.047619047619047616,0.2954545319080353,0.6952840983867645,0.5326393246650696,0.28390624821186067,0.2768891781568527,0.482499997317791,0.0782954290509224,3520,1
eeg_gaze_video,within,5,3,0.5485991835594177,0.2870354503393173,0.007190531061715349,0.2615637332201004,0.047619047619047616,0.24871355295181274,0.6649799853563308,0.6573665738105774,0.2883790746331215,0.2602201089262962,0.4632790133357048,0.08532017022371291,3498,1
eeg_gaze_video,within,5,4,0.5269886255264282,0.2992187514901161,0.00812215732216334,0.2277698740363121,0.047619047619047616,0.3488636314868927,0.6621306806802749,0.4778333604335785,0.302755680680275,0.22423294484615325,0.4521732896566391,0.07481533586978911,3520,1
eeg_gaze_video,loso,10,0,0.4000000059604645,0.23749999850988388,0.03897114376296438,0.1625000074505806,0.047619047619047616,0.25999999046325684,0.7325000047683716,0.2850527763366699,0.2609999984502792,0.13900000751018526,0.2920000024139881,0.10800000354647638,100,1
eeg_gaze_video,loso,10,1,0.6421052813529968,0.2721052639186382,0.038715526955540196,0.3700000174343586,0.047619047619047616,0.20000000298023224,0.7436842113733292,0.2263377159833908,0.26631578877568246,0.37578949257731437,0.5410526305437088,0.10105265080928805,95,1
eeg_gaze_video,loso,10,2,0.7099999785423279,0.27500000074505804,0.02673948613775759,0.43499997779726984,0.047619047619047616,0.2800000011920929,0.6870000034570694,0.30956846475601196,0.279500000923872,0.4304999776184559,0.5149999961256981,0.19499998241662975,100,1
eeg_gaze_video,loso,10,3,0.6000000238418579,0.2524999976158142,0.030963688718780403,0.3475000262260437,0.047619047619047616,0.28999999165534973,0.6884999990463256,0.24570433795452118,0.26700000315904615,0.33300002068281176,0.5464999943971633,0.05350002944469456,100,1
eeg_gaze_video,loso,10,4,0.6600000262260437,0.2824999995529652,0.060899509715342956,0.3775000266730785,0.047619047619047616,0.3199999928474426,0.6895000040531158,0.18052783608436584,0.28250000178813933,0.37750002443790437,0.5149999901652336,0.14500003606081013,100,1
eeg_gaze_video,loso,10,5,0.5199999809265137,0.26450000107288363,0.05162122102996732,0.25549997985363004,0.047619047619047616,0.25,0.7159999936819077,0.2900906801223755,0.2575000010430813,0.2624999798834324,0.4155000001192093,0.10449998080730438,100,1
eeg_gaze_video,loso,10,6,0.6600000262260437,0.2570000015199184,0.05000999872786167,0.4030000247061253,0.047619047619047616,0.18000000715255737,0.7364999979734421,0.24667729437351227,0.24950000122189522,0.4105000250041485,0.486999998986721,0.17300002723932267,100,1
eeg_gaze_video,loso,10,7,0.5,0.2699999988079071,0.04743416537374237,0.2300000011920929,0.047619047619047616,0.25,0.7235000014305115,0.39110100269317627,0.2634999990463257,0.2365000009536743,0.32900000363588333,0.17099999636411667,100,1
eeg_gaze_video,loso,10,8,0.5299999713897705,0.2710000015795231,0.04369210774690345,0.2589999698102474,0.047619047619047616,0.23000000417232513,0.6920000046491623,0.28064244985580444,0.27750000208616254,0.25249996930360796,0.3665000021457672,0.16349996924400328,100,1
eeg_gaze_video,loso,10,9,0.6700000166893005,0.2960000023245811,0.04054627250561926,0.3740000143647194,0.047619047619047616,0.3799999952316284,0.6820000022649765,0.3673877716064453,0.29650000035762786,0.3735000163316727,0.5075000062584877,0.16250001043081286,100,1
eeg_gaze_video,loso,10,10,0.5199999809265137,0.34499999731779096,0.04780167182154565,0.1749999836087227,0.047619047619047616,0.25,0.6440000027418137,0.3571647107601166,0.31750000193715094,0.20249997898936273,0.41399999856948855,0.10599998235702512,100,1
eeg_gaze_video,loso,10,11,0.5199999809265137,0.27099999859929086,0.030967728682652414,0.2489999823272228,0.047619047619047616,0.3199999928474426,0.7300000011920929,0.37941989302635193,0.26949999704957006,0.2504999838769436,0.34400000125169755,0.17599997967481612,100,1
eeg_gaze_video,loso,10,12,0.5,0.26750000193715096,0.03404041867053149,0.23249999806284904,0.047619047619047616,0.23999999463558197,0.6625000059604644,0.26448455452919006,0.23199999704957008,0.2680000029504299,0.43749999552965163,0.06250000447034837,100,1
eeg_gaze_video,loso,10,13,0.3700000047683716,0.2584999993443489,0.03553519484312545,0.11150000542402266,0.047619047619047616,0.25999999046325684,0.5724999949336051,0.30046918988227844,0.27750000134110453,0.09250000342726705,0.33099999874830244,0.039000006020069145,100,1
eeg_gaze_video,loso,10,14,0.7400000095367432,0.27549999952316284,0.04488596637956161,0.4645000100135803,0.047619047619047616,0.23000000417232513,0.7090000063180923,0.284760445356369,0.2525000020861626,0.4875000074505806,0.5164999946951866,0.22350001484155657,100,1
eeg_gaze_video,loso,10,15,0.6299999952316284,0.3115000016987324,0.05275177604303531,0.31849999353289604,0.047619047619047616,0.25999999046325684,0.6890000015497207,0.2736149728298187,0.29200000166893003,0.3379999935626984,0.5064999997615814,0.12349999547004697,100,1
eeg_gaze_video,within,10,0,0.5981249809265137,0.27253125235438347,0.010574283080106904,0.3255937285721302,0.047619047619047616,0.25,0.7171874970197678,0.5083017945289612,0.2794374987483025,0.3186874821782112,0.4686250016093254,0.12949997931718826,1600,1
eeg_gaze_video,within,10,1,0.6481249928474426,0.30699999928474425,0.011930132825120577,0.3411249935626984,0.047619047619047616,0.23999999463558197,0.6709375023841858,0.47324761748313904,0.312031252682209,0.33609374016523363,0.5111249968409538,0.13699999600648882,1600,1
eeg_gaze_video,within,10,2,0.5862500071525574,0.2501562528312206,0.008858427811275405,0.33609375432133676,0.047619047619047616,0.2381249964237213,0.7389687478542328,0.2814551889896393,0.2618749991059303,0.32437500804662706,0.45968749821186067,0.1265625089406967,1600,1
eeg_gaze_video,within,10,3,0.5377358198165894,0.25971697866916654,0.00908902928401854,0.2780188411474228,0.047619047619047616,0.25849056243896484,0.720440250635147,0.28429773449897766,0.2669496864080429,0.27078613340854646,0.3971698135137558,0.14056600630283356,1590,1
eeg_gaze_video,within,10,4,0.5525000095367432,0.2546249978244305,0.011841069186399374,0.2978750117123127,0.047619047619047616,0.3206250071525574,0.7172187477350235,0.3221043050289154,0.26578125208616254,0.2867187574505806,0.412093748152256,0.14040626138448714,1600,1
eeg_gaze_video,loso,15,0,0.4000000059604645,0.2508333370089531,0.05387098851300966,0.14916666895151137,0.047619047619047616,0.20000000298023224,0.7399999976158143,0.18918344378471375,0.2550000011920929,0.1450000047683716,0.35583333671092987,0.04416666924953461,60,1
eeg_gaze_video,loso,15,1,0.6315789222717285,0.2535087738186121,0.06312743246149781,0.37807014845311643,0.047619047619047616,0.22807016968727112,0.7236842066049576,0.13134711980819702,0.2508771911263466,0.3807017311453819,0.5324561432003975,0.09912277907133105,57,1
eeg_gaze_video,loso,15,2,0.8166666626930237,0.2550000034272671,0.05030462741632671,0.5616666592657567,0.047619047619047616,0.28333333134651184,0.6924999922513961,0.1929081529378891,0.30500000566244123,0.5116666570305825,0.6083333328366279,0.20833332985639574,60,1
eeg_gaze_video,loso,15,3,0.6000000238418579,0.25250000357627866,0.05609391862683969,0.34750002026557925,0.047619047619047616,0.20000000298023224,0.7099999994039535,0.13578565418720245,0.255000002682209,0.3450000211596489,0.4549999967217445,0.1450000271201134,60,1
eeg_gaze_video,loso,15,4,0.7333333492279053,0.2600000061094761,0.059254630024373235,0.4733333431184292,0.047619047619047616,0.23333333432674408,0.7274999976158142,0.12389752268791199,0.25166666880249977,0.4816666804254055,0.5091666638851166,0.22416668534278872,60,1
eeg_gaze_video,loso,15,5,0.5333333611488342,0.2650000050663948,0.0357071444657737,0.2683333560824394,0.047619047619047616,0.1666666716337204,0.7133333325386048,0.16893897950649261,0.2758333347737789,0.2575000263750553,0.36666667014360427,0.16666669100522996,60,1
eeg_gaze_video,loso,15,6,0.7666666507720947,0.27333333566784856,0.03922867514703698,0.49333331510424616,0.047619047619047616,0.21666666865348816,0.7041666567325592,0.12895555794239044,0.24500000327825547,0.5216666474938393,0.5291666686534882,0.23749998211860657,60,1
eeg_gaze_video,loso,15,7,0.6000000238418579,0.28000000193715097,0.06381396426174107,0.32000002190470694,0.047619047619047616,0.2666666805744171,0.7199999988079071,0.14565472304821014,0.25666666850447656,0.34333335533738135,0.3733333334326744,0.22666669040918352,60,1
eeg_gaze_video,loso,15,8,0.5166666507720947,0.24583333916962147,0.05746375767136157,0.27083331160247326,0.047619047619047616,0.18333333730697632,0.6841666609048843,0.1385895162820816,0.2850000001490116,0.23166665062308311,0.36333333551883695,0.15333331525325777,60,1
eeg_gaze_video,loso,15,9,0.6666666865348816,0.26583333536982534,0.060432468102514084,0.40083335116505625,0.047619047619047616,0.25,0.7391666680574417,0.14995865523815155,0.2666666701436043,0.4000000163912773,0.5666666686534881,0.10000001788139345,60,1
eeg_gaze_video,loso,15,10,0.5166666507720947,0.2316666692495346,0.044064346572384124,0.2849999815225601,0.047619047619047616,0.23333333432674408,0.7366666615009307,0.09709689766168594,0.2508333370089531,0.2658333137631416,0.36583333313465116,0.15083331763744356,60,1
eeg_gaze_video,loso,15,11,0.5166666507720947,0.23000000342726706,0.040345728365155056,0.28666664734482766,0.047619047619047616,0.21666666865348816,0.6899999916553498,0.14860258996486664,0.2266666702926159,0.28999998047947884,0.3641666643321514,0.15249998643994334,60,1
eeg_gaze_video,loso,15,12,0.44999998807907104,0.23666667193174362,0.04612784398852799,0.21333331614732742,0.047619047619047616,0.18333333730697632,0.7224999994039536,0.13513915240764618,0.24583333916962147,0.20416664890944958,0.4599999964237213,-0.010000008344650257,60,1
eeg_gaze_video,loso,15,13,0.5166666507720947,0.24666667059063913,0.041699987169661085,0.2699999801814556,0.047619047619047616,0.2666666805744171,0.6500000014901162,0.08974264562129974,0.2591666720807552,0.2574999786913395,0.3666666716337204,0.14999997913837432,60,1
eeg_gaze_video,loso,15,14,0.7166666388511658,0.24083333536982537,0.0673867345537723,0.4758333034813404,0.047619047619047616,0.25,0.75,0.13025452196598053,0.2508333370089531,0.46583330184221267,0.6100000023841858,0.10666663646697994,60,1
eeg_gaze_video,loso,15,15,0.550000011920929,0.25833333730697633,0.05283622391306487,0.2916666746139526,0.047619047619047616,0.20000000298023224,0.7258333414793015,0.08665669709444046,0.2516666691750288,0.2983333427459002,0.4608333304524422,0.08916668146848677,60,1
eeg_gaze_video,within,15,0,0.5843750238418579,0.2613020814955235,0.014699223321629356,0.32307294234633444,0.047619047619047616,0.23749999701976776,0.7315104126930236,0.12373301386833191,0.26161458492279055,0.32276043891906736,0.45307291597127913,0.13130210787057878,960,1
eeg_gaze_video,within,15,1,0.6135416626930237,0.25536458641290666,0.014632636484747536,0.358177076280117,0.047619047619047616,0.2135416716337204,0.726510414481163,0.2738732695579529,0.25619791969656946,0.3573437429964542,0.4420833334326744,0.17145832926034926,960,1
eeg_gaze_video,within,15,2,0.6229166388511658,0.2641666688024998,0.015317811630598624,0.358749970048666,0.047619047619047616,0.28437501192092896,0.7291145890951156,0.19207927584648132,0.2731249988079071,0.3497916400432587,0.4865104153752327,0.13640622347593306,960,1
eeg_gaze_video,within,15,3,0.5828092098236084,0.25450733602046965,0.011665869651566465,0.32830187380313874,0.047619047619047616,0.23165617883205414,0.7298218011856079,0.19151663780212402,0.2607442334294319,0.32206497639417647,0.4146750524640083,0.16813415735960008,954,1
eeg_gaze_video,within,15,4,0.5770833492279053,0.24427083358168603,0.015122113436666666,0.3328125156462193,0.047619047619047616,0.21666666865348816,0.7422916650772095,0.17248117923736572,0.2555729180574417,0.3215104311704636,0.416458335518837,0.1606250137090683,960,1
eeg_gaze_video,loso,20,0,0.375,0.2450000025331974,0.05678908289385425,0.1299999974668026,0.047619047619047616,0.22499999403953552,0.7212500005960465,0.12646004557609558,0.24875000044703482,0.12624999955296518,0.29125000163912773,0.08374999836087227,40,1
eeg_gaze_video,loso,20,1,0.6315789222717285,0.2960526317358017,0.0856274706533262,0.3355262905359268,0.047619047619047616,0.15789473056793213,0.7250000029802323,0.17924518883228302,0.24078947380185128,0.39078944846987723,0.5526315838098526,0.07894733846187596,38,1
eeg_gaze_video,loso,20,2,0.75,0.25749999955296515,0.055396298230964425,0.49250000044703485,0.047619047619047616,0.2750000059604645,0.721250006556511,0.09749995172023773,0.2937500007450581,0.4562499992549419,0.5587499976158142,0.19125000238418577,40,1
eeg_gaze_video,loso,20,3,0.699999988079071,0.26875,0.07153452120142727,0.43124998807907106,0.047619047619047616,0.20000000298023224,0.7262500017881394,0.08798933774232864,0.2712500009685755,0.42874998711049556,0.5750000044703484,0.12499998360872266,40,1
eeg_gaze_video,loso,20,4,0.699999988079071,0.2387500014156103,0.051523660139813535,0.46124998666346073,0.047619047619047616,0.25,0.7125,0.10850494354963303,0.24750000312924386,0.4524999849498272,0.5362499952316284,0.16374999284744263,40,1
eeg_gaze_video,loso,20,5,0.550000011920929,0.24250000193715096,0.06475916899908969,0.307500009983778,0.047619047619047616,0.22499999403953552,0.7224999964237213,0.12165819108486176,0.26249999962747095,0.287500012293458,0.37499999925494193,0.17500001266598703,40,1
eeg_gaze_video,loso,20,6,0.5249999761581421,0.23749999925494195,0.07644442481752155,0.28749997690320017,0.047619047619047616,0.30000001192092896,0.7487499952316284,0.07155758887529373,0.2300000000745058,0.29499997608363626,0.49374999552965165,0.031249980628490437,40,1
eeg_gaze_video,loso,20,7,0.699999988079071,0.26624999940395355,0.05660995835770501,0.4337499886751175,0.047619047619047616,0.25,0.7349999994039536,0.05949564278125763,0.2950000010430813,0.4049999870359898,0.55625,0.14374998807907102,40,1
eeg_gaze_video,loso,20,8,0.550000011920929,0.25750000327825545,0.06619101273506123,0.2925000086426735,0.047619047619047616,0.2750000059604645,0.6800000011920929,0.09492477774620056,0.26250000223517417,0.2875000096857548,0.4624999985098839,0.08750001341104507,40,1
eeg_gaze_video,loso,20,9,0.675000011920929,0.21750000305473804,0.06025985684989314,0.4575000088661909,0.047619047619047616,0.30000001192092896,0.7637500017881393,0.08041179180145264,0.24625000171363354,0.4287500102072954,0.5024999946355819,0.17250001728534703,40,1
eeg_gaze_video,loso,20,10,0.4749999940395355,0.28499999940395354,0.07132671567897157,0.18999999463558198,0.047619047619047616,0.30000001192092896,0.7312499940395355,0.08880677074193954,0.26125000044703484,0.2137499935925007,0.3750000029802322,0.0999999910593033,40,1
eeg_gaze_video,loso,20,11,0.550000011920929,0.2787500023841858,0.0818821581594267,0.27125000953674316,0.047619047619047616,0.32499998807907104,0.7412499964237214,0.15244437754154205,0.26000000052154065,0.2900000113993883,0.3537500023841858,0.19625000953674315,40,1
eeg_gaze_video,loso,20,12,0.5,0.25624999813735483,0.08619563422453788,0.24375000186264517,0.047619047619047616,0.15000000596046448,0.7412500023841858,0.09039457142353058,0.22750000059604644,0.27249999940395353,0.5049999982118607,-0.004999998211860701,40,1
eeg_gaze_video,loso,20,13,0.6000000238418579,0.25625000074505805,0.05802746980756825,0.34375002309679986,0.047619047619047616,0.20000000298023224,0.703750005364418,0.1251496821641922,0.27375000044703485,0.32625002339482306,0.4312499985098839,0.16875002533197403,40,1
eeg_gaze_video,loso,20,14,0.824999988079071,0.2887500002980232,0.0644568639133173,0.5362499877810478,0.047619047619047616,0.32499998807907104,0.6887500047683716,0.11330766975879669,0.2462500013411045,0.5787499867379665,0.6925000041723252,0.1324999839067459,40,1
eeg_gaze_video,loso,20,15,0.6499999761581421,0.24749999791383742,0.07327175203884857,0.40249997824430467,0.047619047619047616,0.10000000149011612,0.7399999976158143,0.07658999413251877,0.2475000001490116,0.40249997600913046,0.4637499988079071,0.18624997735023496,40,1
eeg_gaze_video,within,20,0,0.5609375238418579,0.24390624985098838,0.021366295308808292,0.3170312739908695,0.047619047619047616,0.20156249403953552,0.7248437523841857,0.14460647106170654,0.2522656239569187,0.3086718998849392,0.4564062520861626,0.10453127175569532,640,1
eeg_gaze_video,within,20,1,0.667187511920929,0.2566406257450581,0.01706543897525,0.4105468861758709,0.047619047619047616,0.25,0.7356249988079071,0.16192002594470978,0.25882812440395353,0.4083593875169754,0.5289843738079071,0.13820313811302187,640,1
eeg_gaze_video,within,20,2,0.596875011920929,0.257343751937151,0.013505461289408558,0.339531259983778,0.047619047619047616,0.22499999403953552,0.7346093744039536,0.11094033718109131,0.26148437336087227,0.3353906385600567,0.4782031238079071,0.11867188811302187,640,1
eeg_gaze_video,within,20,3,0.6194968819618225,0.24716981127858162,0.015946527830099956,0.3723270706832409,0.047619047619047616,0.3207547068595886,0.7457547158002853,0.06130276620388031,0.25613207668066024,0.3633648052811623,0.48050314635038377,0.13899373561143874,636,1
eeg_gaze_video,within,20,4,0.660937488079071,0.255000002682209,0.016532993574444037,0.40593748539686203,0.047619047619047616,0.21875,0.7362500011920929,0.12736335396766663,0.26984375193715093,0.3910937361419201,0.5171093761920929,0.1438281118869782,640,1
eeg_gaze_video,loso,30,0,0.30000001192092896,0.23000000435858964,0.07968688797248241,0.07000000756233932,0.3333333333333333,0.15000000596046448,0.6200000017881393,0.06318158656358719,0.2725000023841858,0.027500009536743142,0.30000001192092896,0.0,20,1
eeg_gaze_video,loso,30,1,0.7368420958518982,0.24210526160895823,0.1031364095460747,0.49473683424293996,0.047619047619047616,0.10526315867900848,0.7578947335481644,0.06300856173038483,0.2342105258256197,0.5026315700262785,0.7368420958518982,0.0,19,1
eeg_gaze_video,loso,30,2,0.699999988079071,0.2725000012665987,0.09417403932205926,0.42749998681247237,0.047619047619047616,0.20000000298023224,0.725,0.08061599731445312,0.23500000424683093,0.4649999838322401,0.699999988079071,0.0,20,1
eeg_gaze_video,loso,30,3,0.550000011920929,0.27250000201165675,0.1100851919414795,0.2775000099092722,0.047619047619047616,0.10000000149011612,0.7250000059604644,0.02667689137160778,0.23750000391155482,0.31250000800937416,0.550000011920929,0.0,20,1
eeg_gaze_video,loso,30,4,0.699999988079071,0.28000000193715097,0.09797958767339712,0.4199999861419201,0.047619047619047616,0.20000000298023224,0.7074999958276749,0.059723611921072006,0.2775000028312206,0.42249998524785043,0.699999988079071,0.0,20,1
eeg_gaze_video,loso,30,5,0.5,0.2450000036507845,0.0893028539081082,0.2549999963492155,0.047619047619047616,0.20000000298023224,0.7399999916553497,0.08461619168519974,0.24750000480562448,0.2524999951943755,0.5,0.0,20,1
eeg_gaze_video,loso,30,6,0.699999988079071,0.19750000387430192,0.07495832227962532,0.5024999842047692,0.047619047619047616,0.15000000596046448,0.760000005364418,0.06816750764846802,0.19500000327825545,0.5049999848008155,0.699999988079071,0.0,20,1
eeg_gaze_video,loso,30,7,0.8999999761581421,0.2700000023469329,0.10653637751847662,0.6299999738112092,0.047619047619047616,0.25,0.7100000023841858,0.045791205018758774,0.2675000000745058,0.6324999760836363,0.8999999761581421,0.0,20,1
eeg_gaze_video,loso,30,8,0.699999988079071,0.2500000029802322,0.0974679429894417,0.4499999850988388,0.047619047619047616,0.3499999940395355,0.7300000041723251,0.05969862639904022,0.22750000320374966,0.4724999848753214,0.699999988079071,0.0,20,1
eeg_gaze_video,loso,30,9,0.550000011920929,0.24000000171363353,0.09949874070043983,0.3100000102072954,0.047619047619047616,0.44999998807907104,0.7600000023841857,0.14541421830654144,0.23250000178813934,0.3175000101327896,0.550000011920929,0.0,20,1
eeg_gaze_video,loso,30,10,0.550000011920929,0.27250000573694705,0.09148087387935143,0.2775000061839819,0.09523809523809523,0.44999998807907104,0.6975000023841857,0.05803047865629196,0.23000000286847352,0.3200000090524554,0.550000011920929,0.0,20,1
eeg_gaze_video,loso,30,11,0.6499999761581421,0.2725000025704503,0.09283722267567082,0.3774999735876918,0.047619047619047616,0.3499999940395355,0.6899999946355819,0.08094869554042816,0.28250000178813933,0.36749997437000276,0.6499999761581421,0.0,20,1
eeg_gaze_video,loso,30,12,0.6000000238418579,0.21250000298023225,0.08642192978547723,0.38750002086162566,0.047619047619047616,0.25,0.7299999982118607,0.07399322837591171,0.2125000037252903,0.3875000201165676,0.6000000238418579,0.0,20,1
eeg_gaze_video,loso,30,13,0.6000000238418579,0.28250000029802325,0.07119515168184315,0.31750002354383466,0.047619047619047616,0.15000000596046448,0.7049999952316284,0.06355894356966019,0.30000000074505806,0.30000002309679985,0.6000000238418579,0.0,20,1
eeg_gaze_video,loso,30,14,0.800000011920929,0.2650000017136335,0.10380269574108963,0.5350000102072954,0.047619047619047616,0.30000001192092896,0.7300000011920929,0.11102479696273804,0.25250000320374966,0.5475000087171793,0.800000011920929,0.0,20,1
eeg_gaze_video,loso,30,15,0.699999988079071,0.3225000038743019,0.10662434155992088,0.37749998420476916,0.047619047619047616,0.30000001192092896,0.6774999961256981,0.0655636265873909,0.2875000022351742,0.41249998584389685,0.699999988079071,0.0,20,1
eeg_gaze_video,within,30,0,0.690625011920929,0.26171875223517416,0.01926062493626512,0.4289062596857548,0.047619047619047616,0.34687501192092896,0.7385937541723251,0.07822681963443756,0.26421874985098837,0.4264062620699406,0.690625011920929,0.0,320,1
eeg_gaze_video,within,30,1,0.706250011920929,0.26171874925494193,0.021053203863791413,0.444531262665987,0.047619047619047616,0.4000000059604645,0.7298437476158142,0.06640931218862534,0.2635937504470348,0.44265626147389414,0.706250011920929,0.0,320,1
eeg_gaze_video,within,30,2,0.690625011920929,0.26812500283122065,0.015549820083078278,0.4225000090897083,0.047619047619047616,0.25,0.7389062494039536,0.04654976725578308,0.26421874910593035,0.4264062628149986,0.690625011920929,0.0,320,1
eeg_gaze_video,within,30,3,0.6666666865348816,0.26698113679885865,0.02643941608457883,0.39968554973602294,0.047619047619047616,0.44968554377555847,0.7341194957494735,0.02559937909245491,0.26949685886502267,0.3971698276698589,0.6666666865348816,0.0,318,1
eeg_gaze_video,within,30,4,0.737500011920929,0.2528125010430813,0.025327926821981393,0.48468751087784767,0.047619047619047616,0.30000001192092896,0.7403125047683716,0.06226570904254913,0.2565625011920929,0.48093751072883606,0.737500011920929,0.0,320,1
eeg_imu,loso,5,0,0.3545454442501068,0.31159090995788574,0.032412469976769845,0.04295453429222107,0.14285714285714285,0.2863636314868927,0.6520454525947571,0.46047306060791016,0.2997727312147617,0.05477271303534509,0.3118181794881821,0.04272726476192473,220,1
eeg_imu,loso,5,1,0.5885167717933655,0.3117224842309952,0.030346962293587368,0.2767942875623703,0.047619047619047616,0.28229665756225586,0.6461722522974014,0.7217288613319397,0.316746412217617,0.27177035957574847,0.49425837248563764,0.09425839930772784,209,1
eeg_imu,loso,5,2,0.5772727131843567,0.31272726953029634,0.024671392132298152,0.26454544365406035,0.047619047619047616,0.3499999940395355,0.6422727197408676,0.6250444054603577,0.3247727245092392,0.25249998867511747,0.41272727251052854,0.16454544067382815,220,1
eeg_imu,loso,5,3,0.550000011920929,0.3245454549789429,0.029012678736820112,0.22545455694198607,0.047619047619047616,0.290909081697464,0.6036363661289215,0.8477947115898132,0.3386363580822945,0.21136365383863448,0.4913636341691017,0.05863637775182723,220,1
eeg_imu,loso,5,4,0.47727271914482117,0.3065909080207348,0.03205995704130173,0.17068181112408637,0.047619047619047616,0.3272727131843567,0.6693181812763214,0.698911726474762,0.3284090906381607,0.14886362850666046,0.3513636335730553,0.1259090855717659,220,1
eeg_imu,loso,5,5,0.5272727012634277,0.3172727271914482,0.0238192237960154,0.2099999740719795,0.047619047619047616,0.2818181812763214,0.6070454537868499,0.6426438093185425,0.32636363357305526,0.20090906769037248,0.47045454680919646,0.05681815445423127,220,1
eeg_imu,loso,5,6,0.47727271914482117,0.292500002682209,0.035392575667543454,0.18477271646261217,0.047619047619047616,0.25,0.6404545426368713,0.804961621761322,0.28954545333981513,0.18772726580500604,0.3918181821703911,0.08545453697443006,220,1
eeg_imu,loso,5,7,0.4909090995788574,0.31431817933917044,0.03172958205691437,0.17659092023968698,0.047619047619047616,0.2545454502105713,0.5672727316617966,0.6727179884910583,0.3211363598704338,0.1697727397084236,0.38863636255264283,0.10227273702621459,220,1
eeg_imu,loso,5,8,0.4227272868156433,0.3429545432329178,0.026716871689673946,0.07977274358272551,0.047619047619047616,0.26818183064460754,0.5625,0.7548384666442871,0.3345454499125481,0.08818183690309522,0.3424999967217445,0.08022729009389878,220,1
eeg_imu,loso,5,9,0.5681818127632141,0.3218181788921356,0.022980411845202043,0.2463636338710785,0.047619047619047616,0.30454546213150024,0.5834090888500214,0.8441612720489502,0.32181818336248397,0.24636362940073014,0.5031818181276322,0.06499999463558193,220,1
eeg_imu,loso,5,10,0.44090908765792847,0.32227272242307664,0.03152134207368176,0.11863636523485183,0.047619047619047616,0.25,0.5895454555749893,0.5674200057983398,0.31977272778749466,0.12113635987043381,0.3311363622546196,0.10977272540330885,220,1
eeg_imu,loso,5,11,0.44999998807907104,0.32045454531908035,0.027025393043893696,0.1295454427599907,0.047619047619047616,0.33636364340782166,0.6268181800842285,0.7631555795669556,0.3359090879559517,0.11409090012311934,0.33431818038225175,0.1156818076968193,220,1
eeg_imu,loso,5,12,0.48181816935539246,0.31136363595724104,0.021775524537164234,0.17045453339815142,0.047619047619047616,0.26363635063171387,0.641136360168457,0.7324984669685364,0.32022727131843565,0.1615908980369568,0.43159090876579287,0.05022726058959959,220,1
eeg_imu,loso,5,13,0.4727272689342499,0.3113636374473572,0.02729165789301504,0.1613636314868927,0.047619047619047616,0.2590909004211426,0.6297727316617966,0.7415462136268616,0.30522727221250534,0.16749999672174454,0.3318181812763214,0.14090908765792848,220,1
eeg_imu,loso,5,14,0.48636364936828613,0.2604545451700687,0.02313721233069664,0.22590910419821741,0.047619047619047616,0.26363635063171387,0.6915909111499786,0.5985414981842041,0.24977272674441336,0.23659092262387277,0.3659090906381607,0.12045455873012545,220,1
eeg_imu,loso,5,15,0.4000000059604645,0.32386363595724105,0.024891290678472858,0.07613637000322343,0.047619047619047616,0.2772727310657501,0.6572727262973785,0.37358537316322327,0.31977272778749466,0.08022727817296982,0.33749999701976774,0.06250000894069674,220,1
eeg_imu,within,5,0,0.4852272868156433,0.3130255684256554,0.009311629138332958,0.17220171838998793,0.047619047619047616,0.37301135063171387,0.6388920485973358,0.5350736975669861,0.31768466234207154,0.16754262447357177,0.3981107950210571,0.08711649179458619,3520,1
eeg_imu,within,5,1,0.47755682468414307,0.2957670450210571,0.007955509250487214,0.18178977966308596,0.047619047619047616,0.25,0.649715906381607,0.6642572283744812,0.2970596581697464,0.18049716651439668,0.3726136386394501,0.104943186044693,3520,1
eeg_imu,within,5,2,0.5409091114997864,0.35571022778749467,0.007279548437972857,0.1851988837122917,0.047619047619047616,0.3642045557498932,0.5692045450210571,0.6623907685279846,0.35784090906381605,0.18306820243597033,0.4604545459151268,0.08045456558465958,3520,1
eeg_imu,within,5,3,0.475414514541626,0.34206689447164534,0.007982322728921928,0.13334762006998063,0.047619047619047616,0.4248141646385193,0.59392509162426,0.6518401503562927,0.3503573462367058,0.1250571683049202,0.3905803352594376,0.0848341792821884,3498,1
eeg_imu,within,5,4,0.4778409004211426,0.33409090936183927,0.007129492132637354,0.1437499910593033,0.047619047619047616,0.2545454502105713,0.5792329549789429,0.5631744265556335,0.3379261359572411,0.1399147644639015,0.3976136356592178,0.08022726476192477,3520,1
eeg_imu,loso,10,0,0.30000001192092896,0.26199999898672105,0.04273172027459721,0.038000012934207905,0.2857142857142857,0.27000001072883606,0.6955000072717666,0.293568879365921,0.25799999833106996,0.042000013589859,0.27850000336766245,0.021500008553266503,100,1
eeg_imu,loso,10,1,0.5684210658073425,0.2710526317358017,0.04235125261842083,0.29736843407154084,0.047619047619047616,0.2947368323802948,0.739473682641983,0.2527082860469818,0.25421052724123,0.31421053856611253,0.37736842036247253,0.19105264544487,95,1
eeg_imu,loso,10,2,0.6399999856948853,0.24949999675154685,0.03542245137932509,0.39049998894333837,0.047619047619047616,0.25999999046325684,0.7415000021457672,0.2665078341960907,0.2710000015795231,0.36899998411536217,0.38299999982118604,0.2569999858736992,100,1
eeg_imu,loso,10,3,0.550000011920929,0.25500000044703486,0.03640054860720231,0.2950000114738941,0.047619047619047616,0.27000001072883606,0.7305000007152558,0.22891990840435028,0.27049999982118605,0.2795000120997429,0.41949999928474424,0.13050001263618471,100,1
eeg_imu,loso,10,4,0.49000000953674316,0.2800000004470348,0.038340581131858696,0.21000000908970834,0.047619047619047616,0.25999999046325684,0.7189999997615815,0.3829694390296936,0.2844999983906746,0.20550001114606858,0.33150000423192977,0.1585000053048134,100,1
eeg_imu,loso,10,5,0.5799999833106995,0.28850000351667404,0.061259692350174394,0.2914999797940254,0.047619047619047616,0.3700000047683716,0.6900000035762787,0.3287016749382019,0.2994999997317791,0.28049998357892036,0.41649999767541884,0.16349998563528062,100,1
eeg_imu,loso,10,6,0.5600000023841858,0.27499999701976774,0.04306971103159036,0.28500000536441805,0.047619047619047616,0.30000001192092896,0.7040000051259995,0.36901000142097473,0.2620000019669533,0.2980000004172325,0.36550000309944153,0.19449999928474426,100,1
eeg_imu,loso,10,7,0.47999998927116394,0.301500004529953,0.03978379246842124,0.17849998474121093,0.047619047619047616,0.2800000011920929,0.6800000041723251,0.2606245279312134,0.3330000013113022,0.14699998795986174,0.33699999898672106,0.14299999028444288,100,1
eeg_imu,loso,10,8,0.47999998927116394,0.3270000025629997,0.04648655366937112,0.15299998670816423,0.047619047619047616,0.30000001192092896,0.6269999980926514,0.34747323393821716,0.34050000458955765,0.1394999846816063,0.36949999928474425,0.11049998998641969,100,1
eeg_imu,loso,10,9,0.5799999833106995,0.29049999862909315,0.037212229223134816,0.2894999846816063,0.047619047619047616,0.2199999988079071,0.7010000050067902,0.23103094100952148,0.286999998986721,0.29299998432397845,0.41399999856948855,0.16599998474121092,100,1
eeg_imu,loso,10,10,0.5099999904632568,0.34200000315904616,0.04545327224261815,0.16799998730421067,0.047619047619047616,0.4300000071525574,0.6390000015497208,0.312932550907135,0.3280000016093254,0.18199998885393143,0.3800000011920929,0.12999998927116396,100,1
eeg_imu,loso,10,11,0.4000000059604645,0.2555000014603138,0.03185514371695676,0.14450000450015066,0.047619047619047616,0.33000001311302185,0.7330000013113022,0.23102036118507385,0.24649999886751175,0.15350000709295272,0.2694999992847443,0.1305000066757202,100,1
eeg_imu,loso,10,12,0.44999998807907104,0.2630000002682209,0.03303029054008029,0.18699998781085014,0.047619047619047616,0.3199999928474426,0.7000000029802322,0.285994291305542,0.23249999955296516,0.2174999885261059,0.35950000286102296,0.09049998521804808,100,1
eeg_imu,loso,10,13,0.550000011920929,0.3135000042617321,0.03785168565153415,0.23650000765919688,0.047619047619047616,0.44999998807907104,0.6620000034570694,0.28019073605537415,0.29500000178813934,0.2550000101327896,0.37599999755620955,0.1740000143647194,100,1
eeg_imu,loso,10,14,0.5,0.278999999165535,0.04134005679432857,0.22100000083446503,0.047619047619047616,0.28999999165534973,0.7085000008344651,0.26268303394317627,0.25349999964237213,0.24650000035762787,0.35300000160932543,0.14699999839067457,100,1
eeg_imu,loso,10,15,0.5099999904632568,0.24700000062584876,0.03976179065392461,0.2629999898374081,0.047619047619047616,0.25,0.7524999976158142,0.30264151096343994,0.273499995470047,0.23649999499320984,0.32200000435113907,0.18799998611211777,100,1
eeg_imu,within,10,0,0.48124998807907104,0.25628124848008155,0.013222074284772052,0.2249687395989895,0.047619047619047616,0.30000001192092896,0.7227500051259994,0.18180222809314728,0.26599999964237214,0.2152499884366989,0.348343750834465,0.13290623724460604,1600,1
eeg_imu,within,10,1,0.5525000095367432,0.26571874842047694,0.012830434531982573,0.28678126111626623,0.047619047619047616,0.25,0.728281244635582,0.40297141671180725,0.2752187490463257,0.27728126049041746,0.37487499713897704,0.17762501239776612,1600,1
eeg_imu,within,10,2,0.5718749761581421,0.34671875089406967,0.00827712414073795,0.22515622526407242,0.047619047619047616,0.3462499976158142,0.6410937428474426,0.31736069917678833,0.3571562498807907,0.2147187262773514,0.43674999922513963,0.13512497693300246,1600,1
eeg_imu,within,10,3,0.473584920167923,0.2635849043726921,0.007336956112596429,0.21000001579523087,0.047619047619047616,0.2635219991207123,0.7148427665233612,0.2610723674297333,0.2731761023402214,0.2004088178277016,0.3236163526773453,0.1499685674905777,1590,1
eeg_imu,within,10,4,0.49562498927116394,0.2562187500298023,0.012383005666657596,0.23940623924136162,0.047619047619047616,0.23874999582767487,0.6949999988079071,0.3888568580150604,0.2677812486886978,0.22784374058246615,0.34628124684095385,0.1493437424302101,1600,1
eeg_imu,loso,15,0,0.4000000059604645,0.24916667118668556,0.04872684709336992,0.15083333477377892,0.047619047619047616,0.20000000298023224,0.7116666704416275,0.0978374108672142,0.24916666969656945,0.15083333626389503,0.29666666984558104,0.10333333611488343,60,1
eeg_imu,loso,15,1,0.5614035129547119,0.2570175439119339,0.05930628947643032,0.30438596904277804,0.047619047619047616,0.31578946113586426,0.7140350878238678,0.11919254064559937,0.2026315785944462,0.3587719343602657,0.3701754376292229,0.19122807532548902,57,1
eeg_imu,loso,15,2,0.699999988079071,0.2541666701436043,0.0488407281250783,0.44583331793546677,0.047619047619047616,0.3166666626930237,0.7250000029802323,0.11164228618144989,0.2691666714847088,0.43083331659436225,0.4849999979138374,0.21499999016523363,60,1
eeg_imu,loso,15,3,0.5833333134651184,0.2616666711866856,0.05871304805958414,0.32166664227843283,0.047619047619047616,0.30000001192092896,0.7183333307504653,0.14427566528320312,0.271666669100523,0.3116666443645954,0.4333333298563957,0.1499999836087227,60,1
eeg_imu,loso,15,4,0.5,0.2633333370089531,0.04790036166630203,0.23666666299104688,0.047619047619047616,0.25,0.6941666692495346,0.19897206127643585,0.2658333361148834,0.2341666638851166,0.3749999970197678,0.12500000298023223,60,1
eeg_imu,loso,15,5,0.5666666626930237,0.2600000023841858,0.04983305354927597,0.3066666603088379,0.047619047619047616,0.25,0.7283333361148834,0.1746871918439865,0.2633333370089531,0.30333332568407056,0.461666664481163,0.10499999821186068,60,1
eeg_imu,loso,15,6,0.7333333492279053,0.26833333671092985,0.051071845520393525,0.4650000125169754,0.047619047619047616,0.23333333432674408,0.7066666632890701,0.18547222018241882,0.2783333361148834,0.45500001311302185,0.4416666641831398,0.29166668504476545,60,1
eeg_imu,loso,15,7,0.5333333611488342,0.2658333346247673,0.048153398910667305,0.2675000265240669,0.047619047619047616,0.28333333134651184,0.6891666620969772,0.09947765618562698,0.29666667282581327,0.23666668832302096,0.3191666707396507,0.2141666904091835,60,1
eeg_imu,loso,15,8,0.5666666626930237,0.26250000558793546,0.05574620327581536,0.3041666571050882,0.047619047619047616,0.3166666626930237,0.7208333313465118,0.14821717143058777,0.2850000038743019,0.28166665881872177,0.3708333343267441,0.1958333283662796,60,1
eeg_imu,loso,15,9,0.6333333253860474,0.25250000283122065,0.046926361499877306,0.3808333225548267,0.047619047619047616,0.20000000298023224,0.7416666686534882,0.16462178528308868,0.26333333775401113,0.36999998763203623,0.38166666477918626,0.2516666606068611,60,1
eeg_imu,loso,15,10,0.5833333134651184,0.24833333753049375,0.0542371332914576,0.33499997593462466,0.047619047619047616,0.28333333134651184,0.7274999976158142,0.14367541670799255,0.2600000038743019,0.3233333095908165,0.3833333358168602,0.19999997764825822,60,1
eeg_imu,loso,15,11,0.44999998807907104,0.22666667103767396,0.05280993318684193,0.22333331704139708,0.047619047619047616,0.23333333432674408,0.7066666632890701,0.15050426125526428,0.22083333767950536,0.22916665039956569,0.31500000283122065,0.1349999852478504,60,1
eeg_imu,loso,15,12,0.44999998807907104,0.24833333641290664,0.04969350518952234,0.2016666516661644,0.047619047619047616,0.23333333432674408,0.715000006556511,0.13621510565280914,0.23166667111217976,0.2183333169668913,0.39083333015441896,0.05916665792465209,60,1
eeg_imu,loso,15,13,0.5333333611488342,0.23000000193715095,0.045215531129969934,0.30333335921168325,0.047619047619047616,0.18333333730697632,0.7300000011920929,0.15719984471797943,0.2558333359658718,0.2775000251829624,0.3308333337306976,0.2025000274181366,60,1
eeg_imu,loso,15,14,0.6333333253860474,0.27166667133569716,0.05057996853601559,0.3616666540503502,0.047619047619047616,0.3166666626930237,0.6933333307504654,0.10581785440444946,0.2291666693985462,0.4041666559875011,0.4808333307504654,0.15249999463558195,60,1
eeg_imu,loso,15,15,0.5,0.25083333887159825,0.05997106039401938,0.24916666112840175,0.047619047619047616,0.1666666716337204,0.7291666626930237,0.19631409645080566,0.2583333350718021,0.24166666492819788,0.3458333358168602,0.1541666641831398,60,1
eeg_imu,within,15,0,0.5249999761581421,0.2563020870089531,0.010942335965615326,0.268697889149189,0.047619047619047616,0.21666666865348816,0.7355208277702332,0.06682642549276352,0.2649999976158142,0.25999997854232787,0.3736458316445351,0.15135414451360701,960,1
eeg_imu,within,15,1,0.5895833373069763,0.2702083356678486,0.013781526523194667,0.31937500163912774,0.047619047619047616,0.33125001192092896,0.7220833331346512,0.11408405005931854,0.27213541716337203,0.3174479201436043,0.4191666662693024,0.17041667103767394,960,1
eeg_imu,within,15,2,0.5739583373069763,0.28609375059604647,0.013706032902050412,0.28786458671092985,0.047619047619047616,0.3166666626930237,0.7220312505960464,0.08475405722856522,0.29375,0.2802083373069763,0.4155729189515114,0.15838541835546494,960,1
eeg_imu,within,15,3,0.5461215972900391,0.2590146765112877,0.008528010489682917,0.2871069207787514,0.047619047619047616,0.2851153016090393,0.7351153016090393,0.2291536182165146,0.2685010462999344,0.2776205509901047,0.37458071410655974,0.17154088318347932,954,1
eeg_imu,within,15,4,0.47187501192092896,0.23057291880249978,0.010255392886936943,0.24130209311842918,0.047619047619047616,0.27916666865348816,0.7084895819425583,0.2726743221282959,0.2391666665673256,0.23270834535360335,0.3356770858168602,0.13619792610406878,960,1
eeg_imu,loso,20,0,0.550000011920929,0.27750000059604646,0.06977642711512956,0.2725000113248825,0.047619047619047616,0.3499999940395355,0.7050000071525574,0.06783603876829147,0.29125000461935996,0.258750007301569,0.36499999463558197,0.18500001728534698,40,1
eeg_imu,loso,20,1,0.6842105388641357,0.27500000074505804,0.06682086518239626,0.4092105381190777,0.047619047619047616,0.28947368264198303,0.7078947275876999,0.0695069283246994,0.22894736975431443,0.45526316910982134,0.5526315793395042,0.1315789595246315,38,1
eeg_imu,loso,20,2,0.675000011920929,0.24000000059604645,0.04430011401032658,0.43500001132488253,0.047619047619047616,0.2750000059604645,0.7599999964237213,0.11718588322401047,0.2712499998509884,0.40375001206994054,0.5349999994039536,0.14000001251697536,40,1
eeg_imu,loso,20,3,0.625,0.2737500034272671,0.055042599384356794,0.3512499965727329,0.047619047619047616,0.20000000298023224,0.7025000005960464,0.07360812276601791,0.288749997317791,0.336250002682209,0.5200000002980232,0.10499999970197682,40,1
eeg_imu,loso,20,4,0.574999988079071,0.27125000208616257,0.06238739743877824,0.3037499859929085,0.047619047619047616,0.32499998807907104,0.6712500020861626,0.14144152402877808,0.27999999895691874,0.2949999891221523,0.42874999940395353,0.14624998867511751,40,1
eeg_imu,loso,20,5,0.4749999940395355,0.24500000104308128,0.08046738503974343,0.22999999299645424,0.047619047619047616,0.375,0.6862499922513962,0.08884158730506897,0.2762499988079071,0.1987499952316284,0.2937499977648258,0.18124999627470972,40,1
eeg_imu,loso,20,6,0.699999988079071,0.2625,0.06349212303172463,0.43749998807907103,0.047619047619047616,0.25,0.7249999910593032,0.11019528657197952,0.22875000089406966,0.4712499871850014,0.5274999991059304,0.17249998897314067,40,1
eeg_imu,loso,20,7,0.699999988079071,0.2762500010430813,0.06541932029293823,0.42374998703598976,0.047619047619047616,0.25,0.6950000017881394,0.1057860255241394,0.27999999895691874,0.4199999891221523,0.4737499997019768,0.22624998837709426,40,1
eeg_imu,loso,20,8,0.6000000238418579,0.2349999997764826,0.07000000011175891,0.36500002406537535,0.047619047619047616,0.3499999940395355,0.7174999982118606,0.10903174430131912,0.248750002682209,0.3512500211596489,0.46375000327825544,0.13625002056360247,40,1
eeg_imu,loso,20,9,0.6499999761581421,0.23250000104308127,0.06279928354811169,0.4174999751150608,0.047619047619047616,0.22499999403953552,0.7487499982118606,0.11367159336805344,0.2587499998509884,0.3912499763071537,0.44625000208616256,0.20374997407197953,40,1
eeg_imu,loso,20,10,0.4749999940395355,0.2587500028312206,0.06580036209337574,0.2162499912083149,0.047619047619047616,0.17499999701976776,0.722500005364418,0.08607671409845352,0.22250000201165676,0.25249999202787876,0.3262499995529652,0.14874999448657034,40,1
eeg_imu,loso,20,11,0.5249999761581421,0.2512500025331974,0.05616660624944168,0.2737499736249447,0.047619047619047616,0.25,0.7375,0.12230536341667175,0.20875000022351742,0.31624997593462467,0.34625000357627866,0.17874997258186343,40,1
eeg_imu,loso,20,12,0.42500001192092896,0.21374999955296517,0.06298561306114937,0.21125001236796379,0.047619047619047616,0.17499999701976776,0.7212499976158142,0.06772717088460922,0.20499999895691873,0.22000001296401023,0.39874999821186063,0.02625001370906832,40,1
eeg_imu,loso,20,13,0.5249999761581421,0.21125000230968,0.06397020860989323,0.3137499738484621,0.047619047619047616,0.22499999403953552,0.7537499994039536,0.09598055481910706,0.25750000178813937,0.2674999743700027,0.34124999716877935,0.18374997898936274,40,1
eeg_imu,loso,20,14,0.675000011920929,0.24375000074505807,0.06014305801467771,0.4312500111758709,0.047619047619047616,0.25,0.6899999976158142,0.10936299711465836,0.21500000096857547,0.4600000109523535,0.5387500002980232,0.13625001162290573,40,1
eeg_imu,loso,20,15,0.625,0.25125000104308126,0.06913528381072878,0.37374999895691874,0.047619047619047616,0.22499999403953552,0.7449999988079071,0.13578712940216064,0.2450000002980232,0.3799999997019768,0.42249999940395355,0.20250000059604645,40,1
eeg_imu,within,20,0,0.5218750238418579,0.2533593729138374,0.015311503263861223,0.2685156509280205,0.047619047619047616,0.2796874940395355,0.7220312505960464,0.09003768116235733,0.25812500193715093,0.263750021904707,0.39195312559604645,0.12992189824581146,640,1
eeg_imu,within,20,1,0.589062511920929,0.25601562559604646,0.011778752846032397,0.3330468863248825,0.047619047619047616,0.22499999403953552,0.7476562470197677,0.06407266855239868,0.25687500163912774,0.3321875102818012,0.446171872317791,0.14289063960313797,640,1
eeg_imu,within,20,2,0.620312511920929,0.2572656229138374,0.011902465321495508,0.36304688900709153,0.047619047619047616,0.24531249701976776,0.7390625029802322,0.07869242876768112,0.2661718763411045,0.35414063557982445,0.4688281238079071,0.15148438811302184,640,1
eeg_imu,within,20,3,0.5628930926322937,0.26297169625759126,0.015588056046022404,0.29992139637470244,0.047619047619047616,0.35062894225120544,0.7400157272815704,0.10729213058948517,0.2718553446233273,0.2910377480089664,0.4176886796951294,0.1452044129371643,636,1
eeg_imu,within,20,4,0.6015625,0.24117187559604644,0.01706114912853484,0.36039062440395353,0.047619047619047616,0.24843749403953552,0.7444531232118606,0.08581560850143433,0.24882812574505805,0.3527343742549419,0.45398437678813935,0.14757812321186065,640,1
eeg_imu,loso,30,0,0.3499999940395355,0.23000000230967999,0.08999999881618564,0.11999999172985554,0.23809523809523808,0.25,0.7275000005960465,0.038552504032850266,0.26000000089406966,0.08999999314546586,0.3499999940395355,0.0,20,1
eeg_imu,loso,30,1,0.7368420958518982,0.23684210628271102,0.07535695222513802,0.4999999895691872,0.047619047619047616,0.3684210479259491,0.7894736856222153,0.03625935688614845,0.25263157561421395,0.48421052023768424,0.7368420958518982,0.0,19,1
eeg_imu,loso,30,2,0.800000011920929,0.26250000186264516,0.09984362500553057,0.5375000100582839,0.047619047619047616,0.30000001192092896,0.7525000005960465,0.03841912001371384,0.2500000033527613,0.5500000085681677,0.800000011920929,0.0,20,1
eeg_imu,loso,30,3,0.699999988079071,0.24500000216066836,0.1160818661188177,0.4549999859184027,0.047619047619047616,0.25,0.7050000011920929,0.054839447140693665,0.19250000286847352,0.5074999852105975,0.699999988079071,0.0,20,1
eeg_imu,loso,30,4,0.550000011920929,0.2600000031292439,0.091651513313811,0.2900000087916851,0.047619047619047616,0.25,0.702499994635582,0.11036281287670135,0.24250000342726707,0.3075000084936619,0.550000011920929,0.0,20,1
eeg_imu,loso,30,5,0.550000011920929,0.31250000074505807,0.08926785274856093,0.23750001117587088,0.047619047619047616,0.4000000059604645,0.7075000017881393,0.05338456109166145,0.29750000350177286,0.2525000084191561,0.550000011920929,0.0,20,1
eeg_imu,loso,30,6,0.800000011920929,0.2775000024586916,0.08728544966494114,0.5225000094622374,0.047619047619047616,0.25,0.6825000077486039,0.05032874643802643,0.26750000528991225,0.5325000066310167,0.800000011920929,0.0,20,1
eeg_imu,loso,30,7,0.75,0.3075000047683716,0.0729297586041247,0.4424999952316284,0.047619047619047616,0.25,0.6999999940395355,0.10254576057195663,0.28750000298023226,0.46249999701976774,0.75,0.0,20,1
eeg_imu,loso,30,8,0.699999988079071,0.2525000017136335,0.10059199702149266,0.44749998636543753,0.047619047619047616,0.3499999940395355,0.7050000011920929,0.04447844624519348,0.2725000038743019,0.42749998420476915,0.699999988079071,0.0,20,1
eeg_imu,loso,30,9,0.800000011920929,0.2775000002235174,0.08135569705812987,0.5225000116974116,0.047619047619047616,0.20000000298023224,0.75,0.056005898863077164,0.31250000149011614,0.4875000104308128,0.800000011920929,0.0,20,1
eeg_imu,loso,30,10,0.4000000059604645,0.28000000342726705,0.10535653789626008,0.12000000253319743,0.14285714285714285,0.30000001192092896,0.6549999952316284,0.05013597384095192,0.20000000335276127,0.2000000026077032,0.4000000059604645,0.0,20,1
eeg_imu,loso,30,11,0.5,0.23000000193715095,0.10295629795075446,0.269999998062849,0.047619047619047616,0.25,0.7050000041723251,0.083646260201931,0.2825000025331974,0.2174999974668026,0.5,0.0,20,1
eeg_imu,loso,30,12,0.6000000238418579,0.2100000036880374,0.06442049494053222,0.3900000201538205,0.047619047619047616,0.25,0.7475000053644181,0.05517026036977768,0.19000000227242708,0.41000002156943083,0.6000000238418579,0.0,20,1
eeg_imu,loso,30,13,0.6000000238418579,0.28500000238418577,0.10259142081329592,0.31500002145767214,0.047619047619047616,0.30000001192092896,0.6899999976158142,0.04906102269887924,0.31499999985098837,0.28500002399086954,0.6000000238418579,0.0,20,1
eeg_imu,loso,30,14,0.6000000238418579,0.30500000566244123,0.09473647756695516,0.2950000181794167,0.047619047619047616,0.3499999940395355,0.6400000035762787,0.07318632304668427,0.2750000022351742,0.32500002160668373,0.6000000238418579,0.0,20,1
eeg_imu,loso,30,15,0.6499999761581421,0.28250000439584255,0.11321991889524226,0.36749997176229954,0.047619047619047616,0.15000000596046448,0.7550000071525573,0.04721784219145775,0.2500000037252903,0.3999999724328518,0.6499999761581421,0.0,20,1
eeg_imu,within,30,0,0.590624988079071,0.2573437474668026,0.02087619170923825,0.33328124061226844,0.047619047619047616,0.25,0.7389062523841858,0.04112463817000389,0.2689062528312206,0.32171873524785044,0.590624988079071,0.0,320,1
eeg_imu,within,30,1,0.640625,0.26124999970197677,0.021704692545034307,0.37937500029802323,0.047619047619047616,0.3499999940395355,0.7351562470197678,0.036271385848522186,0.2618749998509884,0.3787500001490116,0.640625,0.0,320,1
eeg_imu,within,30,2,0.653124988079071,0.2698437511920929,0.018860997943018515,0.3832812368869781,0.047619047619047616,0.10000000149011612,0.7267187476158142,0.05046170577406883,0.2684375025331974,0.3846874855458736,0.653124988079071,0.0,320,1
eeg_imu,within,30,3,0.650943398475647,0.2767295613884926,0.024093059031204234,0.3742138370871544,0.047619047619047616,0.2830188572406769,0.7336477965116501,0.058118630200624466,0.27735849022865294,0.37358490824699403,0.650943398475647,0.0,318,1
eeg_imu,within,30,4,0.668749988079071,0.25609375163912773,0.024734428432023996,0.4126562364399433,0.047619047619047616,0.15000000596046448,0.7403124988079071,0.11450101435184479,0.2542187511920929,0.4145312368869781,0.668749988079071,0.0,320,1
eeg_imu_video,loso,5,0,0.3863636255264282,0.3240909084677696,0.02208641813650138,0.06227271705865861,0.047619047619047616,0.2818181812763214,0.6300000041723252,0.61977219581604,0.33227272778749467,0.05409089773893355,0.35727272778749464,0.029090897738933585,220,1
eeg_imu_video,loso,5,1,0.540669858455658,0.31770334839820863,0.027585716471836712,0.22296651005744933,0.047619047619047616,0.28229665756225586,0.6318181872367858,0.7350472211837769,0.32081339657306673,0.21985646188259123,0.4930622011423111,0.047607657313346874,209,1
eeg_imu_video,loso,5,2,0.5636363625526428,0.3374999985098839,0.0212654888132797,0.22613636404275894,0.047619047619047616,0.25,0.5954545438289642,0.55000239610672,0.34522727131843567,0.21840909123420715,0.4438636377453804,0.11977272480726242,220,1
eeg_imu_video,loso,5,3,0.5272727012634277,0.31886363625526426,0.022094600271398347,0.20840906500816347,0.047619047619047616,0.33181819319725037,0.6370454519987107,0.626234233379364,0.30363636165857316,0.22363633960485457,0.4931818127632141,0.034090888500213634,220,1
eeg_imu_video,loso,5,4,0.4318181872367859,0.2740909121930599,0.02088437398630162,0.15772727504372597,0.047619047619047616,0.25,0.6831818133592605,0.5407397747039795,0.2647727243602276,0.1670454628765583,0.35136363804340365,0.08045454919338224,220,1
eeg_imu_video,loso,5,5,0.5772727131843567,0.3372727245092392,0.026332268345262262,0.23999998867511751,0.047619047619047616,0.2818181812763214,0.6256818175315857,0.7759122848510742,0.33090908974409106,0.24636362344026563,0.5531818270683289,0.024090886116027832,220,1
eeg_imu_video,loso,5,6,0.5863636136054993,0.31113636046648024,0.026011558972411766,0.275227253139019,0.047619047619047616,0.27272728085517883,0.6268181830644608,0.8224780559539795,0.2979545444250107,0.2884090691804886,0.5300000011920929,0.05636361241340637,220,1
eeg_imu_video,loso,5,7,0.5272727012634277,0.34522727578878404,0.029121965129217362,0.1820454254746437,0.047619047619047616,0.30909091234207153,0.6231818228960038,0.579372227191925,0.3236363634467125,0.20363633781671525,0.4409090936183929,0.08636360764503481,220,1
eeg_imu_video,loso,5,8,0.3590908944606781,0.27363636419177056,0.02577717373725521,0.08545453026890754,0.047619047619047616,0.30000001192092896,0.5954545438289642,0.5406307578086853,0.25977272912859917,0.09931816533207893,0.2697727233171463,0.0893181711435318,220,1
eeg_imu_video,loso,5,9,0.6499999761581421,0.3109090939164162,0.023328413484168142,0.3390908822417259,0.047619047619047616,0.23636363446712494,0.6793181777000428,0.576164960861206,0.2965909048914909,0.35340907126665116,0.5384090855717659,0.11159089058637617,220,1
eeg_imu_video,loso,5,10,0.4000000059604645,0.29886363446712494,0.021410731125429315,0.10113637149333954,0.047619047619047616,0.3181818127632141,0.5815909087657929,0.7256975769996643,0.2936363607645035,0.10636364519596098,0.3256818190217018,0.07431818693876269,220,1
eeg_imu_video,loso,5,11,0.3909091055393219,0.2634090892970562,0.025852209575211945,0.1275000162422657,0.047619047619047616,0.290909081697464,0.7238636314868927,0.5277462005615234,0.27181818187236784,0.11909092366695406,0.30159091055393217,0.08931819498538973,220,1
eeg_imu_video,loso,5,12,0.5227272510528564,0.3272727280855179,0.03129438955084527,0.19545452296733856,0.047619047619047616,0.25,0.612727266550064,0.5516400933265686,0.3081818148493767,0.21454543620347977,0.4954545393586159,0.02727271169424056,220,1
eeg_imu_video,loso,5,13,0.4227272868156433,0.3040909066796303,0.020824929837181056,0.11863638013601302,0.047619047619047616,0.25,0.6397727251052856,0.5581831932067871,0.31113636046648024,0.11159092634916307,0.31000000089406965,0.11272728592157366,220,1
eeg_imu_video,loso,5,14,0.6454545259475708,0.28818182200193404,0.03143930127098812,0.35727270394563676,0.047619047619047616,0.2863636314868927,0.654772725701332,0.6563916206359863,0.2906818211078644,0.3547727048397064,0.5629545450210571,0.08249998092651367,220,1
eeg_imu_video,loso,5,15,0.5227272510528564,0.34000000208616254,0.031082404378267717,0.1827272489666939,0.047619047619047616,0.26818183064460754,0.6440909057855606,0.6147984862327576,0.3325000017881393,0.19022724926471712,0.4175000011920929,0.10522724986076354,220,1
eeg_imu_video,within,5,0,0.5366477370262146,0.30321022421121596,0.005572165560628971,0.23343751281499864,0.047619047619047616,0.2610795497894287,0.6473437458276748,0.7348788976669312,0.3053835242986679,0.23126421272754671,0.4660369291901588,0.07061080783605578,3520,1
eeg_imu_video,within,5,1,0.5636363625526428,0.33303977102041243,0.007870959121539798,0.2305965915322304,0.047619047619047616,0.29005682468414307,0.6182812482118607,0.6201722621917725,0.33203124850988386,0.23160511404275896,0.47582386136054994,0.08781250119209288,3520,1
eeg_imu_video,within,5,2,0.5917613506317139,0.36038352400064466,0.008254530637144495,0.2313778266310692,0.047619047619047616,0.36704546213150024,0.6157528430223465,0.7046318054199219,0.3606107965111732,0.23115055412054064,0.5171590864658355,0.07460226416587834,3520,1
eeg_imu_video,within,5,3,0.4628359079360962,0.3597341328859329,0.007890053094316346,0.10310177505016327,0.047619047619047616,0.3110348880290985,0.5011006250977517,0.8710960745811462,0.3604917094111443,0.10234419852495191,0.4527730107307434,0.010062897205352805,3498,1
eeg_imu_video,within,5,4,0.48806819319725037,0.28471591472625735,0.005284089859458398,0.20335227847099302,0.047619047619047616,0.2818181812763214,0.6908522754907608,0.5885427594184875,0.2834659114480019,0.2046022817492485,0.3950426146388054,0.09302557855844495,3520,1
eeg_imu_video,loso,10,0,0.3199999928474426,0.24400000050663948,0.04903060482930657,0.07599999234080315,0.09523809523809523,0.2800000011920929,0.6925000071525573,0.515064001083374,0.24400000125169755,0.07599999159574508,0.2995000027120113,0.0204999901354313,100,1
eeg_imu_video,loso,10,1,0.621052622795105,0.27263157814741135,0.043515844125470084,0.34842104464769363,0.047619047619047616,0.3368421196937561,0.7310526341199874,0.20205485820770264,0.2947368428111076,0.32631577998399736,0.4173684224486351,0.2036842003464699,95,1
eeg_imu_video,loso,10,2,0.6800000071525574,0.278999999165535,0.03819686023543719,0.4010000079870224,0.047619047619047616,0.23999999463558197,0.7059999972581863,0.43045932054519653,0.2885000005364418,0.39150000661611556,0.40099999904632566,0.2790000081062317,100,1
eeg_imu_video,loso,10,3,0.6800000071525574,0.3500000014901161,0.04266145575201318,0.33000000566244125,0.047619047619047616,0.3499999940395355,0.6344999998807908,0.5058294534683228,0.34450000077486037,0.335500006377697,0.5999999940395355,0.08000001311302185,100,1
eeg_imu_video,loso,10,4,0.5400000214576721,0.2620000012218952,0.04833218645209536,0.2780000202357769,0.047619047619047616,0.25,0.720000010728836,0.2844421863555908,0.2604999989271164,0.2795000225305557,0.33300000205636027,0.20700001940131185,100,1
eeg_imu_video,loso,10,5,0.6499999761581421,0.27100000232458116,0.055127125134668976,0.37899997383356093,0.047619047619047616,0.2800000011920929,0.6995000004768371,0.3271827697753906,0.27750000134110453,0.37249997481703756,0.49499999135732653,0.15499998480081556,100,1
eeg_imu_video,loso,10,6,0.6200000047683716,0.24700000360608101,0.04775981782484429,0.3730000011622906,0.047619047619047616,0.20000000298023224,0.7179999977350235,0.2565348446369171,0.2320000000298023,0.38800000473856927,0.44849999994039536,0.17150000482797623,100,1
eeg_imu_video,loso,10,7,0.6100000143051147,0.24849999994039534,0.03902243036186742,0.3615000143647194,0.047619047619047616,0.25,0.7125000029802322,0.2839237153530121,0.2684999994933605,0.34150001481175424,0.403499998152256,0.20650001615285873,100,1
eeg_imu_video,loso,10,8,0.4699999988079071,0.3039999984204769,0.05704384222461009,0.16600000038743018,0.047619047619047616,0.23000000417232513,0.6854999959468842,0.19340600073337555,0.28000000193715097,0.18999999687075614,0.3445000022649765,0.1254999965429306,100,1
eeg_imu_video,loso,10,9,0.6100000143051147,0.2680000014603138,0.0404474963887514,0.34200001284480097,0.047619047619047616,0.2800000011920929,0.7235000103712081,0.2517390847206116,0.28250000029802325,0.3275000140070915,0.4714999973773956,0.13850001692771913,100,1
eeg_imu_video,loso,10,10,0.4699999988079071,0.2950000032782555,0.054909015256956496,0.17499999552965162,0.047619047619047616,0.25999999046325684,0.6770000070333481,0.30248117446899414,0.2880000002682209,0.18199999853968618,0.3405000016093254,0.12949999719858168,100,1
eeg_imu_video,loso,10,11,0.5099999904632568,0.2614999979734421,0.03453621234536808,0.24849999248981475,0.047619047619047616,0.1899999976158142,0.7224999964237213,0.2506175935268402,0.2559999980032444,0.2539999924600124,0.30350000262260435,0.2064999878406525,100,1
eeg_imu_video,loso,10,12,0.6299999952316284,0.3045000024139881,0.05152426718939738,0.3254999928176403,0.047619047619047616,0.3199999928474426,0.6709999978542328,0.41574805974960327,0.26150000244379046,0.36849999278783796,0.575,0.05499999523162846,100,1
eeg_imu_video,loso,10,13,0.4699999988079071,0.2649999983608723,0.03840572790515814,0.2050000004470348,0.047619047619047616,0.1899999976158142,0.7094999998807907,0.2335178256034851,0.2445000022649765,0.2254999965429306,0.2944999985396862,0.17550000026822088,100,1
eeg_imu_video,loso,10,14,0.6100000143051147,0.2760000005364418,0.03773592577762746,0.33400001376867294,0.047619047619047616,0.2800000011920929,0.7235000044107437,0.4001733064651489,0.25049999728798866,0.3595000170171261,0.41700000017881395,0.1930000141263008,100,1
eeg_imu_video,loso,10,15,0.46000000834465027,0.2675000004470348,0.04720963955177203,0.19250000789761545,0.047619047619047616,0.25,0.7330000013113022,0.3968997001647949,0.2879999987781048,0.1720000095665455,0.31350000500679015,0.14650000333786012,100,1
eeg_imu_video,within,10,0,0.6025000214576721,0.3064687505364418,0.013008823444417691,0.2960312709212303,0.047619047619047616,0.25,0.6901874989271164,0.6764391660690308,0.32278124839067457,0.27971877306699755,0.4582499980926514,0.14425002336502074,1600,1
eeg_imu_video,within,10,1,0.6006249785423279,0.3116562500596046,0.01097453640178848,0.28896872848272326,0.047619047619047616,0.27000001072883606,0.6605937451124191,0.5022904276847839,0.3129999995231628,0.28762497901916506,0.4600312501192093,0.14059372842311857,1600,1
eeg_imu_video,within,10,2,0.5606250166893005,0.259875001013279,0.008908386451897635,0.30075001567602155,0.047619047619047616,0.23999999463558197,0.7308750033378602,0.3091947138309479,0.27371875047683714,0.2869062662124634,0.4151562511920929,0.14546876549720766,1600,1
eeg_imu_video,within,10,3,0.49056604504585266,0.27518867775797845,0.010863354636975018,0.2153773672878742,0.047619047619047616,0.31069183349609375,0.7008805096149444,0.3217310309410095,0.28723270297050474,0.20333334207534792,0.3709433972835541,0.11962264776229858,1590,1
eeg_imu_video,within,10,4,0.4737499952316284,0.2328437499701977,0.008960579417137692,0.24090624526143073,0.047619047619047616,0.23999999463558197,0.7272499978542328,0.33484429121017456,0.24284374937415124,0.23090624585747718,0.3482812523841858,0.12546874284744264,1600,1
eeg_imu_video,loso,15,0,0.38333332538604736,0.24416667297482492,0.040233695135576474,0.13916665241122245,0.047619047619047616,0.2666666805744171,0.7266666680574417,0.16127267479896545,0.23083333782851695,0.15249998755753041,0.3475000008940697,0.03583332449197768,60,1
eeg_imu_video,loso,15,1,0.6842105388641357,0.25964912474155427,0.07008766436774697,0.42456141412258147,0.047619047619047616,0.2982456088066101,0.7298245579004288,0.16058988869190216,0.24298245534300805,0.4412280835211277,0.4535087749361992,0.23070176392793657,57,1
eeg_imu_video,loso,15,2,0.7333333492279053,0.2850000038743019,0.06495725069832212,0.44833334535360336,0.047619047619047616,0.25,0.7216666609048843,0.14947611093521118,0.28166667073965074,0.45166667848825454,0.4974999979138374,0.23583335131406785,60,1
eeg_imu_video,loso,15,3,0.7166666388511658,0.28000000193715097,0.05338539133459,0.4366666369140148,0.047619047619047616,0.3166666626930237,0.702499994635582,0.22979600727558136,0.2683333374559879,0.44833330139517785,0.5375000059604644,0.17916663289070134,60,1
eeg_imu_video,loso,15,4,0.5666666626930237,0.27083333656191827,0.0518745806010339,0.2958333261311054,0.047619047619047616,0.25,0.7291666597127915,0.15372011065483093,0.27083333730697634,0.29583332538604734,0.40166666358709335,0.16499999910593033,60,1
eeg_imu_video,loso,15,5,0.6333333253860474,0.27333334013819693,0.06485025551473672,0.35999998524785043,0.047619047619047616,0.25,0.7324999958276749,0.17475154995918274,0.24916667193174363,0.38416665345430373,0.5341666758060455,0.09916664958000188,60,1
eeg_imu_video,loso,15,6,0.7833333611488342,0.2516666702926159,0.059837743012512594,0.5316666908562183,0.047619047619047616,0.2666666805744171,0.7408333331346512,0.0750446543097496,0.24833333864808083,0.5350000225007534,0.49833333045244216,0.28500003069639207,60,1
eeg_imu_video,loso,15,7,0.6333333253860474,0.2766666680574417,0.0810349697412158,0.35666665732860564,0.047619047619047616,0.2666666805744171,0.7266666650772095,0.19464124739170074,0.2783333361148834,0.35499998927116394,0.3366666674613953,0.2966666579246521,60,1
eeg_imu_video,loso,15,8,0.46666666865348816,0.24416667148470877,0.06396070812662041,0.22249999716877938,0.047619047619047616,0.23333333432674408,0.6816666692495346,0.10370965301990509,0.2800000049173832,0.18666666373610497,0.3225000038743019,0.14416666477918627,60,1
eeg_imu_video,loso,15,9,0.6333333253860474,0.2633333370089531,0.053385391148507176,0.36999998837709425,0.047619047619047616,0.21666666865348816,0.7416666656732559,0.09604006260633469,0.2575000025331974,0.37583332285285,0.48333333134651185,0.1499999940395355,60,1
eeg_imu_video,loso,15,10,0.4333333373069763,0.24666667133569717,0.04236088418204986,0.18666666597127915,0.047619047619047616,0.23333333432674408,0.7058333337306977,0.22343820333480835,0.25166667103767393,0.1816666662693024,0.2941666699945927,0.13916666731238364,60,1
eeg_imu_video,loso,15,11,0.550000011920929,0.2491666704416275,0.0406458290084783,0.30083334147930146,0.047619047619047616,0.25,0.7441666632890701,0.10634530335664749,0.24250000342726707,0.3075000084936619,0.37666666582226754,0.1733333460986614,60,1
eeg_imu_video,loso,15,12,0.5166666507720947,0.24583333656191825,0.05648868971171257,0.2708333142101765,0.047619047619047616,0.21666666865348816,0.7283333361148834,0.13595789670944214,0.23416667021811008,0.2824999805539846,0.43999999612569807,0.07666665464639666,60,1
eeg_imu_video,loso,15,13,0.5333333611488342,0.27333334013819693,0.055627731953848555,0.2600000210106373,0.047619047619047616,0.21666666865348816,0.7191666722297668,0.19578923285007477,0.2483333356678486,0.28500002548098563,0.34416666999459267,0.18916669115424156,60,1
eeg_imu_video,loso,15,14,0.7166666388511658,0.25750000290572644,0.05808877194324307,0.4591666359454393,0.047619047619047616,0.2666666805744171,0.7150000005960464,0.12782078981399536,0.2291666716337204,0.4874999672174454,0.5283333376049996,0.1883333012461662,60,1
eeg_imu_video,loso,15,15,0.550000011920929,0.2691666729748249,0.0469263612617199,0.28083333894610407,0.047619047619047616,0.23333333432674408,0.700833335518837,0.23244228959083557,0.2900000028312206,0.26000000908970833,0.444999997317791,0.10500001460313796,60,1
eeg_imu_video,within,15,0,0.6166666746139526,0.27557291835546494,0.016362705474667786,0.3410937562584877,0.047619047619047616,0.3499999940395355,0.722395834326744,0.25423964858055115,0.27723958194255827,0.33942709267139437,0.4644791692495346,0.15218750536441805,960,1
eeg_imu_video,within,15,1,0.5958333611488342,0.26656249836087226,0.014259422794477379,0.32927086278796197,0.047619047619047616,0.28333333134651184,0.7167187482118607,0.1531190723180771,0.26953124925494193,0.3263021118938923,0.4286979168653488,0.16713544428348542,960,1
eeg_imu_video,within,15,2,0.578125,0.2851041674613953,0.011632674598989428,0.2930208325386047,0.047619047619047616,0.28333333134651184,0.7128124982118607,0.14307023584842682,0.29197916835546495,0.28614583164453505,0.4373958334326744,0.1407291665673256,960,1
eeg_imu_video,within,15,3,0.5429769158363342,0.26352201253175733,0.014343361844143502,0.2794549033045769,0.047619047619047616,0.30188679695129395,0.7256813406944275,0.1722007542848587,0.27300838828086854,0.2699685275554657,0.40303983390331266,0.13993708193302157,954,1
eeg_imu_video,within,15,4,0.5177083611488342,0.2341666676104069,0.013215626776890125,0.28354169353842734,0.047619047619047616,0.21770833432674408,0.7352604180574417,0.14672623574733734,0.24645833298563957,0.27125002816319466,0.3739062502980232,0.14380211085081102,960,1
eeg_imu_video,loso,20,0,0.5,0.242500002682209,0.06896557346499214,0.257499997317791,0.047619047619047616,0.2750000059604645,0.7037499994039536,0.13647641241550446,0.2487500011920929,0.2512499988079071,0.38249999582767485,0.11750000417232515,40,1
eeg_imu_video,loso,20,1,0.6315789222717285,0.2921052657067776,0.08563758156358763,0.33947365656495093,0.047619047619047616,0.21052631735801697,0.6855263084173202,0.11346422880887985,0.27763158157467843,0.3539473406970501,0.47105263769626615,0.16052628457546236,38,1
eeg_imu_video,loso,20,2,0.6499999761581421,0.2375,0.06149186889658994,0.4124999761581421,0.047619047619047616,0.25,0.7612500011920929,0.1015966460108757,0.2487500011920929,0.4012499749660492,0.4374999970197678,0.21249997913837432,40,1
eeg_imu_video,loso,20,3,0.699999988079071,0.2749999977648258,0.049371042711684826,0.42499999031424524,0.047619047619047616,0.375,0.7025000005960464,0.1021176278591156,0.26374999806284904,0.436249990016222,0.5637500002980232,0.1362499877810478,40,1
eeg_imu_video,loso,20,4,0.550000011920929,0.26875000074505806,0.07618849980057811,0.2812500111758709,0.047619047619047616,0.25,0.6900000005960465,0.09854860603809357,0.2687500022351742,0.28125000968575475,0.37500000149011614,0.1750000104308128,40,1
eeg_imu_video,loso,20,5,0.6499999761581421,0.25874999910593033,0.06387243105277152,0.39124997705221176,0.047619047619047616,0.32499998807907104,0.7112499952316285,0.09099362045526505,0.2825000025331974,0.3674999736249447,0.4037499949336052,0.2462499812245369,40,1
eeg_imu_video,loso,20,6,0.550000011920929,0.23250000402331353,0.04943430284001381,0.31750000789761545,0.047619047619047616,0.22499999403953552,0.7425000041723251,0.09985461831092834,0.21750000081956386,0.33250001110136507,0.47124999612569807,0.07875001579523089,40,1
eeg_imu_video,loso,20,7,0.7250000238418579,0.25624999701976775,0.05054391662159371,0.46875002682209016,0.047619047619047616,0.22499999403953552,0.7162500053644181,0.09172952175140381,0.24124999903142452,0.4837500248104334,0.5162499994039536,0.20875002443790436,40,1
eeg_imu_video,loso,20,8,0.6499999761581421,0.2462499998509884,0.07038954154195841,0.4037499763071537,0.047619047619047616,0.2750000059604645,0.6874999970197677,0.0922546312212944,0.2587500000372529,0.3912499761208892,0.49999999403953554,0.14999998211860655,40,1
eeg_imu_video,loso,20,9,0.675000011920929,0.25249999910593035,0.05857687069955999,0.4225000128149986,0.047619047619047616,0.20000000298023224,0.7174999952316284,0.10617388039827347,0.2662500012665987,0.40875001065433025,0.5299999982118606,0.14500001370906834,40,1
eeg_imu_video,loso,20,10,0.5,0.2699999988079071,0.06154266475988662,0.2300000011920929,0.047619047619047616,0.2750000059604645,0.697500005364418,0.07949794083833694,0.2649999998509884,0.23500000014901162,0.3375000022351742,0.16249999776482582,40,1
eeg_imu_video,loso,20,11,0.44999998807907104,0.2462499976158142,0.06859072049648016,0.20374999046325684,0.047619047619047616,0.30000001192092896,0.7162499994039535,0.0958527997136116,0.23375000283122063,0.2162499852478504,0.29125000089406966,0.15874998718500138,40,1
eeg_imu_video,loso,20,12,0.550000011920929,0.23625000268220903,0.05616660610020882,0.31375000923871993,0.047619047619047616,0.32499998807907104,0.7387500017881393,0.08120142668485641,0.19999999962747098,0.350000012293458,0.5024999946355819,0.04750001728534703,40,1
eeg_imu_video,loso,20,13,0.574999988079071,0.2512499995529652,0.06248749816252703,0.32374998852610587,0.047619047619047616,0.25,0.7149999976158142,0.08582916110754013,0.24374999962747096,0.3312499884516001,0.44124999791383746,0.1337499901652336,40,1
eeg_imu_video,loso,20,14,0.824999988079071,0.30375000089406967,0.060866144064615636,0.5212499871850014,0.047619047619047616,0.20000000298023224,0.6625,0.07840243726968765,0.2674999989569187,0.5574999891221524,0.7074999988079071,0.1174999892711639,40,1
eeg_imu_video,loso,20,15,0.625,0.2712499998509884,0.08741960587552366,0.3537500001490116,0.047619047619047616,0.25,0.75,0.15263240039348602,0.2725000023841858,0.3524999976158142,0.4237499967217445,0.20125000327825548,40,1
eeg_imu_video,within,20,0,0.6312500238418579,0.2615625001490116,0.01721162979486656,0.3696875236928463,0.047619047619047616,0.22812500596046448,0.736484369635582,0.11810769140720367,0.26242187470197675,0.36882814913988116,0.4913281261920929,0.13992189764976504,640,1
eeg_imu_video,within,20,1,0.6343749761581421,0.25835937559604644,0.018410169496417536,0.37601560056209565,0.047619047619047616,0.2750000059604645,0.7388281226158142,0.08586886525154114,0.25695312544703486,0.37742185071110723,0.4807812511920929,0.15359372496604917,640,1
eeg_imu_video,within,20,2,0.574999988079071,0.2571875013411045,0.0193800398305327,0.3178124867379665,0.047619047619047616,0.22499999403953552,0.736328125,0.08804582059383392,0.26640625298023224,0.3085937350988388,0.4374999970197678,0.13749999105930327,640,1
eeg_imu_video,within,20,3,0.5754716992378235,0.2632075481116772,0.016900868664339964,0.3122641511261463,0.047619047619047616,0.2515723407268524,0.7297169834375381,0.08701446652412415,0.27531446516513824,0.30015723407268524,0.45062893331050874,0.12484276592731475,636,1
eeg_imu_video,within,20,4,0.614062488079071,0.24546875059604645,0.013584767688571092,0.3685937374830246,0.047619047619047616,0.20156249403953552,0.7340624958276749,0.10232876986265182,0.25171874910593034,0.3623437389731407,0.47617187201976774,0.1378906160593033,640,1
eeg_imu_video,loso,30,0,0.550000011920929,0.24000000171363353,0.10559355898442178,0.3100000102072954,0.047619047619047616,0.25,0.7099999964237214,0.08233541995286942,0.29250000342726706,0.2575000084936619,0.550000011920929,0.0,20,1
eeg_imu_video,loso,30,1,0.7894737124443054,0.22631578668951988,0.09719044642944498,0.5631579257547855,0.047619047619047616,0.3684210479259491,0.7710526317358017,0.05681460723280907,0.22105263099074363,0.5684210814535617,0.7894737124443054,0.0,19,1
eeg_imu_video,loso,30,2,0.8500000238418579,0.26750000193715096,0.10158124610217541,0.582500021904707,0.047619047619047616,0.25,0.735000005364418,0.017873838543891907,0.25500000193715094,0.5950000219047069,0.8500000238418579,0.0,20,1
eeg_imu_video,loso,30,3,0.44999998807907104,0.35500000081956384,0.10356157314859067,0.0949999872595072,0.3333333333333333,0.30000001192092896,0.725,0.16315609216690063,0.32250000089406966,0.12749998718500138,0.44999998807907104,0.0,20,1
eeg_imu_video,loso,30,4,0.550000011920929,0.24750000331550837,0.10544548369408116,0.3025000086054206,0.047619047619047616,0.20000000298023224,0.7049999952316284,0.07691723853349686,0.26000000406056645,0.2900000078603625,0.550000011920929,0.0,20,1
eeg_imu_video,loso,30,5,0.6000000238418579,0.2475000021979213,0.09679230173786298,0.3525000216439366,0.047619047619047616,0.30000001192092896,0.6949999928474426,0.05844130367040634,0.2675000008195639,0.33250002302229403,0.6000000238418579,0.0,20,1
eeg_imu_video,loso,30,6,0.75,0.2300000037997961,0.10295630211182451,0.5199999962002039,0.047619047619047616,0.15000000596046448,0.772500005364418,0.04256487265229225,0.22500000111758708,0.5249999988824129,0.75,0.0,20,1
eeg_imu_video,loso,30,7,0.8500000238418579,0.3150000013411045,0.07921489470127703,0.5350000225007534,0.047619047619047616,0.20000000298023224,0.6925000011920929,0.053084101527929306,0.3400000028312206,0.5100000210106372,0.8500000238418579,0.0,20,1
eeg_imu_video,loso,30,8,0.6499999761581421,0.26500000413507224,0.08077747212315914,0.38499997202306985,0.047619047619047616,0.20000000298023224,0.6599999964237213,0.031418297439813614,0.2825000025331974,0.3674999736249447,0.6499999761581421,0.0,20,1
eeg_imu_video,loso,30,9,0.75,0.2500000009313226,0.0921954419061035,0.4999999990686774,0.047619047619047616,0.20000000298023224,0.7375,0.059733301401138306,0.2250000037252903,0.5249999962747097,0.75,0.0,20,1
eeg_imu_video,loso,30,10,0.4000000059604645,0.24250000361353158,0.09390820006422147,0.1575000023469329,0.09523809523809523,0.20000000298023224,0.6625,0.06560634076595306,0.21500000450760126,0.18500000145286322,0.4000000059604645,0.0,20,1
eeg_imu_video,loso,30,11,0.44999998807907104,0.2825000014156103,0.09120717857546982,0.16749998666346072,0.14285714285714285,0.3499999940395355,0.6650000035762786,0.06141146644949913,0.2675000004470348,0.18249998763203623,0.44999998807907104,0.0,20,1
eeg_imu_video,loso,30,12,0.6000000238418579,0.21250000316649675,0.08196798118450921,0.38750002067536116,0.047619047619047616,0.3499999940395355,0.7249999970197678,0.0588051863014698,0.23750000409781932,0.36250001974403856,0.6000000238418579,0.0,20,1
eeg_imu_video,loso,30,13,0.550000011920929,0.19000000301748515,0.08746427836305058,0.3600000089034438,0.047619047619047616,0.30000001192092896,0.7324999958276749,0.03943246603012085,0.2000000039115548,0.35000000800937414,0.550000011920929,0.0,20,1
eeg_imu_video,loso,30,14,0.75,0.265000001527369,0.10965855990511579,0.484999998472631,0.047619047619047616,0.15000000596046448,0.7274999976158142,0.047220904380083084,0.27250000163912774,0.47749999836087226,0.75,0.0,20,1
eeg_imu_video,loso,30,15,0.75,0.2800000039860606,0.09273618458940266,0.4699999960139394,0.047619047619047616,0.30000001192092896,0.7375,0.05787798389792442,0.2750000014901161,0.4749999985098839,0.75,0.0,20,1
eeg_imu_video,within,30,0,0.6187499761581421,0.26296875104308126,0.02652156976263673,0.35578122511506083,0.047619047619047616,0.34687501192092896,0.7390624970197678,0.12015741318464279,0.2729687511920929,0.3457812249660492,0.6187499761581421,0.0,320,1
eeg_imu_video,within,30,1,0.684374988079071,0.24984374940395354,0.02393176687844529,0.4345312386751175,0.047619047619047616,0.3812499940395355,0.7525000035762787,0.06935494393110275,0.26531249955296515,0.4190624885261059,0.684374988079071,0.0,320,1
eeg_imu_video,within,30,2,0.6312500238418579,0.26515625044703484,0.028077649962453592,0.3660937733948231,0.047619047619047616,0.20000000298023224,0.7328124940395355,0.017750032246112823,0.2640625014901161,0.3671875223517418,0.6312500238418579,0.0,320,1
eeg_imu_video,within,30,3,0.5062893033027649,0.2676100626587868,0.02459875280486038,0.2386792406439781,0.047619047619047616,0.2515723407268524,0.7210691779851913,0.11661864817142487,0.278616351634264,0.22767295166850088,0.5062893033027649,0.0,318,1
eeg_imu_video,within,30,4,0.6781250238418579,0.2579687491059303,0.021907900372676075,0.4201562747359276,0.047619047619047616,0.3499999940395355,0.7371874988079071,0.045874711126089096,0.25984374806284904,0.41828127577900887,0.6781250238418579,0.0,320,1
eeg_video,loso,5,0,0.40909090638160706,0.3238636329770088,0.02859936201169944,0.08522727340459824,0.047619047619047616,0.2590909004211426,0.6418181777000427,0.7726086378097534,0.3215909078717232,0.08749999850988388,0.35840909034013746,0.050681816041469596,220,1
eeg_video,loso,5,1,0.6090909242630005,0.31954545229673387,0.025877170918927692,0.2895454719662666,0.047619047619047616,0.2545454502105713,0.6054545402526855,0.7200159430503845,0.3168181821703911,0.2922727420926094,0.45590909421443937,0.15318183004856112,220,1
eeg_video,loso,5,2,0.5090909004211426,0.3354545429348946,0.029267927096972575,0.173636357486248,0.047619047619047616,0.3863636255264282,0.5813636302947998,0.5496770143508911,0.3331818163394928,0.1759090840816498,0.42159091085195544,0.08749998956918714,220,1
eeg_video,loso,5,3,0.6272727251052856,0.3536363586783409,0.027484034172909066,0.2736363664269447,0.047619047619047616,0.3227272629737854,0.6090909123420716,0.639130711555481,0.3475000008940697,0.27977272421121596,0.5586363703012467,0.06863635480403896,220,1
eeg_video,loso,5,4,0.5136363506317139,0.31840908974409105,0.02656175418074824,0.19522726088762282,0.047619047619047616,0.25,0.6440909087657929,0.7749087810516357,0.325454543530941,0.18818180710077287,0.46568181961774824,0.04795453101396563,220,1
eeg_video,loso,5,5,0.5090909004211426,0.3147727265954018,0.02408983450689403,0.1943181738257408,0.047619047619047616,0.2863636314868927,0.6513636380434036,0.515468418598175,0.3172727271914482,0.19181817322969436,0.41636364012956617,0.09272726029157641,220,1
eeg_video,loso,5,6,0.5863636136054993,0.28113636150956156,0.02655397488343216,0.3052272520959377,0.047619047619047616,0.2181818187236786,0.7002272754907608,0.8798375725746155,0.2645454563200474,0.3218181572854519,0.5006818190217018,0.08568179458379743,220,1
eeg_video,loso,5,7,0.5181818008422852,0.31772727221250535,0.01965088017279181,0.2004545286297798,0.047619047619047616,0.25,0.6465909063816071,0.6896212697029114,0.3118181832134724,0.20636361762881278,0.3890909105539322,0.12909089028835297,220,1
eeg_video,loso,5,8,0.37727272510528564,0.33499999791383744,0.02448224474238805,0.0422727271914482,0.09523809523809523,0.2590909004211426,0.5122727274894714,0.6746858358383179,0.3420454517006874,0.03522727340459825,0.31931818276643753,0.057954542338848114,220,1
eeg_video,loso,5,9,0.5409091114997864,0.3365909069776535,0.02894405225164331,0.2043182045221329,0.047619047619047616,0.3227272629737854,0.5727272778749466,0.6454280614852905,0.33954545110464096,0.20136366039514542,0.46068181842565536,0.08022729307413101,220,1
eeg_video,loso,5,10,0.41818180680274963,0.3395454496145248,0.024942082106141607,0.07863635718822481,0.047619047619047616,0.25,0.5697727352380753,0.5941862463951111,0.33090908974409106,0.08727271705865858,0.3465909093618393,0.07159089744091035,220,1
eeg_video,loso,5,11,0.4545454680919647,0.3293181791901588,0.03319971410880052,0.1252272889018059,0.047619047619047616,0.26363635063171387,0.6254545539617539,0.6947616934776306,0.3188636347651482,0.13568183332681655,0.35909091085195544,0.09545455724000929,220,1
eeg_video,loso,5,12,0.47727271914482117,0.302045451104641,0.022520654879215524,0.17522726804018018,0.047619047619047616,0.2863636314868927,0.6415909111499787,0.6986589431762695,0.2975000001490116,0.17977271899580954,0.4197727248072624,0.05749999433755876,220,1
eeg_video,loso,5,13,0.5272727012634277,0.29272727146744726,0.02936658765251242,0.23454542979598048,0.047619047619047616,0.25,0.6772727221250534,0.5304274559020996,0.3029545471072197,0.22431815415620804,0.3574999958276749,0.16977270543575285,220,1
eeg_video,loso,5,14,0.6227272748947144,0.3318181797862053,0.02772354615257171,0.29090909510850904,0.047619047619047616,0.34545454382896423,0.6072727292776108,0.5850335955619812,0.34295454174280166,0.2797727331519127,0.4859090894460678,0.13681818544864655,220,1
eeg_video,loso,5,15,0.44090908765792847,0.286363635212183,0.026891271031532264,0.15454545244574547,0.047619047619047616,0.27272728085517883,0.683181819319725,0.6977078318595886,0.3024999998509884,0.13840908780694006,0.3677272707223892,0.07318181693553927,220,1
eeg_video,within,5,0,0.42414772510528564,0.25372159481048584,0.007833337987907404,0.1704261302947998,0.047619047619047616,0.2855113744735718,0.7094886392354965,0.6470546722412109,0.2539630696177483,0.17018465548753736,0.3546875029802322,0.06946022212505343,3520,1
eeg_video,within,5,1,0.5201704502105713,0.3377414748072624,0.007787549660061019,0.18242897540330888,0.047619047619047616,0.32613635063171387,0.55079545378685,0.6885230541229248,0.3373863622546196,0.1827840879559517,0.4381960228085518,0.08197442740201949,3520,1
eeg_video,within,5,2,0.5707386136054993,0.3690056800842285,0.00552036048938624,0.20173293352127075,0.047619047619047616,0.3278408944606781,0.5758096605539322,0.5608705878257751,0.37438920587301255,0.1963494077324867,0.4740340918302536,0.09670452177524569,3520,1
eeg_video,within,5,3,0.4846591055393219,0.31686079651117327,0.007344877725895616,0.16779830902814863,0.047619047619047616,0.25,0.5715482950210571,0.7527242302894592,0.32177557051181793,0.16288353502750397,0.398124997317791,0.0865341082215309,3520,1
eeg_video,within,5,4,0.4951704442501068,0.3162784069776535,0.0099058129291523,0.17889203727245329,0.047619047619047616,0.31448864936828613,0.6307102292776108,0.6862079501152039,0.3176562488079071,0.1775141954421997,0.4207102254033089,0.07446021884679793,3520,1
eeg_video,loso,10,0,0.44999998807907104,0.25400000289082525,0.038781440374751425,0.1959999851882458,0.047619047619047616,0.25999999046325684,0.6950000017881394,0.20891685783863068,0.26299999952316283,0.18699998855590821,0.3420000016689301,0.10799998641014097,100,1
eeg_video,loso,10,1,0.5600000023841858,0.28300000429153443,0.04112176987389449,0.27699999809265136,0.047619047619047616,0.3100000023841858,0.6684999972581863,0.3483630120754242,0.2800000011920929,0.2800000011920929,0.38749999552965164,0.17250000685453415,100,1
eeg_video,loso,10,2,0.6800000071525574,0.3320000022649765,0.03815757118705895,0.34800000488758087,0.047619047619047616,0.4000000059604645,0.6585000038146973,0.4632633924484253,0.35900000035762786,0.3210000067949295,0.4274999961256981,0.25250001102685926,100,1
eeg_video,loso,10,3,0.5899999737739563,0.31500000059604644,0.044999997317791404,0.27499997317790986,0.047619047619047616,0.3199999928474426,0.64549999833107,0.48205000162124634,0.31199999898672104,0.27799997478723526,0.5455000013113022,0.044499972462654136,100,1
eeg_video,loso,10,4,0.550000011920929,0.2730000004172325,0.04473254180253943,0.27700001150369646,0.047619047619047616,0.25999999046325684,0.743500006198883,0.3194303810596466,0.254500000923872,0.29550001099705697,0.38799999952316283,0.16200001239776612,100,1
eeg_video,loso,10,5,0.5099999904632568,0.2509999990463257,0.041097446591586526,0.25899999141693114,0.047619047619047616,0.25,0.7060000002384186,0.2741326093673706,0.2620000019669533,0.24799998849630356,0.35100000351667404,0.1589999869465828,100,1
eeg_video,loso,10,6,0.6000000238418579,0.2559999994933605,0.04431704052151396,0.3440000243484974,0.047619047619047616,0.23000000417232513,0.7015000015497208,0.2331293374300003,0.2424999989569187,0.3575000248849392,0.44099999517202376,0.15900002866983415,100,1
eeg_video,loso,10,7,0.5699999928474426,0.26850000098347665,0.03525266130822367,0.301499991863966,0.047619047619047616,0.23000000417232513,0.7235000014305115,0.30619895458221436,0.267000000923872,0.30299999192357063,0.34700000286102295,0.22299998998641968,100,1
eeg_video,loso,10,8,0.44999998807907104,0.2750000022351742,0.040926766608267405,0.17499998584389687,0.047619047619047616,0.2800000011920929,0.659500002861023,0.28141847252845764,0.28500000163912775,0.1649999864399433,0.3200000025331974,0.12999998554587366,100,1
eeg_video,loso,10,9,0.6200000047683716,0.25749999955296515,0.036725330966295565,0.36250000521540643,0.047619047619047616,0.27000001072883606,0.7130000025033951,0.24037499725818634,0.2640000030398369,0.3560000017285347,0.38149999976158144,0.23850000500679014,100,1
eeg_video,loso,10,10,0.44999998807907104,0.3039999984204769,0.05462599816818003,0.14599998965859412,0.047619047619047616,0.28999999165534973,0.64200000166893,0.44351738691329956,0.2940000005066395,0.15599998757243155,0.3205000028014183,0.12949998527765272,100,1
eeg_video,loso,10,11,0.5799999833106995,0.29299999922513964,0.035791060093206185,0.2869999840855598,0.047619047619047616,0.28999999165534973,0.6875000029802323,0.2605355679988861,0.29950000122189524,0.2804999820888042,0.4109999999403954,0.16899998337030409,100,1
eeg_video,loso,10,12,0.44999998807907104,0.2619999997317791,0.04007492952751166,0.18799998834729192,0.047619047619047616,0.25999999046325684,0.7225000023841858,0.2718811333179474,0.23299999982118608,0.21699998825788497,0.36899999976158143,0.08099998831748961,100,1
eeg_video,loso,10,13,0.5,0.24049999713897705,0.04554942145451295,0.2595000028610229,0.047619047619047616,0.20000000298023224,0.7170000016689301,0.30393144488334656,0.23350000008940697,0.26649999991059303,0.3125000029802322,0.18749999701976777,100,1
eeg_video,loso,10,14,0.5799999833106995,0.2919999986886978,0.047074412658155894,0.28799998462200166,0.047619047619047616,0.3100000023841858,0.7240000009536743,0.46030643582344055,0.26849999874830244,0.311499984562397,0.4484999984502792,0.13149998486042025,100,1
eeg_video,loso,10,15,0.5299999713897705,0.2639999985694885,0.05063595522330173,0.265999972820282,0.047619047619047616,0.25,0.727999997138977,0.29184889793395996,0.2554999977350235,0.274499973654747,0.34749999940395354,0.18249997198581697,100,1
eeg_video,within,10,0,0.4881249964237213,0.2757500007748604,0.00976201240553061,0.21237499564886092,0.047619047619047616,0.3487499952316284,0.713187500834465,0.27247390151023865,0.2869062483310699,0.2012187480926514,0.3523749992251396,0.13574999719858172,1600,1
eeg_video,within,10,1,0.5668749809265137,0.30828125178813937,0.012101257622984286,0.2585937291383743,0.047619047619047616,0.31937500834465027,0.6578437477350235,0.41730818152427673,0.3177812546491623,0.24909372627735138,0.40062500089406966,0.166249980032444,1600,1
eeg_video,within,10,2,0.5418750047683716,0.28590625077486037,0.009618657435760977,0.2559687539935112,0.047619047619047616,0.3206250071525574,0.7153437495231628,0.3702634572982788,0.298531249165535,0.2433437556028366,0.3863750010728836,0.155500003695488,1600,1
eeg_video,within,10,3,0.5274999737739563,0.3122187480330467,0.010755587331591075,0.21528122574090958,0.047619047619047616,0.2800000011920929,0.645374995470047,0.3698011636734009,0.31653124988079073,0.21096872389316557,0.39946875125169756,0.12803122252225874,1600,1
eeg_video,within,10,4,0.5106250047683716,0.2609999977052212,0.01065326950511768,0.24962500706315038,0.047619047619047616,0.2800000011920929,0.7214062482118606,0.3525519073009491,0.27681249678134917,0.2338125079870224,0.3685000017285347,0.14212500303983688,1600,1
eeg_video,loso,15,0,0.44999998807907104,0.24916667081415653,0.0615708715560182,0.20083331726491452,0.047619047619047616,0.25,0.739166671037674,0.09303299337625504,0.2566666677594185,0.19333332031965256,0.29416667073965075,0.1558333173394203,60,1
eeg_video,loso,15,1,0.5666666626930237,0.2608333364129066,0.05330077040433701,0.30583332628011706,0.047619047619047616,0.21666666865348816,0.7008333206176758,0.1504209190607071,0.23250000178813934,0.33416666090488434,0.4108333319425583,0.1558333307504654,60,1
eeg_video,loso,15,2,0.6166666746139526,0.2650000065565109,0.04469029376345439,0.35166666805744173,0.047619047619047616,0.25,0.7058333307504654,0.13442236185073853,0.31083333790302276,0.3058333367109299,0.4408333331346512,0.17583334147930146,60,1
eeg_video,loso,15,3,0.550000011920929,0.28333333879709244,0.06540472242018773,0.2666666731238365,0.047619047619047616,0.30000001192092896,0.7341666668653488,0.2097623199224472,0.2600000038743019,0.29000000804662707,0.408333332836628,0.14166667908430097,60,1
eeg_video,loso,15,4,0.6499999761581421,0.301666671037674,0.050525021487590575,0.3483333051204681,0.047619047619047616,0.4000000059604645,0.6666666656732559,0.1710379272699356,0.31250000223517416,0.33749997392296793,0.41749999672174454,0.23249997943639755,60,1
eeg_video,loso,15,5,0.6666666865348816,0.28083333373069763,0.05458810346813519,0.38583335280418396,0.047619047619047616,0.25,0.6833333283662796,0.09998393803834915,0.27583333775401114,0.39083334878087045,0.4699999988079071,0.1966666877269745,60,1
eeg_video,loso,15,6,0.6166666746139526,0.2650000035762787,0.05320296590155474,0.35166667103767396,0.047619047619047616,0.28333333134651184,0.6883333295583725,0.11179034411907196,0.26083333790302277,0.35583333671092987,0.47333332896232605,0.1433333456516266,60,1
eeg_video,loso,15,7,0.5,0.2675000064074993,0.06066185915981525,0.23249999359250068,0.047619047619047616,0.30000001192092896,0.7224999994039536,0.15807479619979858,0.2775000028312206,0.22249999716877938,0.2908333376049995,0.20916666239500048,60,1
eeg_video,loso,15,8,0.46666666865348816,0.24750000461935998,0.06525058544102058,0.21916666403412818,0.047619047619047616,0.2666666805744171,0.6625,0.10706224292516708,0.27583333402872084,0.19083333462476731,0.34500000029802325,0.12166666835546491,60,1
eeg_video,loso,15,9,0.7666666507720947,0.2675000041723251,0.05539629972162839,0.4991666465997696,0.047619047619047616,0.25,0.7249999880790711,0.15074463188648224,0.27833333387970927,0.48833331689238546,0.4624999985098839,0.30416665226221085,60,1
eeg_video,loso,15,10,0.5666666626930237,0.31750000491738317,0.04548350898373036,0.2491666577756405,0.047619047619047616,0.38333332538604736,0.6958333313465118,0.1570199728012085,0.325833335518837,0.2408333271741867,0.4516666606068611,0.11500000208616257,60,1
eeg_video,loso,15,11,0.5166666507720947,0.24750000312924386,0.048669806148652434,0.26916664764285086,0.047619047619047616,0.1666666716337204,0.7066666692495346,0.10984118282794952,0.2275000024586916,0.2891666483134031,0.3133333340287209,0.20333331674337385,60,1
eeg_video,loso,15,12,0.46666666865348816,0.21416666880249977,0.0362380226819769,0.25249999985098837,0.047619047619047616,0.20000000298023224,0.7199999988079071,0.087537482380867,0.21416667029261588,0.2524999983608723,0.40999999940395354,0.05666666924953462,60,1
eeg_video,loso,15,13,0.5166666507720947,0.23416666984558104,0.025535923732759036,0.2824999809265137,0.047619047619047616,0.18333333730697632,0.740833330154419,0.12154656648635864,0.26416667103767394,0.2524999797344208,0.32666666954755785,0.18999998122453687,60,1
eeg_video,loso,15,14,0.6000000238418579,0.255833338201046,0.055346133023332446,0.34416668564081193,0.047619047619047616,0.21666666865348816,0.7274999916553497,0.16236576437950134,0.2450000040233135,0.3550000198185444,0.4699999958276749,0.13000002801418303,60,1
eeg_video,loso,15,15,0.4833333194255829,0.2500000037252903,0.05270462900458545,0.2333333157002926,0.047619047619047616,0.2666666805744171,0.7275000035762786,0.23359304666519165,0.2758333384990692,0.20749998092651367,0.3558333359658718,0.12749998345971109,60,1
eeg_video,within,15,0,0.5510416626930237,0.2727604180574417,0.011809373951487352,0.27828124463558196,0.047619047619047616,0.28333333134651184,0.7158854216337204,0.1152215451002121,0.26911458000540733,0.28192708268761635,0.4143229141831398,0.13671874850988386,960,1
eeg_video,within,15,1,0.5416666865348816,0.2564062483608723,0.010971054694236369,0.2852604381740093,0.047619047619047616,0.30000001192092896,0.7001041620969772,0.29236868023872375,0.2666666693985462,0.2750000171363354,0.39124999940395355,0.15041668713092804,960,1
eeg_video,within,15,2,0.5833333134651184,0.273177083581686,0.008856461193473449,0.3101562298834324,0.047619047619047616,0.25,0.7281249910593033,0.15010730922222137,0.2826041683554649,0.3007291451096535,0.40427083522081375,0.17906247824430466,960,1
eeg_video,within,15,3,0.5322916507720947,0.26177083402872087,0.011209902971315595,0.27052081674337386,0.047619047619047616,0.28125,0.7134374976158142,0.21828746795654297,0.27041666507720946,0.26187498569488527,0.384635417163372,0.1476562336087227,960,1
eeg_video,within,15,4,0.5260416865348816,0.24411458447575568,0.013003220910639877,0.2819271020591259,0.047619047619047616,0.2510416805744171,0.7283333331346512,0.13602346181869507,0.2456250011920929,0.2804166853427887,0.35520833134651186,0.17083335518836973,960,1
eeg_video,loso,20,0,0.4000000059604645,0.2725000023841858,0.06118619171532454,0.12750000357627866,0.09523809523809523,0.375,0.7075000047683716,0.10172999650239944,0.24374999925494195,0.15625000670552253,0.328750005364418,0.07125000059604647,40,1
eeg_video,loso,20,1,0.675000011920929,0.2499999962747097,0.06708203727025998,0.42500001564621925,0.047619047619047616,0.15000000596046448,0.75625,0.08785281330347061,0.21375000104308128,0.46125001087784767,0.5337499991059304,0.1412500128149986,40,1
eeg_video,loso,20,2,0.7250000238418579,0.2587499998509884,0.07257539169894983,0.4662500239908695,0.047619047619047616,0.3499999940395355,0.7325000047683716,0.09673307090997696,0.24499999843537806,0.48000002540647985,0.5062499955296517,0.21875002831220625,40,1
eeg_video,loso,20,3,0.550000011920929,0.2375,0.059947895594962684,0.31250001192092897,0.047619047619047616,0.17499999701976776,0.7224999994039536,0.12635163962841034,0.25000000074505807,0.3000000111758709,0.39624999910593034,0.15375001281499862,40,1
eeg_video,loso,20,4,0.675000011920929,0.25375000163912775,0.04695410114533615,0.4212500102818012,0.047619047619047616,0.15000000596046448,0.7125000029802322,0.13121165335178375,0.28749999925494196,0.387500012665987,0.44624999910593033,0.22875001281499863,40,1
eeg_video,loso,20,5,0.574999988079071,0.23624999895691873,0.07266145641120808,0.3387499891221523,0.047619047619047616,0.25,0.6799999982118606,0.13550779223442078,0.2675000011920929,0.30749998688697816,0.3900000020861626,0.18499998599290846,40,1
eeg_video,loso,20,6,0.699999988079071,0.22249999977648258,0.052974050345978935,0.47749998830258844,0.047619047619047616,0.20000000298023224,0.7337499976158142,0.09999113529920578,0.24000000283122064,0.4599999852478504,0.5812499985098839,0.11874998956918714,40,1
eeg_video,loso,20,7,0.699999988079071,0.24125000089406967,0.04954480439265181,0.4587499871850014,0.047619047619047616,0.25,0.7599999994039536,0.09009498357772827,0.2537500008940697,0.44624998718500136,0.4937499940395355,0.20624999403953553,40,1
eeg_video,loso,20,8,0.574999988079071,0.2225000012665987,0.07578753123600891,0.35249998681247235,0.047619047619047616,0.22499999403953552,0.7050000041723251,0.05756497383117676,0.27249999940395353,0.3024999886751175,0.4612499922513962,0.11374999582767487,40,1
eeg_video,loso,20,9,0.625,0.23249999955296516,0.05539629977766851,0.3925000004470348,0.047619047619047616,0.25,0.7262500017881394,0.0776124820113182,0.2700000010430813,0.3549999989569187,0.4499999970197678,0.17500000298023222,40,1
eeg_video,loso,20,10,0.6000000238418579,0.2587500035762787,0.0725753938163097,0.3412500202655792,0.047619047619047616,0.2750000059604645,0.7349999964237213,0.11770428717136383,0.26249999925494194,0.33750002458691597,0.4299999997019768,0.17000002413988113,40,1
eeg_video,loso,20,11,0.5249999761581421,0.2637499991804361,0.07394043185519954,0.26124997697770597,0.047619047619047616,0.30000001192092896,0.7074999988079071,0.10715516656637192,0.21750000007450582,0.3074999760836363,0.3887499988079071,0.13624997735023497,40,1
eeg_video,loso,20,12,0.4000000059604645,0.23874999731779098,0.06868178200134305,0.1612500086426735,0.047619047619047616,0.3499999940395355,0.7425000071525574,0.09414919465780258,0.19375000149011612,0.20625000447034836,0.45749999582767487,-0.05749998986721039,40,1
eeg_video,loso,20,13,0.675000011920929,0.2450000025331974,0.04153312428366312,0.43000000938773153,0.047619047619047616,0.30000001192092896,0.7087499976158143,0.1249750554561615,0.25250000357627866,0.4225000083446503,0.4262499988079071,0.24875001311302186,40,1
eeg_video,loso,20,14,0.75,0.25374999865889547,0.05983049167085072,0.49625000134110453,0.047619047619047616,0.2750000059604645,0.7287500023841857,0.1178647130727768,0.21375000104308128,0.5362499989569187,0.5762500002980232,0.1737499997019768,40,1
eeg_video,loso,20,15,0.6000000238418579,0.28250000104308126,0.08663861591857874,0.31750002279877665,0.047619047619047616,0.17499999701976776,0.7375000089406967,0.08759511262178421,0.2512499988079071,0.3487500250339508,0.4549999997019768,0.1450000241398811,40,1
eeg_video,within,20,0,0.5531250238418579,0.2392187498509884,0.01734234033985049,0.3139062739908695,0.047619047619047616,0.17343750596046448,0.7378906220197677,0.11742833256721497,0.24726562350988388,0.305859400331974,0.42390625178813934,0.12921877205371857,640,1
eeg_video,within,20,1,0.621874988079071,0.24921874776482583,0.017119893609933157,0.3726562403142452,0.047619047619047616,0.25,0.7441406309604645,0.09962183237075806,0.2587500013411045,0.36312498673796656,0.4786718741059303,0.14320311397314073,640,1
eeg_video,within,20,2,0.596875011920929,0.2539843738079071,0.02140952774347616,0.34289063811302184,0.047619047619047616,0.22499999403953552,0.73359375,0.06668850034475327,0.26328125074505804,0.3335937611758709,0.43820312768220904,0.15867188423871992,640,1
eeg_video,within,20,3,0.578125,0.25859374850988387,0.014213598131512873,0.31953125149011613,0.047619047619047616,0.32499998807907104,0.7396875053644181,0.13107776641845703,0.2764062501490116,0.3017187498509884,0.444218747317791,0.13390625268220901,640,1
eeg_video,within,20,4,0.6265624761581421,0.246406252682209,0.01517396111110398,0.3801562234759331,0.047619047619047616,0.30000001192092896,0.7458593785762787,0.10336192697286606,0.25921875014901163,0.36734372600913046,0.47796874940395356,0.14859372675418853,640,1
eeg_video,loso,30,0,0.5,0.21250000260770321,0.08785641632859803,0.2874999973922968,0.047619047619047616,0.25,0.7274999976158142,0.07164237648248672,0.2650000017136335,0.23499999828636647,0.5,0.0,20,1
eeg_video,loso,30,1,0.550000011920929,0.28250000178813933,0.07628073075011127,0.2675000101327896,0.047619047619047616,0.3499999940395355,0.7499999970197677,0.13066241145133972,0.2775000035762787,0.27250000834465027,0.550000011920929,0.0,20,1
eeg_video,loso,30,2,0.8500000238418579,0.2850000003352761,0.12257650510600175,0.5650000235065817,0.047619047619047616,0.25,0.6899999946355819,0.04809325188398361,0.272500004991889,0.5775000188499689,0.8500000238418579,0.0,20,1
eeg_video,loso,30,3,0.44999998807907104,0.30000000074505806,0.1060660136657449,0.14999998733401299,0.19047619047619047,0.44999998807907104,0.5875000029802322,0.24988681077957153,0.26750000175088645,0.1824999863281846,0.44999998807907104,0.0,20,1
eeg_video,loso,30,4,0.75,0.2750000026077032,0.0993730326786182,0.4749999973922968,0.047619047619047616,0.15000000596046448,0.7724999994039535,0.05300595983862877,0.28750000037252904,0.46249999962747096,0.75,0.0,20,1
eeg_video,loso,30,5,0.5,0.24250000510364772,0.08104782742229724,0.2574999948963523,0.047619047619047616,0.30000001192092896,0.7474999994039535,0.05538539960980415,0.2375000048428774,0.26249999515712263,0.5,0.0,20,1
eeg_video,loso,30,6,0.699999988079071,0.1825000036507845,0.06571719822602475,0.5174999844282866,0.047619047619047616,0.4000000059604645,0.7224999964237213,0.10757242143154144,0.22250000443309545,0.47749998364597557,0.699999988079071,0.0,20,1
eeg_video,loso,30,7,0.699999988079071,0.26250000316649674,0.08926785574801949,0.4374999849125743,0.047619047619047616,0.25,0.6950000017881394,0.06139572709798813,0.3099999990314245,0.38999998904764654,0.699999988079071,0.0,20,1
eeg_video,loso,30,8,0.699999988079071,0.2525000024586916,0.08135569898131645,0.44749998562037946,0.047619047619047616,0.15000000596046448,0.7175000011920929,0.06853215396404266,0.2675000013783574,0.43249998670071366,0.699999988079071,0.0,20,1
eeg_video,loso,30,9,0.8999999761581421,0.2400000026449561,0.09165151211474665,0.659999973513186,0.047619047619047616,0.30000001192092896,0.7524999946355819,0.05237217992544174,0.2475000023841858,0.6524999737739563,0.8999999761581421,0.0,20,1
eeg_video,loso,30,10,0.6499999761581421,0.2800000004470348,0.0731436914617311,0.36999997571110727,0.047619047619047616,0.30000001192092896,0.6724999994039536,0.06730629503726959,0.21500000413507223,0.43499997202306984,0.6499999761581421,0.0,20,1
eeg_video,loso,30,11,0.5,0.27000000327825546,0.1372953031108495,0.22999999672174454,0.09523809523809523,0.30000001192092896,0.6874999940395355,0.06639255583286285,0.27250000312924383,0.22749999687075617,0.5,0.0,20,1
eeg_video,loso,30,12,0.550000011920929,0.22250000312924384,0.06417748856100541,0.3275000087916851,0.047619047619047616,0.44999998807907104,0.7349999994039536,0.05841746926307678,0.25250000301748515,0.2975000089034438,0.550000011920929,0.0,20,1
eeg_video,loso,30,13,0.6000000238418579,0.2675000004470348,0.0855496886282738,0.3325000233948231,0.047619047619047616,0.20000000298023224,0.6224999979138375,0.06727802008390427,0.2825000021606684,0.3175000216811895,0.6000000238418579,0.0,20,1
eeg_video,loso,30,14,0.6000000238418579,0.29750000350177286,0.08870597324692048,0.30250002034008505,0.047619047619047616,0.4000000059604645,0.6999999970197678,0.07836364954710007,0.22500000186264515,0.3750000219792128,0.6000000238418579,0.0,20,1
eeg_video,loso,30,15,0.6499999761581421,0.3074999999254942,0.1109898629303239,0.3424999762326479,0.047619047619047616,0.25,0.6825000047683716,0.051935698837041855,0.3100000023841858,0.3399999737739563,0.6499999761581421,0.0,20,1
eeg_video,within,30,0,0.6156250238418579,0.25703124776482583,0.02389910214263962,0.3585937760770321,0.047619047619047616,0.2906250059604645,0.736562505364418,0.0696229487657547,0.2609375029802322,0.3546875208616257,0.6156250238418579,0.0,320,1
eeg_video,within,30,1,0.6312500238418579,0.25015625208616254,0.018526666863218473,0.38109377175569537,0.047619047619047616,0.15000000596046448,0.7373437494039535,0.050612036138772964,0.2517187513411045,0.3795312725007534,0.6312500238418579,0.0,320,1
eeg_video,within,30,2,0.6031249761581421,0.2790624968707561,0.018700455358041903,0.32406247928738596,0.047619047619047616,0.20000000298023224,0.7292187482118606,0.04293277859687805,0.2718750022351742,0.3312499739229679,0.6031249761581421,0.0,320,1
eeg_video,within,30,3,0.612500011920929,0.2657812491059303,0.026284854806901237,0.34671876281499864,0.047619047619047616,0.30000001192092896,0.72578125,0.07670094817876816,0.26000000163912773,0.3525000102818012,0.612500011920929,0.0,320,1
eeg_video,within,30,4,0.6656249761581421,0.2514062523841858,0.024155159293191505,0.4142187237739563,0.047619047619047616,0.19687500596046448,0.7393749922513961,0.05861895903944969,0.261250001937151,0.4043749742209911,0.6656249761581421,0.0,320,1
gaze,loso,5,0,0.22272726893424988,0.2534090891480446,0.03308750568076288,-0.03068182021379473,0.8571428571428571,0.25,0.6820454567670822,0.020696403458714485,0.2488636367022991,-0.02613636776804923,0.22272726893424988,0.0,220,0
gaze,loso,5,1,0.41626793146133423,0.24545454531908034,0.028229665175333225,0.1708133861422539,0.047619047619047616,0.2631579041481018,0.7404306173324585,0.01606772653758526,0.2535885162651539,0.16267941519618034,0.41626793146133423,0.0,209,0
gaze,loso,5,2,0.2954545319080353,0.2393181800842285,0.024106981781152895,0.056136351823806774,0.047619047619047616,0.25,0.6759090900421143,0.02320275828242302,0.24272727146744727,0.05272726044058801,0.2954545319080353,0.0,220,0
gaze,loso,5,3,0.48636364936828613,0.24636363610625267,0.017344350344314773,0.24000001326203346,0.047619047619047616,0.25,0.6909090846776962,0.01109625305980444,0.2440909095108509,0.24227273985743522,0.48636364936828613,0.0,220,0
gaze,loso,5,4,0.38181817531585693,0.2481818176805973,0.03205754096663425,0.13363635763525963,0.047619047619047616,0.25,0.6384090930223465,0.033453430980443954,0.2561363629996777,0.12568181231617925,0.38181817531585693,0.0,220,0
gaze,loso,5,5,0.34545454382896423,0.25340909212827684,0.028381804799543404,0.0920454517006874,0.047619047619047616,0.25,0.7063636392354965,0.008416835218667984,0.25181818306446074,0.09363636076450349,0.34545454382896423,0.0,220,0
gaze,loso,5,6,0.34545454382896423,0.24659090861678123,0.025384439971876976,0.098863635212183,0.047619047619047616,0.25,0.7093181788921357,0.021236388012766838,0.2563636347651482,0.08909090906381606,0.34545454382896423,0.0,220,0
gaze,loso,5,7,0.290909081697464,0.24999999925494193,0.028020063518007975,0.04090908244252206,0.14285714285714285,0.25,0.6520454496145248,0.33087870478630066,0.2504545457661152,0.04045453593134879,0.290909081697464,0.0,220,0
gaze,loso,5,8,0.2590909004211426,0.23977272734045982,0.028235835357325417,0.01931817308068276,0.3333333333333333,0.25,0.7236363679170609,0.02663455717265606,0.26136363446712496,-0.002272734045982383,0.2590909004211426,0.0,220,0
gaze,loso,5,9,0.3590908944606781,0.24522727131843566,0.030064492287081114,0.11386362314224244,0.047619047619047616,0.25,0.7513636320829391,0.009799560531973839,0.2536363624036312,0.10545453205704691,0.3590908944606781,0.0,220,0
gaze,loso,5,10,0.26363635063171387,0.24431818202137948,0.02845450989284412,0.01931816861033439,0.19047619047619047,0.25,0.49909090995788574,0.01734733395278454,0.24681817963719369,0.016818170994520182,0.26363635063171387,0.0,220,0
gaze,loso,5,11,0.2863636314868927,0.2409090906381607,0.016762809290649827,0.04545454084873199,0.047619047619047616,0.25,0.6431818187236786,0.04865091294050217,0.25318181812763213,0.03318181335926057,0.2863636314868927,0.0,220,0
gaze,loso,5,12,0.3499999940395355,0.24999999776482582,0.022314432771477283,0.09999999627470971,0.047619047619047616,0.25,0.3600000008940697,0.046616993844509125,0.2593181781470776,0.09068181589245794,0.3499999940395355,0.0,220,0
gaze,loso,5,13,0.23181818425655365,0.246136362105608,0.02273976995223394,-0.014318177849054342,0.8095238095238095,0.25,0.6215909063816071,0.010780231095850468,0.24931818172335624,-0.017499997466802586,0.23181818425655365,0.0,220,0
gaze,loso,5,14,0.4954545497894287,0.246136362105608,0.026670432979000583,0.24931818768382072,0.047619047619047616,0.25,0.7136363565921784,0.014407256618142128,0.2538636319339275,0.24159091785550119,0.4954545497894287,0.0,220,0
gaze,loso,5,15,0.40909090638160706,0.24795454293489455,0.03094499302760174,0.1611363634467125,0.047619047619047616,0.25,0.7375,0.009608753025531769,0.2518181800842285,0.15727272629737854,0.40909090638160706,0.0,220,0
gaze,within,5,0,0.35767045617103577,0.2495170496404171,0.006311102779095646,0.10815340653061867,0.047619047619047616,0.25,0.7092613697052002,0.04259612783789635,0.24985795840620995,0.10781249776482582,0.35767045617103577,0.0,3520,0
gaze,within,5,1,0.3693181872367859,0.2489488646388054,0.00954820004105598,0.1203693225979805,0.047619047619047616,0.25,0.7451278388500213,0.026195792481303215,0.24970170557498933,0.11961648166179656,0.3693181872367859,0.0,3520,0
gaze,within,5,2,0.39289772510528564,0.2498863659799099,0.006775672043282674,0.14301135912537574,0.047619047619047616,0.25,0.729190343618393,0.025332843884825706,0.24904829785227775,0.1438494272530079,0.39289772510528564,0.0,3520,0
gaze,within,5,3,0.3690680265426636,0.25184391140937806,0.007830897108393707,0.11722411513328551,0.047619047619047616,0.24842767417430878,0.7113064676523209,0.015907028689980507,0.2502858772873878,0.11878214925527575,0.3690680265426636,0.0,3498,0
gaze,within,5,4,0.36761364340782166,0.2515482984483242,0.0057835148953457455,0.11606534495949744,0.047619047619047616,0.25,0.7322301179170608,0.014914482831954956,0.24933238849043846,0.1182812549173832,0.36761364340782166,0.0,3520,0
gaze,loso,10,0,0.33000001311302185,0.26050000116229055,0.030736789492652686,0.0695000119507313,0.09523809523809523,0.25,0.5629999995231628,0.02149393782019615,0.26249999925494194,0.06750001385807991,0.33000001311302185,0.0,100,0
gaze,loso,10,1,0.4526315927505493,0.27052631601691246,0.03981953723604553,0.18210527673363686,0.047619047619047616,0.21052631735801697,0.538947369158268,0.0068651665933430195,0.26736842170357705,0.18526317104697226,0.4526315927505493,0.0,95,0
gaze,loso,10,2,0.3100000023841858,0.23350000232458115,0.04911975367088959,0.07650000005960464,0.09523809523809523,0.25,0.723499995470047,0.009698932990431786,0.25749999955296515,0.05250000283122064,0.3100000023841858,0.0,100,0
gaze,loso,10,3,0.4699999988079071,0.2484999991953373,0.03718534668810953,0.2214999996125698,0.047619047619047616,0.25,0.5814999967813492,0.00035981458495371044,0.25799999907612803,0.21199999973177908,0.4699999988079071,0.0,100,0
gaze,loso,10,4,0.44999998807907104,0.2570000007748604,0.03900000368937503,0.19299998730421064,0.047619047619047616,0.25,0.5730000019073487,0.012797703966498375,0.23249999955296516,0.2174999885261059,0.44999998807907104,0.0,100,0
gaze,loso,10,5,0.3400000035762787,0.2509999990463257,0.03047950304088736,0.08900000452995299,0.047619047619047616,0.25,0.4144999995827675,0.005003947298973799,0.2554999999701977,0.08450000360608101,0.3400000035762787,0.0,100,0
gaze,loso,10,6,0.3100000023841858,0.248999997228384,0.03269556537288877,0.061000005155801784,0.047619047619047616,0.25,0.6069999963045121,0.019202448427677155,0.2445000007748604,0.0655000016093254,0.3100000023841858,0.0,100,0
gaze,loso,10,7,0.1899999976158142,0.2514999993145466,0.03539420719712057,-0.061500001698732376,0.9047619047619048,0.25,0.7090000033378601,0.158601775765419,0.258500000089407,-0.06850000247359278,0.1899999976158142,0.0,100,0
gaze,loso,10,8,0.2199999988079071,0.24699999764561653,0.05030904312519585,-0.026999998837709427,0.7142857142857143,0.25,0.6939999997615814,0.005185748916119337,0.24549999982118606,-0.025500001013278956,0.2199999988079071,0.0,100,0
gaze,loso,10,9,0.4000000059604645,0.24799999967217445,0.03264965953123697,0.15200000628829002,0.047619047619047616,0.25,0.7039999961853027,0.00528138130903244,0.2580000013113022,0.1420000046491623,0.4000000059604645,0.0,100,0
gaze,loso,10,10,0.25999999046325684,0.2410000018775463,0.03986226500692865,0.01899998858571053,0.42857142857142855,0.25,0.4169999971985817,0.004701647441834211,0.2410000003874302,0.018999990075826645,0.25999999046325684,0.0,100,0
gaze,loso,10,11,0.28999999165534973,0.23999999985098838,0.03286335294247122,0.04999999180436135,0.19047619047619047,0.25,0.6800000011920929,0.018223833292722702,0.25349999964237213,0.0364999920129776,0.28999999165534973,0.0,100,0
gaze,loso,10,12,0.36000001430511475,0.24899999871850015,0.045155287406324136,0.1110000155866146,0.09523809523809523,0.25,0.6640000015497207,0.016424929723143578,0.24399999901652336,0.11600001528859138,0.36000001430511475,0.0,100,0
gaze,loso,10,13,0.25999999046325684,0.2504999995231628,0.04318274830681173,0.009499990940094016,0.42857142857142855,0.25,0.5879999965429306,0.004342698957771063,0.24800000190734864,0.011999988555908198,0.25999999046325684,0.0,100,0
gaze,loso,10,14,0.5299999713897705,0.25549999848008154,0.03866199760025831,0.27449997290968897,0.047619047619047616,0.25,0.6729999989271164,0.011836855672299862,0.25650000050663946,0.27349997088313105,0.5299999713897705,0.0,100,0
gaze,loso,10,15,0.41999998688697815,0.2489999994635582,0.03998749862908235,0.17099998742341996,0.047619047619047616,0.25,0.7030000030994416,0.0031669617164880037,0.24699999913573265,0.1729999877512455,0.41999998688697815,0.0,100,0
gaze,within,10,0,0.3618749976158142,0.2520000025629997,0.009496298430392482,0.1098749950528145,0.047619047619047616,0.25,0.568906256556511,0.027088038623332977,0.24890625178813935,0.11296874582767485,0.3618749976158142,0.0,1600,0
gaze,within,10,1,0.40937501192092896,0.2497500002384186,0.01316867523369216,0.15962501168251036,0.047619047619047616,0.25,0.7449999988079071,0.009432495571672916,0.25025000274181364,0.15912500917911532,0.40937501192092896,0.0,1600,0
gaze,within,10,2,0.3737500011920929,0.25503124967217444,0.0109784503754846,0.11871875151991845,0.047619047619047616,0.25,0.6430624991655349,0.014760551042854786,0.24990625232458114,0.12384374886751176,0.3737500011920929,0.0,1600,0
gaze,within,10,3,0.3723270297050476,0.24902515783905982,0.008656596733818633,0.12330187186598779,0.047619047619047616,0.24842767417430878,0.7226100653409958,0.003826580476015806,0.2514779880642891,0.12084904164075849,0.3723270297050476,0.0,1590,0
gaze,within,10,4,0.3618749976158142,0.25168750062584877,0.008512626872393075,0.11018749698996544,0.047619047619047616,0.25,0.7344999939203263,0.007457029540091753,0.24587500095367432,0.11599999666213989,0.3618749976158142,0.0,1600,0
gaze,loso,15,0,0.3166666626930237,0.24083333760499953,0.03434910788659011,0.07583332508802415,0.047619047619047616,0.25,0.4233333393931389,0.03937521576881409,0.27333333864808085,0.043333324044942834,0.3166666626930237,0.0,60,0
gaze,loso,15,1,0.45614033937454224,0.24122807011008263,0.053752680991392764,0.2149122692644596,0.047619047619047616,0.21052631735801697,0.6359649121761322,0.0036886928137391806,0.233333333209157,0.22280700616538524,0.45614033937454224,0.0,57,0
gaze,loso,15,2,0.30000001192092896,0.2558333359658718,0.05117372324811387,0.04416667595505713,0.2857142857142857,0.25,0.664166659116745,0.00693815853446722,0.2491666741669178,0.050833337754011165,0.30000001192092896,0.0,60,0
gaze,loso,15,3,0.44999998807907104,0.25583333931863306,0.05731855651839447,0.194166648760438,0.047619047619047616,0.25,0.7258333325386047,-0.0029295894782990217,0.2275000035762787,0.22249998450279235,0.44999998807907104,0.0,60,0
gaze,loso,15,4,0.5,0.2741666682064533,0.05068283484986579,0.2258333317935467,0.047619047619047616,0.25,0.7008333265781402,-0.0018068518256768584,0.23750000149011613,0.26249999850988387,0.5,0.0,60,0
gaze,loso,15,5,0.23333333432674408,0.23333333767950534,0.05916079923730176,-3.3527612630646075e-09,0.5238095238095238,0.25,0.7441666603088379,0.004394341725856066,0.25166666880249977,-0.01833333447575569,0.23333333432674408,0.0,60,0
gaze,loso,15,6,0.36666667461395264,0.23000000417232513,0.04136557899608277,0.1366666704416275,0.047619047619047616,0.25,0.7224999994039536,0.006930037867277861,0.24083333760499953,0.1258333370089531,0.36666667461395264,0.0,60,0
gaze,loso,15,7,0.20000000298023224,0.26166666969656943,0.058713048355679864,-0.06166666671633719,0.9047619047619048,0.25,0.6691666692495346,0.11484789848327637,0.2800000049173832,-0.08000000193715096,0.20000000298023224,0.0,60,0
gaze,loso,15,8,0.28333333134651184,0.2433333370834589,0.06267198518303636,0.03999999426305295,0.47619047619047616,0.25,0.581666673719883,0.008896292187273502,0.26333333775401113,0.01999999359250071,0.28333333134651184,0.0,60,0
gaze,loso,15,9,0.36666667461395264,0.26583333760499955,0.05335286023720096,0.10083333700895308,0.09523809523809523,0.25,0.7358333319425583,0.01818331889808178,0.26583333909511564,0.100833335518837,0.36666667461395264,0.0,60,0
gaze,loso,15,10,0.3333333432674408,0.2591666720807552,0.05514501018042564,0.07416667118668557,0.09523809523809523,0.25,0.5241666704416275,0.009483074769377708,0.24916667193174363,0.08416667133569716,0.3333333432674408,0.0,60,0
gaze,loso,15,11,0.3499999940395355,0.22916667014360428,0.05187458113963423,0.12083332389593124,0.047619047619047616,0.25,0.6691666662693023,0.018611717969179153,0.25750000327825545,0.09249999076128007,0.3499999940395355,0.0,60,0
gaze,loso,15,12,0.36666667461395264,0.2550000034272671,0.05799904242743421,0.11166667118668555,0.047619047619047616,0.25,0.6424999982118607,0.0045265695080161095,0.25083333626389503,0.1158333383500576,0.36666667461395264,0.0,60,0
gaze,loso,15,13,0.28333333134651184,0.2625000052154064,0.0427768762455535,0.020833326131105445,0.2857142857142857,0.25,0.31500000283122065,0.004235512111335993,0.2383333370089531,0.044999994337558746,0.28333333134651184,0.0,60,0
gaze,loso,15,14,0.5333333611488342,0.2625000037252903,0.04912427447844709,0.2708333574235439,0.047619047619047616,0.25,0.6799999952316285,0.007602676749229431,0.24916667267680168,0.2841666884720325,0.5333333611488342,0.0,60,0
gaze,loso,15,15,0.4333333373069763,0.26250000298023224,0.07300589602545837,0.17083333432674408,0.047619047619047616,0.25,0.7191666603088379,0.007079172879457474,0.2366666693240404,0.19666666798293592,0.4333333373069763,0.0,60,0
gaze,within,15,0,0.38333332538604736,0.25385416522622106,0.018634187892019278,0.1294791601598263,0.047619047619047616,0.25,0.6451562494039536,0.01463747676461935,0.25281249955296514,0.13052082583308222,0.38333332538604736,0.0,960,0
gaze,within,15,1,0.4124999940395355,0.2519270829856396,0.009650326291424942,0.16057291105389593,0.047619047619047616,0.25,0.7540625035762787,0.013287713751196861,0.25375000312924384,0.15874999091029168,0.4124999940395355,0.0,960,0
gaze,within,15,2,0.4104166626930237,0.2506249986588955,0.01500650574000889,0.1597916640341282,0.047619047619047616,0.25,0.7308854103088379,0.009236986748874187,0.25354166850447657,0.1568749941885471,0.4104166626930237,0.0,960,0
gaze,within,15,3,0.3679245412349701,0.24711740016937256,0.012001410608667933,0.12080714106559753,0.047619047619047616,0.2515723407268524,0.5939203411340713,0.003920001443475485,0.249947589635849,0.11797695159912108,0.3679245412349701,0.0,954,0
gaze,within,15,4,0.42500001192092896,0.25401041805744173,0.016842415329384963,0.17098959386348722,0.047619047619047616,0.25,0.7347395837306976,0.0060645355843007565,0.24734375029802322,0.17765626162290574,0.42500001192092896,0.0,960,0
gaze,loso,20,0,0.375,0.24125000089406967,0.06532371230255045,0.13374999910593033,0.09523809523809523,0.25,0.6650000005960465,0.03399406000971794,0.28499999865889547,0.09000000134110453,0.375,0.0,40,0
gaze,loso,20,1,0.4736842215061188,0.26973684057593345,0.08522212933493241,0.20394738093018533,0.047619047619047616,0.2631579041481018,0.6973684161901474,0.00486544007435441,0.25921052917838094,0.21447369232773783,0.4736842215061188,0.0,38,0
gaze,loso,20,2,0.3499999940395355,0.2375,0.06731455898235121,0.11249999403953553,0.09523809523809523,0.25,0.6637499958276749,-0.002549010096117854,0.24625000059604646,0.10374999344348906,0.3499999940395355,0.0,40,0
gaze,loso,20,3,0.44999998807907104,0.2524999983608723,0.07198089781718339,0.19749998971819877,0.09523809523809523,0.25,0.659999993443489,-0.006977137643843889,0.23874999927356838,0.21124998880550266,0.44999998807907104,0.0,40,0
gaze,loso,20,4,0.5,0.2662500008940697,0.07427777088352447,0.2337499991059303,0.047619047619047616,0.25,0.6612499997019767,0.0033176227007061243,0.2400000024586916,0.2599999975413084,0.5,0.0,40,0
gaze,loso,20,5,0.30000001192092896,0.26000000089406966,0.06864765112129032,0.040000011026859295,0.38095238095238093,0.25,0.6512500002980233,-0.0021080798469483852,0.24999999962747096,0.05000001229345799,0.30000001192092896,0.0,40,0
gaze,loso,20,6,0.375,0.2700000017881393,0.049117207549758846,0.10499999821186068,0.09523809523809523,0.25,0.7312499970197678,0.02880033291876316,0.2262500014156103,0.1487499985843897,0.375,0.0,40,0
gaze,loso,20,7,0.32499998807907104,0.2625000014901161,0.04841229182759314,0.06249998658895495,0.19047619047619047,0.25,0.5937499985098839,0.07595978677272797,0.24125000238418579,0.08374998569488526,0.32499998807907104,0.0,40,0
gaze,loso,20,8,0.4000000059604645,0.2462499998509884,0.06387243039662746,0.1537500061094761,0.047619047619047616,0.25,0.6974999994039536,-0.00404386268928647,0.28250000067055225,0.11750000528991222,0.4000000059604645,0.0,40,0
gaze,loso,20,9,0.32499998807907104,0.22375000305473805,0.06636782158795154,0.101249985024333,0.09523809523809523,0.25,0.6750000059604645,0.009877001866698265,0.2762500025331974,0.04874998554587362,0.32499998807907104,0.0,40,0
gaze,loso,20,10,0.2750000059604645,0.2587500013411045,0.06674344519524529,0.016250004619359992,0.5238095238095238,0.25,0.6537499964237213,0.003010828047990799,0.24250000044703485,0.03250000551342963,0.2750000059604645,0.0,40,0
gaze,loso,20,11,0.20000000298023224,0.2187500014901161,0.060143059021210504,-0.018749998509883875,0.6666666666666666,0.25,0.635000005364418,0.00965828262269497,0.24000000059604645,-0.039999997615814215,0.20000000298023224,0.0,40,0
gaze,loso,20,12,0.44999998807907104,0.22875000089406966,0.05079062480222426,0.22124998718500138,0.047619047619047616,0.25,0.7150000005960464,0.009361098520457745,0.23249999955296516,0.2174999885261059,0.44999998807907104,0.0,40,0
gaze,loso,20,13,0.25,0.2800000011920929,0.05623611008494529,-0.030000001192092896,0.7619047619047619,0.25,0.5524999991059303,0.0010836723959073424,0.26375000178813934,-0.013750001788139343,0.25,0.0,40,0
gaze,loso,20,14,0.5249999761581421,0.2450000002980232,0.06499999841818473,0.2799999758601189,0.047619047619047616,0.25,0.5912499994039535,0.008477944880723953,0.2649999998509884,0.2599999763071537,0.5249999761581421,0.0,40,0
gaze,loso,20,15,0.32499998807907104,0.26374999694526197,0.06493987249843472,0.06124999113380908,0.38095238095238093,0.25,0.73125,0.0021587053779512644,0.2662499979138374,0.058749990165233634,0.32499998807907104,0.0,40,0
gaze,within,20,0,0.34687501192092896,0.25125000104308126,0.014006834508751603,0.0956250108778477,0.047619047619047616,0.25,0.5330468744039536,0.009990369901061058,0.2549999974668026,0.09187501445412638,0.34687501192092896,0.0,640,0
gaze,within,20,1,0.3656249940395355,0.24937499836087226,0.017409079919839095,0.11624999567866326,0.047619047619047616,0.25,0.7121875047683716,0.008811557665467262,0.2527343757450581,0.11289061829447744,0.3656249940395355,0.0,640,0
gaze,within,20,2,0.41874998807907104,0.2513281248509884,0.01933510906258353,0.16742186322808267,0.047619047619047616,0.25,0.7349218755960465,0.008927244693040848,0.24882812649011612,0.16992186158895492,0.41874998807907104,0.0,640,0
gaze,within,20,3,0.38522014021873474,0.2516509458422661,0.01591452039788133,0.13356919437646864,0.047619047619047616,0.24842767417430878,0.632861641049385,0.007827552035450935,0.24944968670606613,0.13577045351266862,0.38522014021873474,0.0,636,0
gaze,within,20,4,0.3812499940395355,0.2522656239569187,0.013281017311072372,0.12898437008261682,0.047619047619047616,0.25,0.7003906190395355,0.005369894206523895,0.24742187634110452,0.133828117698431,0.3812499940395355,0.0,640,0
gaze,loso,30,0,0.30000001192092896,0.2725000027567148,0.09807522381198318,0.027500009164214134,0.47619047619047616,0.25,0.6075000077486038,0.014759746380150318,0.27000000439584254,0.030000007525086414,0.30000001192092896,0.0,20,0
gaze,loso,30,1,0.4736842215061188,0.28421052545309067,0.07330730544947442,0.1894736960530281,0.047619047619047616,0.2631579041481018,0.6736842051148415,0.007718052715063095,0.2447368435561657,0.22894737794995307,0.4736842215061188,0.0,19,0
gaze,loso,30,2,0.25,0.25500000417232516,0.07053367960256135,-0.0050000041723251565,0.7142857142857143,0.25,0.6349999964237213,0.014042814262211323,0.24250000230968,0.007499997690320004,0.25,0.0,20,0
gaze,loso,30,3,0.3499999940395355,0.25500000435858966,0.09861541379117593,0.09499998968094586,0.23809523809523808,0.25,0.6699999988079071,0.010803393088281155,0.22250000201165676,0.12749999202787876,0.3499999940395355,0.0,20,0
gaze,loso,30,4,0.3499999940395355,0.24000000301748514,0.08888194375821938,0.10999999102205038,0.23809523809523808,0.25,0.5900000005960464,0.0069547854363918304,0.2450000025331974,0.10499999150633813,0.3499999940395355,0.0,20,0
gaze,loso,30,5,0.4000000059604645,0.2600000031292439,0.10677078313438677,0.1400000028312206,0.14285714285714285,0.25,0.7350000023841858,-0.004255781881511211,0.22500000409781934,0.17500000186264514,0.4000000059604645,0.0,20,0
gaze,loso,30,6,0.44999998807907104,0.23500000312924385,0.07921489752293574,0.2149999849498272,0.047619047619047616,0.25,0.6474999994039535,0.06809663027524948,0.2250000022351742,0.22499998584389685,0.44999998807907104,0.0,20,0
gaze,loso,30,7,0.30000001192092896,0.2649999996647239,0.11412711996221328,0.03500001225620508,0.5238095238095238,0.25,0.6875,0.10829661786556244,0.24500000290572643,0.05500000901520252,0.30000001192092896,0.0,20,0
gaze,loso,30,8,0.30000001192092896,0.24500000290572643,0.10943034337609031,0.05500000901520252,0.42857142857142855,0.25,0.7200000017881394,-0.0068293120712041855,0.2450000025331974,0.05500000938773156,0.30000001192092896,0.0,20,0
gaze,loso,30,9,0.5,0.23000000230967999,0.08717797713589401,0.26999999769032,0.047619047619047616,0.25,0.7574999988079071,0.03856845572590828,0.2500000011175871,0.24999999888241292,0.5,0.0,20,0
gaze,loso,30,10,0.20000000298023224,0.2650000028312206,0.05937170909244246,-0.06499999985098837,0.9523809523809523,0.25,0.19500000290572644,0.0018317925278097391,0.2475000038743019,-0.047500000894069666,0.20000000298023224,0.0,20,0
gaze,loso,30,11,0.4000000059604645,0.23500000219792128,0.1119151450915345,0.1650000037625432,0.19047619047619047,0.25,0.6224999964237213,0.0042435042560100555,0.25500000156462194,0.14500000439584254,0.4000000059604645,0.0,20,0
gaze,loso,30,12,0.30000001192092896,0.24750000182539225,0.1259712247212991,0.0525000100955367,0.38095238095238093,0.25,0.6424999982118607,-0.0010228960309177637,0.25500000454485416,0.04500000737607479,0.30000001192092896,0.0,20,0
gaze,loso,30,13,0.20000000298023224,0.2375000048428774,0.06684871074689881,-0.037500001862645155,0.7619047619047619,0.25,0.3400000035762787,0.014736507087945938,0.27250000312924383,-0.07250000014901159,0.20000000298023224,0.0,20,0
gaze,loso,30,14,0.5,0.23250000402331353,0.08699856440120857,0.2674999959766865,0.047619047619047616,0.25,0.5525000050663949,0.01627705805003643,0.2525000039488077,0.24749999605119227,0.5,0.0,20,0
gaze,loso,30,15,0.4000000059604645,0.2550000036135316,0.0864580834126117,0.1450000023469329,0.19047619047619047,0.25,0.4825000032782555,0.0039486936293542385,0.255000003054738,0.14500000290572646,0.4000000059604645,0.0,20,0
gaze,within,30,0,0.3968749940395355,0.25968750193715096,0.02534720085936974,0.13718749210238457,0.047619047619047616,0.25,0.6206249982118607,0.012606048956513405,0.25781250074505807,0.13906249329447745,0.3968749940395355,0.0,320,0
gaze,within,30,1,0.328125,0.25921875014901163,0.022019057333604368,0.06890624985098837,0.047619047619047616,0.25,0.60546875,0.014003179967403412,0.2435937523841858,0.08453124761581421,0.328125,0.0,320,0
gaze,within,30,2,0.34062498807907104,0.25375000163912775,0.012945198237573282,0.08687498643994329,0.047619047619047616,0.25,0.49687500298023224,0.005403792019933462,0.24640625044703485,0.0942187376320362,0.34062498807907104,0.0,320,0
gaze,within,30,3,0.3459119498729706,0.2520440272986889,0.01414307892946144,0.09386792257428167,0.047619047619047616,0.24842767417430878,0.5779874265193939,0.005835686344653368,0.25062893480062487,0.09528301507234571,0.3459119498729706,0.0,318,0
gaze,within,30,4,0.390625,0.26046875193715097,0.023804931997624686,0.13015624806284903,0.047619047619047616,0.25,0.7307812452316285,0.004373024217784405,0.24781250208616257,0.14281249791383743,0.390625,0.0,320,0
gaze_imu,loso,5,0,0.2545454502105713,0.25545454621315,0.018497264332015314,-0.0009090960025787131,0.6190476190476191,0.25,0.5527272760868073,0.015278344973921776,0.2520454525947571,0.002499997615814209,0.2545454502105713,0.0,220,0
gaze_imu,loso,5,1,0.5980861186981201,0.2454545445740223,0.02681560849574032,0.35263157412409785,0.047619047619047616,0.2631579041481018,0.739712917804718,0.01512353215366602,0.25478468984365465,0.34330142885446546,0.5980861186981201,0.0,209,0
gaze_imu,loso,5,2,0.5272727012634277,0.24863636419177054,0.028715618744888087,0.2786363370716572,0.047619047619047616,0.25,0.6427272766828537,0.010808740742504597,0.24568181708455086,0.2815908841788769,0.5272727012634277,0.0,220,0
gaze_imu,loso,5,3,0.44545453786849976,0.24318181797862054,0.02908735741706538,0.20227271988987922,0.047619047619047616,0.25,0.6659090906381607,0.007980595342814922,0.2431818164885044,0.20227272137999536,0.44545453786849976,0.0,220,0
gaze_imu,loso,5,4,0.5318182110786438,0.25363636389374733,0.027820260392519204,0.27818184718489647,0.047619047619047616,0.25,0.7593181848526,0.019076351076364517,0.2481818176805973,0.28363639339804647,0.5318182110786438,0.0,220,0
gaze_imu,loso,5,5,0.38181817531585693,0.24204545319080353,0.022676076047028915,0.1397727221250534,0.047619047619047616,0.25,0.7497727304697037,0.007850134745240211,0.2506818167865276,0.1311363585293293,0.38181817531585693,0.0,220,0
gaze_imu,loso,5,6,0.5772727131843567,0.25772727355360986,0.01976619610132686,0.31954543963074683,0.047619047619047616,0.25,0.7020454466342926,0.014931518584489822,0.24863636568188668,0.32863634750247,0.5772727131843567,0.0,220,0
gaze_imu,loso,5,7,0.2772727310657501,0.25568181872367857,0.030453694834243726,0.021590912342071555,0.2857142857142857,0.25,0.5254545480012893,0.21300064027309418,0.25431818068027495,0.02295455038547517,0.2772727310657501,0.0,220,0
gaze_imu,loso,5,8,0.2590909004211426,0.24840908870100975,0.032278325835950944,0.010681811720132828,0.42857142857142855,0.25,0.7024999976158142,0.03360586613416672,0.25250000059604644,0.0065908998250961415,0.2590909004211426,0.0,220,0
gaze_imu,loso,5,9,0.5136363506317139,0.2502272740006447,0.02825778030344999,0.26340907663106916,0.047619047619047616,0.25,0.6702272683382035,0.019624559208750725,0.253181815892458,0.2604545347392559,0.5136363506317139,0.0,220,0
gaze_imu,loso,5,10,0.20454545319080353,0.25772727131843565,0.029844641714048957,-0.05318181812763212,1.0,0.25,0.5595454558730125,0.00926318857818842,0.24704545363783836,-0.042500000447034836,0.20454545319080353,0.0,220,0
gaze_imu,loso,5,11,0.22727273404598236,0.25136363655328753,0.032843858064334035,-0.024090902507305167,0.7619047619047619,0.25,0.6863636374473572,0.03756483644247055,0.26340909078717234,-0.03613635674118998,0.22727273404598236,0.0,220,0
gaze_imu,loso,5,12,0.4681818187236786,0.2511363632977009,0.02290272973727158,0.2170454554259777,0.047619047619047616,0.25,0.6772727400064469,0.04241667687892914,0.25272727459669114,0.21545454412698745,0.4681818187236786,0.0,220,0
gaze_imu,loso,5,13,0.2181818187236786,0.24590909034013747,0.022170452883557464,-0.02772727161645888,0.9047619047619048,0.25,0.56795454621315,0.0025549610145390034,0.253181815892458,-0.034999997168779384,0.2181818187236786,0.0,220,0
gaze_imu,loso,5,14,0.5863636136054993,0.24113636314868928,0.025122635111131334,0.34522725045681,0.047619047619047616,0.25,0.7384090930223465,0.014850743114948273,0.24022727310657502,0.3461363404989243,0.5863636136054993,0.0,220,0
gaze_imu,loso,5,15,0.41363635659217834,0.246136362105608,0.032406093352677585,0.16749999448657035,0.047619047619047616,0.25,0.7486363649368286,0.005879838485270739,0.24431818202137948,0.16931817457079887,0.41363635659217834,0.0,220,0
gaze_imu,within,5,0,0.49289771914482117,0.2498295485973358,0.008788653792714377,0.24306817054748536,0.047619047619047616,0.25,0.7214346528053284,0.031006714329123497,0.24889204725623132,0.24400567188858985,0.49289771914482117,0.0,3520,0
gaze_imu,within,5,1,0.46505680680274963,0.2487215928733349,0.007130342420321826,0.21633521392941474,0.047619047619047616,0.25,0.7356250047683716,0.019838161766529083,0.24936079755425453,0.2156960092484951,0.46505680680274963,0.0,3520,0
gaze_imu,within,5,2,0.46875,0.24975852221250533,0.007330026693069074,0.21899147778749467,0.047619047619047616,0.25,0.7274857997894287,0.012700454331934452,0.24920454621315002,0.21954545378684998,0.46875,0.0,3520,0
gaze_imu,within,5,3,0.4256718158721924,0.2513150408864021,0.006617251491100614,0.17435677498579027,0.047619047619047616,0.2515723407268524,0.7129502534866333,0.014440728351473808,0.25151515156030657,0.1741566643118858,0.4256718158721924,0.0,3498,0
gaze_imu,within,5,4,0.41448864340782166,0.2511363662779331,0.00643451941405207,0.16335227712988853,0.047619047619047616,0.25,0.7003551155328751,0.011118502356112003,0.24995738863945008,0.16453125476837158,0.41448864340782166,0.0,3520,0
gaze_imu,loso,10,0,0.3400000035762787,0.23449999913573266,0.032011716670652904,0.10550000444054602,0.047619047619047616,0.25,0.588500002026558,0.013998105190694332,0.25750000178813937,0.08250000178813932,0.3400000035762787,0.0,100,0
gaze_imu,loso,10,1,0.557894766330719,0.23999999985098838,0.02951125204647097,0.3178947664797306,0.047619047619047616,0.21052631735801697,0.6315789490938186,0.008275342173874378,0.256315790861845,0.30157897546887397,0.557894766330719,0.0,95,0
gaze_imu,loso,10,2,0.47999998927116394,0.23250000104308127,0.0453734528055133,0.24749998822808267,0.047619047619047616,0.25,0.6589999973773957,0.005800898186862469,0.23499999791383744,0.2449999913573265,0.47999998927116394,0.0,100,0
gaze_imu,loso,10,3,0.44999998807907104,0.23999999910593034,0.03860051779924757,0.2099999889731407,0.047619047619047616,0.25,0.6340000003576278,0.008683024905622005,0.25,0.19999998807907104,0.44999998807907104,0.0,100,0
gaze_imu,loso,10,4,0.46000000834465027,0.24300000071525574,0.035369478635602004,0.21700000762939453,0.047619047619047616,0.25,0.703999999165535,0.009489702992141247,0.23899999931454657,0.2210000090301037,0.46000000834465027,0.0,100,0
gaze_imu,loso,10,5,0.3100000023841858,0.2635000005364418,0.05160184189968496,0.046500001847744,0.19047619047619047,0.25,0.675,0.003807670436799526,0.2530000008642673,0.057000001519918464,0.3100000023841858,0.0,100,0
gaze_imu,loso,10,6,0.38999998569488525,0.24949999824166297,0.04779905941016099,0.14049998745322229,0.047619047619047616,0.25,0.725000011920929,0.012805992737412453,0.22999999970197677,0.1599999859929085,0.38999998569488525,0.0,100,0
gaze_imu,loso,10,7,0.3700000047683716,0.2714999996125698,0.050326435702366334,0.09850000515580176,0.047619047619047616,0.25,0.6495000034570694,0.17108532786369324,0.2635000005364418,0.10650000423192979,0.3700000047683716,0.0,100,0
gaze_imu,loso,10,8,0.3100000023841858,0.2589999966323376,0.05300000058311369,0.05100000575184821,0.19047619047619047,0.25,0.5524999961256981,0.005043370183557272,0.24200000017881393,0.06800000220537186,0.3100000023841858,0.0,100,0
gaze_imu,loso,10,9,0.5299999713897705,0.24699999913573265,0.03899999996408486,0.28299997225403783,0.047619047619047616,0.25,0.7395000040531159,0.012239636853337288,0.24549999982118606,0.2844999715685844,0.5299999713897705,0.0,100,0
gaze_imu,loso,10,10,0.27000001072883606,0.25749999806284907,0.032996212443458156,0.012500012665986993,0.47619047619047616,0.25,0.62049999833107,0.000681931443978101,0.2599999986588955,0.010000012069940556,0.27000001072883606,0.0,100,0
gaze_imu,loso,10,11,0.30000001192092896,0.25649999752640723,0.031666229101920684,0.043500014394521724,0.14285714285714285,0.25,0.7084999918937683,0.015351821668446064,0.24949999675154685,0.0505000151693821,0.30000001192092896,0.0,100,0
gaze_imu,loso,10,12,0.4699999988079071,0.2619999997317791,0.0395727181670231,0.20799999907612798,0.047619047619047616,0.25,0.7370000004768371,0.0023953639902174473,0.23749999776482583,0.23250000104308127,0.4699999988079071,0.0,100,0
gaze_imu,loso,10,13,0.3400000035762787,0.24399999901652336,0.0362491396489491,0.09600000455975533,0.047619047619047616,0.25,0.5034999936819077,0.004830715246498585,0.2474999986588955,0.0925000049173832,0.3400000035762787,0.0,100,0
gaze_imu,loso,10,14,0.47999998927116394,0.253499998152256,0.05312955455946861,0.22649999111890795,0.047619047619047616,0.25,0.6455000013113021,0.01232707966119051,0.24850000068545341,0.23149998858571053,0.47999998927116394,0.0,100,0
gaze_imu,loso,10,15,0.5400000214576721,0.24899999871850015,0.030643108717588376,0.29100002273917197,0.047619047619047616,0.25,0.7340000033378601,0.007761701941490173,0.2609999991953373,0.27900002226233483,0.5400000214576721,0.0,100,0
gaze_imu,within,10,0,0.40312498807907104,0.251687503606081,0.011904733486948014,0.15143748447299005,0.047619047619047616,0.25,0.7041249960660935,0.007184451445937157,0.24956249967217445,0.1535624884068966,0.40312498807907104,0.0,1600,0
gaze_imu,within,10,1,0.46187499165534973,0.2501562491059303,0.014201225766613779,0.21171874254941941,0.047619047619047616,0.25,0.7082187592983246,0.014996769838035107,0.2513750001788139,0.2104999914765358,0.46187499165534973,0.0,1600,0
gaze_imu,within,10,2,0.45750001072883606,0.2525312528014183,0.010860397715919482,0.20496875792741776,0.047619047619047616,0.25,0.7293437510728836,0.01940337009727955,0.25181250348687173,0.20568750724196433,0.45750001072883606,0.0,1600,0
gaze_imu,within,10,3,0.4440251588821411,0.2503773562610149,0.012567445876771324,0.19364780262112619,0.047619047619047616,0.2515723407268524,0.7385534584522248,0.007734447252005339,0.24974842891097068,0.19427672997117043,0.4440251588821411,0.0,1590,0
gaze_imu,within,10,4,0.4087499976158142,0.2541562497615814,0.009014473177093555,0.1545937478542328,0.047619047619047616,0.25,0.6714062571525574,0.002606403548270464,0.24887499883770942,0.1598749987781048,0.4087499976158142,0.0,1600,0
gaze_imu,loso,15,0,0.3499999940395355,0.24750000573694705,0.05509461706430032,0.10249998830258847,0.047619047619047616,0.25,0.6658333361148834,-0.000511591846588999,0.25416666977107527,0.09583332426846025,0.3499999940395355,0.0,60,0
gaze_imu,loso,15,1,0.6315789222717285,0.24736841768026352,0.05868676500884458,0.384210504591465,0.047619047619047616,0.2631579041481018,0.7377192914485932,0.0013959736097604036,0.25701754465699195,0.37456137761473657,0.6315789222717285,0.0,57,0
gaze_imu,loso,15,2,0.4000000059604645,0.24666667059063913,0.05312459067268038,0.15333333536982535,0.047619047619047616,0.25,0.6591666668653489,0.017516445368528366,0.24750000536441802,0.15250000059604646,0.4000000059604645,0.0,60,0
gaze_imu,loso,15,3,0.3499999940395355,0.26750000566244125,0.05040805843487459,0.08249998837709427,0.14285714285714285,0.25,0.6541666746139526,0.012292329221963882,0.24166667088866234,0.10833332315087318,0.3499999940395355,0.0,60,0
gaze_imu,loso,15,4,0.38333332538604736,0.2750000052154064,0.060896086293642834,0.10833332017064096,0.047619047619047616,0.25,0.7283333271741868,-0.0019414890557527542,0.2450000025331974,0.13833332285284997,0.38333332538604736,0.0,60,0
gaze_imu,loso,15,5,0.3333333432674408,0.2558333359658718,0.038468964087323594,0.07750000730156897,0.09523809523809523,0.25,0.7349999994039536,0.0009087179787456989,0.2675000049173832,0.06583333835005761,0.3333333432674408,0.0,60,0
gaze_imu,loso,15,6,0.4833333194255829,0.2566666714847088,0.05783117108226255,0.2266666479408741,0.047619047619047616,0.25,0.7366666615009307,-0.00228632683865726,0.25833333730697633,0.22499998211860656,0.4833333194255829,0.0,60,0
gaze_imu,loso,15,7,0.3333333432674408,0.2500000037252903,0.051370117255442174,0.0833333395421505,0.14285714285714285,0.25,0.6274999976158142,0.20149900019168854,0.23000000342726706,0.10333333984017373,0.3333333432674408,0.0,60,0
gaze_imu,loso,15,8,0.4000000059604645,0.25333333685994147,0.04731689993392276,0.146666669100523,0.047619047619047616,0.25,0.7341666728258133,0.013675952330231667,0.2700000025331974,0.13000000342726709,0.4000000059604645,0.0,60,0
gaze_imu,loso,15,9,0.4166666567325592,0.2583333350718021,0.04930066280217972,0.1583333216607571,0.047619047619047616,0.25,0.6233333319425582,0.013765188865363598,0.27000000327825546,0.14666665345430374,0.4166666567325592,0.0,60,0
gaze_imu,loso,15,10,0.28333333134651184,0.24666667059063913,0.04169998657409094,0.036666660755872715,0.23809523809523808,0.25,0.4616666719317436,0.004786097910255194,0.2450000040233135,0.03833332732319833,0.28333333134651184,0.0,60,0
gaze_imu,loso,15,11,0.3499999940395355,0.2400000050663948,0.044845415690667204,0.10999998897314073,0.047619047619047616,0.25,0.6908333271741867,0.011898237280547619,0.2650000020861626,0.08499999195337293,0.3499999940395355,0.0,60,0
gaze_imu,loso,15,12,0.4000000059604645,0.2700000025331974,0.047609522366606434,0.13000000342726709,0.047619047619047616,0.25,0.5791666656732559,0.0025269482284784317,0.24583333730697632,0.15416666865348816,0.4000000059604645,0.0,60,0
gaze_imu,loso,15,13,0.3499999940395355,0.24166667088866234,0.040994581233302976,0.10833332315087318,0.047619047619047616,0.25,0.5650000050663948,-0.0030538870487362146,0.2458333380520344,0.10416665598750113,0.3499999940395355,0.0,60,0
gaze_imu,loso,15,14,0.6333333253860474,0.2483333356678486,0.056000990778963526,0.38499998971819877,0.047619047619047616,0.25,0.7250000029802323,0.01019059494137764,0.24833333790302276,0.3849999874830246,0.6333333253860474,0.0,60,0
gaze_imu,loso,15,15,0.3499999940395355,0.264166671782732,0.04866980885314073,0.08583332225680351,0.14285714285714285,0.25,0.7191666632890701,0.00666838837787509,0.22666666954755782,0.1233333244919777,0.3499999940395355,0.0,60,0
gaze_imu,within,15,0,0.4520833194255829,0.2548437498509884,0.017221476320353132,0.1972395695745945,0.047619047619047616,0.25,0.7359375059604645,0.008849629200994968,0.25270833522081376,0.19937498420476912,0.4520833194255829,0.0,960,0
gaze_imu,within,15,1,0.484375,0.25093750208616256,0.015414907367413116,0.23343749791383744,0.047619047619047616,0.25,0.7338020831346512,0.0121891675516963,0.2553124979138374,0.22906250208616258,0.484375,0.0,960,0
gaze_imu,within,15,2,0.4260416626930237,0.2562499985098839,0.009914999698617078,0.1697916641831398,0.047619047619047616,0.25,0.702760425209999,0.021408284083008766,0.25052083283662796,0.17552082985639572,0.4260416626930237,0.0,960,0
gaze_imu,within,15,3,0.4098532497882843,0.24795597344636916,0.01534655116810605,0.16189727634191514,0.047619047619047616,0.2515723407268524,0.7222746312618256,0.0067084734328091145,0.25178197100758554,0.15807127878069877,0.4098532497882843,0.0,954,0
gaze_imu,within,15,4,0.3916666805744171,0.25614583641290667,0.01488490644864418,0.13552084416151045,0.047619047619047616,0.25,0.7177604228258133,0.002396960975602269,0.2505208343267441,0.141145846247673,0.3916666805744171,0.0,960,0
gaze_imu,loso,20,0,0.25,0.2437500014901161,0.06794988965204676,0.006249998509883892,0.47619047619047616,0.25,0.6149999916553497,-0.00019562794477678835,0.2587499976158142,-0.008749997615814187,0.25,0.0,40,0
gaze_imu,loso,20,1,0.42105263471603394,0.2684210531413555,0.06892526500707664,0.15263158157467843,0.047619047619047616,0.2631579041481018,0.6736842080950737,0.01537399273365736,0.2605263188481331,0.16052631586790084,0.42105263471603394,0.0,38,0
gaze_imu,loso,20,2,0.375,0.22999999821186065,0.0630475969521411,0.14500000178813935,0.047619047619047616,0.25,0.6625,-0.001782791456207633,0.2312499972060323,0.1437500027939677,0.375,0.0,40,0
gaze_imu,loso,20,3,0.375,0.23500000163912774,0.053851649219681885,0.13999999836087226,0.047619047619047616,0.25,0.6124999985098839,0.003676321590319276,0.2262500027194619,0.1487499972805381,0.375,0.0,40,0
gaze_imu,loso,20,4,0.375,0.2475000001490116,0.04670385224454815,0.1274999998509884,0.047619047619047616,0.25,0.75,-0.0016660152468830347,0.2675000004470348,0.10749999955296519,0.375,0.0,40,0
gaze_imu,loso,20,5,0.3499999940395355,0.2600000023841858,0.060930287888033445,0.08999999165534972,0.19047619047619047,0.25,0.5337499946355819,-0.005737619008868933,0.26375000178813934,0.08624999225139618,0.3499999940395355,0.0,40,0
gaze_imu,loso,20,6,0.4749999940395355,0.2475000023841858,0.06466258806329235,0.22749999165534973,0.047619047619047616,0.25,0.6762499958276749,0.02533862739801407,0.23374999985098838,0.24124999418854715,0.4749999940395355,0.0,40,0
gaze_imu,loso,20,7,0.2750000059604645,0.2549999989569187,0.06254997902733785,0.02000000700354576,0.47619047619047616,0.25,0.6337500035762786,0.1068631038069725,0.2512500025331974,0.023750003427267075,0.2750000059604645,0.0,40,0
gaze_imu,loso,20,8,0.22499999403953552,0.23874999955296516,0.05504259786155368,-0.013750005513429642,0.7142857142857143,0.25,0.633749994635582,-0.0010560769587755203,0.2387500014156103,-0.013750007376074791,0.22499999403953552,0.0,40,0
gaze_imu,loso,20,9,0.30000001192092896,0.275,0.05809474865412646,0.025000011920928933,0.5238095238095238,0.25,0.49499999582767484,0.00593912648037076,0.24625000059604646,0.053750011324882496,0.30000001192092896,0.0,40,0
gaze_imu,loso,20,10,0.30000001192092896,0.2687500022351742,0.06931585282916114,0.031250009685754754,0.5238095238095238,0.25,0.5687500044703484,0.010226824320852757,0.2387499988079071,0.06125001311302186,0.30000001192092896,0.0,40,0
gaze_imu,loso,20,11,0.30000001192092896,0.2400000013411045,0.05667892061184032,0.06000001057982446,0.3333333333333333,0.25,0.6874999970197677,0.009521601721644402,0.23500000201165677,0.06500000990927218,0.30000001192092896,0.0,40,0
gaze_imu,loso,20,12,0.42500001192092896,0.250000000372529,0.08215838190274914,0.17500001154839995,0.047619047619047616,0.25,0.6500000014901162,0.006122036371380091,0.24874999970197678,0.17625001221895217,0.42500001192092896,0.0,40,0
gaze_imu,loso,20,13,0.2750000059604645,0.2750000022351742,0.06174544481414441,3.725290298461914e-09,0.6666666666666666,0.25,0.6187500029802322,-0.0020468321163207293,0.2275000013411045,0.047500004619359965,0.2750000059604645,0.0,40,0
gaze_imu,loso,20,14,0.44999998807907104,0.2512500025331974,0.0756120851888891,0.19874998554587364,0.047619047619047616,0.25,0.664999994635582,0.024961648508906364,0.24874999932944775,0.2012499887496233,0.44999998807907104,0.0,40,0
gaze_imu,loso,20,15,0.42500001192092896,0.24624999798834324,0.07300470747526663,0.17875001393258572,0.047619047619047616,0.25,0.73125,0.017588594928383827,0.2625000007450581,0.16250001117587087,0.42500001192092896,0.0,40,0
gaze_imu,within,20,0,0.4437499940395355,0.24875000044703482,0.01536979022976016,0.1949999935925007,0.047619047619047616,0.25,0.7401562511920929,0.006808978971093893,0.25164062306284907,0.19210937097668646,0.4437499940395355,0.0,640,0
gaze_imu,within,20,1,0.390625,0.2528124988079071,0.010217363505367977,0.13781250119209287,0.047619047619047616,0.25,0.6690625011920929,0.010353113524615765,0.2518750011920929,0.13874999880790712,0.390625,0.0,640,0
gaze_imu,within,20,2,0.40156251192092896,0.25414062589406966,0.011716408183635486,0.1474218860268593,0.047619047619047616,0.25,0.6242968738079071,0.0054789320565760136,0.2555468760430813,0.14601563587784766,0.40156251192092896,0.0,640,0
gaze_imu,within,20,3,0.3600628972053528,0.2548742167651653,0.016948343406626737,0.10518868044018748,0.047619047619047616,0.2515723407268524,0.5569182425737381,0.008186672814190388,0.25062892958521843,0.10943396762013435,0.3600628972053528,0.0,636,0
gaze_imu,within,20,4,0.3984375,0.24640625193715096,0.017588365601084947,0.15203124806284904,0.047619047619047616,0.25,0.727499994635582,0.003577144118025899,0.25093750059604647,0.14749999940395353,0.3984375,0.0,640,0
gaze_imu,loso,30,0,0.30000001192092896,0.23000000342726706,0.07968688633626396,0.07000000849366189,0.38095238095238093,0.25,0.6525000035762787,-0.005078436341136694,0.23500000555068254,0.06500000637024642,0.30000001192092896,0.0,20,0
gaze_imu,loso,30,1,0.4736842215061188,0.29210526049137114,0.06755524932045621,0.18157896101474763,0.09523809523809523,0.2631579041481018,0.5736842080950737,0.019184140488505363,0.2447368398308754,0.22894738167524337,0.4736842215061188,0.0,19,0
gaze_imu,loso,30,2,0.25,0.2475000038743019,0.06417748864807547,0.002499996125698095,0.6666666666666666,0.25,0.2900000110268593,-0.00032624194864183664,0.23750000298023224,0.012499997019767756,0.25,0.0,20,0
gaze_imu,loso,30,3,0.44999998807907104,0.23750000521540643,0.07224091903973068,0.21249998286366462,0.047619047619047616,0.25,0.5125000074505806,0.006423417944461107,0.24000000208616257,0.20999998599290848,0.44999998807907104,0.0,20,0
gaze_imu,loso,30,4,0.4000000059604645,0.24250000175088643,0.0939081973369441,0.15750000420957805,0.09523809523809523,0.25,0.6549999952316284,0.0027074662502855062,0.26250000186264516,0.13750000409781932,0.4000000059604645,0.0,20,0
gaze_imu,loso,30,5,0.3499999940395355,0.2525000058114529,0.046029885006042215,0.09749998822808265,0.047619047619047616,0.25,0.2450000073760748,-0.007004020269960165,0.2575000025331974,0.09249999150633814,0.3499999940395355,0.0,20,0
gaze_imu,loso,30,6,0.44999998807907104,0.2750000052154064,0.0733143924585143,0.17499998286366464,0.047619047619047616,0.25,0.6650000035762786,0.08297154307365417,0.2175000049173832,0.23249998316168785,0.44999998807907104,0.0,20,0
gaze_imu,loso,30,7,0.25,0.22750000171363355,0.07327175248371688,0.02249999828636645,0.5238095238095238,0.25,0.6825000002980233,0.04450715705752373,0.2075000049546361,0.04249999504536389,0.25,0.0,20,0
gaze_imu,loso,30,8,0.30000001192092896,0.28000000268220904,0.0927361828018003,0.020000009238719918,0.5238095238095238,0.25,0.7349999994039536,0.00838977936655283,0.23750000223517417,0.06250000968575478,0.30000001192092896,0.0,20,0
gaze_imu,loso,30,9,0.44999998807907104,0.26000000424683095,0.0644204951140155,0.1899999838322401,0.047619047619047616,0.25,0.6499999940395356,0.01858295127749443,0.21000000275671482,0.23999998532235622,0.44999998807907104,0.0,20,0
gaze_imu,loso,30,10,0.25,0.26249999944120644,0.10940177861718563,-0.012499999441206444,0.7142857142857143,0.25,0.5724999971687794,0.017194798216223717,0.24000000301748514,0.009999996982514858,0.25,0.0,20,0
gaze_imu,loso,30,11,0.25,0.24000000413507222,0.0784219364715918,0.00999999586492778,0.6666666666666666,0.25,0.6849999994039535,0.008898669853806496,0.23000000398606063,0.01999999601393937,0.25,0.0,20,0
gaze_imu,loso,30,12,0.30000001192092896,0.255000003054738,0.10828203872225535,0.04500000886619093,0.42857142857142855,0.25,0.6474999994039535,0.007740838918834925,0.2275000024586916,0.07250000946223736,0.30000001192092896,0.0,20,0
gaze_imu,loso,30,13,0.25,0.22750000283122063,0.09417404129004522,0.022499997168779373,0.5714285714285714,0.25,0.6174999997019768,-0.005411810707300901,0.28500000666826963,-0.035000006668269634,0.25,0.0,20,0
gaze_imu,loso,30,14,0.4000000059604645,0.23000000305473806,0.07648529277208031,0.17000000290572642,0.047619047619047616,0.25,0.7374999910593033,0.015044157393276691,0.2375000037252903,0.1625000022351742,0.4000000059604645,0.0,20,0
gaze_imu,loso,30,15,0.44999998807907104,0.267500002682209,0.11431863311079435,0.18249998539686202,0.14285714285714285,0.25,0.6199999988079071,0.007211645133793354,0.2375000048428774,0.21249998323619365,0.44999998807907104,0.0,20,0
gaze_imu,within,30,0,0.375,0.25296875312924383,0.027941678225079182,0.12203124687075617,0.047619047619047616,0.25,0.7537500023841858,0.008237090893089771,0.2517187498509884,0.12328125014901159,0.375,0.0,320,0
gaze_imu,within,30,1,0.3531250059604645,0.25546875298023225,0.01775690305238147,0.09765625298023223,0.047619047619047616,0.25,0.5357812508940697,0.01251984853297472,0.2532812498509884,0.0998437561094761,0.3531250059604645,0.0,320,0
gaze_imu,within,30,2,0.40937501192092896,0.25500000044703486,0.02284458258800492,0.1543750114738941,0.047619047619047616,0.25,0.6226562619209289,0.001430237665772438,0.2545312516391277,0.15484376028180125,0.40937501192092896,0.0,320,0
gaze_imu,within,30,3,0.40566039085388184,0.24858490750193596,0.02094148607746742,0.15707548335194588,0.047619047619047616,0.2515723407268524,0.71194968521595,0.002973114373162389,0.24606918469071387,0.15959120616316796,0.40566039085388184,0.0,318,0
gaze_imu,within,30,4,0.37187498807907104,0.24984375163912773,0.014673363717928692,0.12203123643994332,0.047619047619047616,0.25,0.6529687523841858,0.003084297524765134,0.25,0.12187498807907104,0.37187498807907104,0.0,320,0
gaze_imu_video,loso,5,0,0.25,0.2509090885519981,0.021589710397961797,-0.0009090885519981162,0.6190476190476191,0.25,0.5840909123420716,0.027870234102010727,0.24204545319080353,0.007954546809196467,0.25,0.0,220,0
gaze_imu_video,loso,5,1,0.6220095753669739,0.25191387459635733,0.02977579757754722,0.37009570077061654,0.047619047619047616,0.2631579041481018,0.6832535862922668,0.006528005003929138,0.24856459423899652,0.37344498112797736,0.6220095753669739,0.0,209,0
gaze_imu_video,loso,5,2,0.459090918302536,0.23954545482993125,0.024775854167949782,0.21954546347260476,0.047619047619047616,0.25,0.5713636368513108,0.011262810789048672,0.24977272674441336,0.20931819155812265,0.459090918302536,0.0,220,0
gaze_imu_video,loso,5,3,0.6136363744735718,0.24295454621315002,0.02075411958904996,0.37068182826042173,0.047619047619047616,0.25,0.6872727274894714,0.01871528849005699,0.2400000013411045,0.3736363731324673,0.6136363744735718,0.0,220,0
gaze_imu_video,loso,5,4,0.581818163394928,0.2470454528927803,0.02608294840086685,0.3347727105021477,0.047619047619047616,0.25,0.7047727257013321,0.008924598805606365,0.2559090904891491,0.32590907290577886,0.581818163394928,0.0,220,0
gaze_imu_video,loso,5,5,0.44090908765792847,0.24840909168124198,0.022830446421144714,0.1924999959766865,0.047619047619047616,0.25,0.7495454549789429,0.007273369003087282,0.253181815892458,0.1877272717654705,0.44090908765792847,0.0,220,0
gaze_imu_video,loso,5,6,0.550000011920929,0.24977272972464562,0.02292977992822642,0.30022728219628336,0.047619047619047616,0.25,0.6806818276643753,0.0269745085388422,0.2461363635957241,0.30386364832520485,0.550000011920929,0.0,220,0
gaze_imu_video,loso,5,7,0.19090908765792847,0.25681818202137946,0.025287603163817934,-0.06590909436345099,0.9523809523809523,0.25,0.6213636338710785,0.13451716303825378,0.2593181811273098,-0.06840909346938134,0.19090908765792847,0.0,220,0
gaze_imu_video,loso,5,8,0.2772727310657501,0.24499999806284906,0.028236749692039688,0.032272733002901066,0.19047619047619047,0.25,0.5456818148493767,0.012823213823139668,0.24363636448979378,0.03363636657595634,0.2772727310657501,0.0,220,0
gaze_imu_video,loso,5,9,0.668181836605072,0.25431817919015887,0.02210395261038705,0.41386365741491316,0.047619047619047616,0.25,0.7127272725105286,0.03645287826657295,0.24590908885002136,0.42227274775505064,0.668181836605072,0.0,220,0
gaze_imu_video,loso,5,10,0.30454546213150024,0.2440909095108509,0.030427396332079852,0.06045455262064933,0.047619047619047616,0.25,0.702272716164589,0.00892903283238411,0.25204545482993124,0.05250000730156901,0.30454546213150024,0.0,220,0
gaze_imu_video,loso,5,11,0.24090908467769623,0.24795454517006874,0.028584909366092724,-0.007045460492372507,0.7142857142857143,0.25,0.6922727257013321,0.01848527602851391,0.24499999806284906,-0.004090913385152828,0.24090908467769623,0.0,220,0
gaze_imu_video,loso,5,12,0.5909090638160706,0.2593181826174259,0.02337596769267581,0.33159088119864466,0.047619047619047616,0.25,0.6974999964237213,0.013488346710801125,0.251136364787817,0.3397726990282536,0.5909090638160706,0.0,220,0
gaze_imu_video,loso,5,13,0.22727273404598236,0.25159090757369995,0.01602393288983504,-0.02431817352771759,1.0,0.25,0.3331818148493767,0.02224874682724476,0.2486363634467125,-0.02136362940073014,0.22727273404598236,0.0,220,0
gaze_imu_video,loso,5,14,0.6772727370262146,0.23386363610625266,0.025852210321908854,0.44340910091996194,0.047619047619047616,0.25,0.7563636332750321,0.012357928790152073,0.247272726893425,0.4300000101327896,0.6772727370262146,0.0,220,0
gaze_imu_video,loso,5,15,0.4681818187236786,0.2611363612115383,0.026444819389889074,0.20704545751214026,0.047619047619047616,0.25,0.7013636350631713,0.008884385228157043,0.2547727279365063,0.2134090907871723,0.4681818187236786,0.0,220,0
gaze_imu_video,within,5,0,0.5207386612892151,0.2508380688726902,0.007535899182993468,0.26990059241652486,0.047619047619047616,0.25,0.7002556800842286,0.07774115353822708,0.24978693276643754,0.27095172852277755,0.5207386612892151,0.0,3520,0
gaze_imu_video,within,5,1,0.5144886374473572,0.25008522942662237,0.008032342490218532,0.2644034080207348,0.047619047619047616,0.25,0.716619324684143,0.01404297910630703,0.24941761642694474,0.26507102102041247,0.5144886374473572,0.0,3520,0
gaze_imu_video,within,5,2,0.5005682110786438,0.25186079666018485,0.009271760497361527,0.24870741441845895,0.047619047619047616,0.25,0.7018181771039963,0.012925224378705025,0.24819602593779563,0.25237218514084814,0.5005682110786438,0.0,3520,0
gaze_imu_video,within,5,3,0.46769583225250244,0.2514436818659306,0.00797617847285125,0.21625215038657186,0.047619047619047616,0.24842767417430878,0.7317752987146378,0.02258988656103611,0.2510291576385498,0.21666667461395261,0.46769583225250244,0.0,3498,0
gaze_imu_video,within,5,4,0.44062501192092896,0.2513636380434036,0.006989214750798172,0.18926137387752534,0.047619047619047616,0.25,0.7302556812763215,0.015225953422486782,0.24833806827664376,0.1922869436442852,0.44062501192092896,0.0,3520,0
gaze_imu_video,loso,10,0,0.3199999928474426,0.24599999859929084,0.029899832966826377,0.07399999424815179,0.09523809523809523,0.25,0.6860000044107437,0.025217201560735703,0.2574999988079071,0.062499994039535545,0.3199999928474426,0.0,100,0
gaze_imu_video,loso,10,1,0.621052622795105,0.27526316195726397,0.0388583646332861,0.345789460837841,0.047619047619047616,0.2631579041481018,0.6568421095609664,0.01027283538132906,0.24842105582356452,0.37263156697154043,0.621052622795105,0.0,95,0
gaze_imu_video,loso,10,2,0.5199999809265137,0.2475000001490116,0.03631459873399908,0.27249998077750204,0.047619047619047616,0.25,0.6500000059604645,0.003462988417595625,0.2444999970495701,0.2754999838769436,0.5199999809265137,0.0,100,0
gaze_imu_video,loso,10,3,0.49000000953674316,0.2444999985396862,0.032011717043045916,0.24550001099705696,0.047619047619047616,0.25,0.5719999954104423,0.012004231102764606,0.2450000002980232,0.24500000923871995,0.49000000953674316,0.0,100,0
gaze_imu_video,loso,10,4,0.550000011920929,0.26349999830126764,0.04574658487782912,0.2865000136196613,0.047619047619047616,0.25,0.7025000005960464,0.014553755521774292,0.2484999991953373,0.3015000127255917,0.550000011920929,0.0,100,0
gaze_imu_video,loso,10,5,0.4300000071525574,0.25999999716877936,0.03646916623437829,0.170000009983778,0.047619047619047616,0.25,0.7275000035762786,0.004940091632306576,0.23799999952316284,0.19200000762939454,0.4300000071525574,0.0,100,0
gaze_imu_video,loso,10,6,0.5,0.25149999633431436,0.03990927146676889,0.24850000366568564,0.047619047619047616,0.25,0.6870000034570694,0.011208855547010899,0.25400000140070916,0.24599999859929084,0.5,0.0,100,0
gaze_imu_video,loso,10,7,0.20000000298023224,0.25399999916553495,0.039924929624029055,-0.05399999618530271,1.0,0.25,0.690499997138977,0.2584080100059509,0.2674999989569187,-0.06749999597668649,0.20000000298023224,0.0,100,0
gaze_imu_video,loso,10,8,0.2800000011920929,0.24499999955296517,0.04821825363499555,0.035000001639127726,0.2857142857142857,0.25,0.534499990940094,0.003688181983307004,0.2530000001192093,0.027000001072883584,0.2800000011920929,0.0,100,0
gaze_imu_video,loso,10,9,0.75,0.26450000181794164,0.04283398422019303,0.48549999818205836,0.047619047619047616,0.25,0.7090000063180923,0.013848240487277508,0.25250000059604644,0.49749999940395356,0.75,0.0,100,0
gaze_imu_video,loso,10,10,0.33000001311302185,0.25450000166893005,0.03827205400678201,0.0755000114440918,0.09523809523809523,0.25,0.656999996304512,0.00841254647821188,0.23650000020861625,0.0935000129044056,0.33000001311302185,0.0,100,0
gaze_imu_video,loso,10,11,0.20999999344348907,0.25549999848008154,0.039303307089528484,-0.04550000503659246,0.9523809523809523,0.25,0.6940000057220459,0.00817377120256424,0.2379999987781048,-0.02800000533461572,0.20999999344348907,0.0,100,0
gaze_imu_video,loso,10,12,0.6100000143051147,0.2640000008046627,0.041400485249972356,0.34600001350045206,0.047619047619047616,0.25,0.6715000063180924,0.006029900629073381,0.22700000032782555,0.3830000139772892,0.6100000143051147,0.0,100,0
gaze_imu_video,loso,10,13,0.27000001072883606,0.26299999877810476,0.0360693790338972,0.0070000119507313,0.42857142857142855,0.25,0.47499999701976775,-0.00047974404878914356,0.2504999995231628,0.01950001120567324,0.27000001072883606,0.0,100,0
gaze_imu_video,loso,10,14,0.7400000095367432,0.25150000154972074,0.03650685087831866,0.4885000079870224,0.047619047619047616,0.25,0.7334999978542328,0.009009907953441143,0.2504999987781048,0.48950001075863836,0.7400000095367432,0.0,100,0
gaze_imu_video,loso,10,15,0.5,0.254500000923872,0.03556332589122416,0.24549999907612802,0.047619047619047616,0.25,0.7225000083446502,0.0065477327443659306,0.24000000059604645,0.2599999994039536,0.5,0.0,100,0
gaze_imu_video,within,10,0,0.543749988079071,0.2520937517285347,0.007382609044409937,0.29165623635053634,0.047619047619047616,0.25,0.674843755364418,0.028006846085190773,0.24850000366568564,0.2952499844133854,0.543749988079071,0.0,1600,0
gaze_imu_video,within,10,1,0.5174999833106995,0.25084375143051146,0.011398801217673782,0.266656231880188,0.047619047619047616,0.25,0.6809687525033951,0.010281159542500973,0.24937500134110452,0.26812498196959494,0.5174999833106995,0.0,1600,0
gaze_imu_video,within,10,2,0.5387499928474426,0.25190625339746475,0.008737657070891438,0.2868437394499779,0.047619047619047616,0.25,0.7362187504768372,0.01483830064535141,0.2476562514901161,0.2910937413573265,0.5387499928474426,0.0,1600,0
gaze_imu_video,within,10,3,0.4811320900917053,0.24798742160201073,0.015626242700152927,0.2331446684896946,0.047619047619047616,0.24842767417430878,0.7316352218389511,0.006156227085739374,0.24877358675003053,0.2323585033416748,0.4811320900917053,0.0,1590,0
gaze_imu_video,within,10,4,0.44437500834465027,0.25381250157952306,0.009385202677712094,0.1905625067651272,0.047619047619047616,0.25,0.726218757033348,0.011273650452494621,0.2509999990463257,0.19337500929832457,0.44437500834465027,0.0,1600,0
gaze_imu_video,loso,15,0,0.28333333134651184,0.24250000342726707,0.05564645407131261,0.040833327919244766,0.2857142857142857,0.25,0.6591666609048843,0.00827905721962452,0.2583333358168602,0.024999995529651653,0.28333333134651184,0.0,60,0
gaze_imu_video,loso,15,1,0.6666666865348816,0.26315789446234705,0.04804583955178622,0.40350879207253454,0.047619047619047616,0.21052631735801697,0.6780701786279678,-0.0007863654172979295,0.23596491143107415,0.43070177510380747,0.6666666865348816,0.0,57,0
gaze_imu_video,loso,15,2,0.6166666746139526,0.24166667088866234,0.04901813722439857,0.3750000037252903,0.047619047619047616,0.25,0.6508333325386048,-0.001331186038441956,0.25666666999459264,0.36000000461936,0.6166666746139526,0.0,60,0
gaze_imu_video,loso,15,3,0.5833333134651184,0.2675000049173832,0.048440972184082234,0.3158333085477352,0.047619047619047616,0.25,0.6125000014901161,-0.0020220933947712183,0.2475000023841858,0.3358333110809326,0.5833333134651184,0.0,60,0
gaze_imu_video,loso,15,4,0.46666666865348816,0.2616666711866856,0.055802230844320226,0.20499999746680259,0.047619047619047616,0.25,0.6558333307504653,0.00513860210776329,0.2616666704416275,0.20499999821186066,0.46666666865348816,0.0,60,0
gaze_imu_video,loso,15,5,0.38333332538604736,0.25833333656191826,0.05590169977069509,0.1249999888241291,0.09523809523809523,0.25,0.7233333319425583,0.0008481041877530515,0.2358333356678486,0.14749998971819878,0.38333332538604736,0.0,60,0
gaze_imu_video,loso,15,6,0.5666666626930237,0.25916667059063914,0.04639055069204092,0.30749999210238455,0.047619047619047616,0.25,0.6899999976158142,0.022986752912402153,0.2425000064074993,0.3241666562855244,0.5666666626930237,0.0,60,0
gaze_imu_video,loso,15,7,0.28333333134651184,0.2600000023841858,0.062227181745982844,0.02333332896232604,0.42857142857142855,0.25,0.727499994635582,0.10574651509523392,0.26500000432133675,0.018333327025175095,0.28333333134651184,0.0,60,0
gaze_imu_video,loso,15,8,0.3333333432674408,0.2425000049173832,0.047573045299520125,0.09083333835005761,0.09523809523809523,0.25,0.5016666606068612,0.007328925654292107,0.25750000551342966,0.07583333775401113,0.3333333432674408,0.0,60,0
gaze_imu_video,loso,15,9,0.6666666865348816,0.2508333377540112,0.03475110121276435,0.4158333487808704,0.047619047619047616,0.25,0.7383333325386048,0.00622925627976656,0.24000000432133675,0.42666668221354487,0.6666666865348816,0.0,60,0
gaze_imu_video,loso,15,10,0.28333333134651184,0.2625000037252903,0.03939648886100306,0.02083332762122153,0.38095238095238093,0.25,0.4816666662693024,0.0006841562571935356,0.2525000050663948,0.030833326280117035,0.28333333134651184,0.0,60,0
gaze_imu_video,loso,15,11,0.25,0.2316666692495346,0.0524139489898109,0.018333330750465393,0.3333333333333333,0.25,0.6875,0.005059726070612669,0.23250000476837157,0.01749999523162843,0.25,0.0,60,0
gaze_imu_video,loso,15,12,0.6000000238418579,0.24416666962206363,0.06084474900291213,0.3558333542197943,0.047619047619047616,0.25,0.7233333379030228,-0.0037336682435125113,0.25166666992008685,0.34833335392177106,0.6000000238418579,0.0,60,0
gaze_imu_video,loso,15,13,0.21666666865348816,0.24416667148470877,0.034268144333684136,-0.027500002831220616,0.9047619047619048,0.25,0.5041666626930237,-0.003735000267624855,0.25333333685994147,-0.03666666820645331,0.21666666865348816,0.0,60,0
gaze_imu_video,loso,15,14,0.7166666388511658,0.26833333671092985,0.04884783730246069,0.4483333021402359,0.047619047619047616,0.25,0.7083333343267441,0.006271933205425739,0.259166669100523,0.4574999697506428,0.7166666388511658,0.0,60,0
gaze_imu_video,loso,15,15,0.5666666626930237,0.23500000312924385,0.04740487470254564,0.33166665956377983,0.047619047619047616,0.25,0.7283333271741868,0.003824145533144474,0.2716666698455811,0.2949999928474426,0.5666666626930237,0.0,60,0
gaze_imu_video,within,15,0,0.543749988079071,0.2570312492549419,0.012620404563150297,0.2867187388241291,0.047619047619047616,0.25,0.728020840883255,0.016425983980298042,0.25104166865348815,0.2927083194255829,0.543749988079071,0.0,960,0
gaze_imu_video,within,15,1,0.5104166865348816,0.25500000193715094,0.010251818794629967,0.25541668459773065,0.047619047619047616,0.25,0.6994270741939544,0.02280186116695404,0.2516145817935467,0.2588021047413349,0.5104166865348816,0.0,960,0
gaze_imu_video,within,15,2,0.5427083373069763,0.251614585518837,0.014284418799672334,0.29109375178813934,0.047619047619047616,0.25,0.7334375083446503,0.006625862326472998,0.248958333581686,0.2937500037252903,0.5427083373069763,0.0,960,0
gaze_imu_video,within,15,3,0.4811320900917053,0.24748428016901017,0.013650603228374544,0.23364780992269515,0.047619047619047616,0.24842767417430878,0.7361635208129883,0.008650240488350391,0.24863731861114502,0.2324947714805603,0.4811320900917053,0.0,954,0
gaze_imu_video,within,15,4,0.46666666865348816,0.253177085518837,0.011264820260166121,0.21348958313465116,0.047619047619047616,0.25,0.7209375023841857,0.008420021273195744,0.2522395849227905,0.21442708373069763,0.46666666865348816,0.0,960,0
gaze_imu_video,loso,20,0,0.22499999403953552,0.24125000201165675,0.0628863071905289,-0.016250007972121228,0.6190476190476191,0.25,0.6237500071525574,0.01634993962943554,0.22750000301748513,-0.002500008977949608,0.22499999403953552,0.0,40,0
gaze_imu_video,loso,20,1,0.6842105388641357,0.2644736848771572,0.07035476221295242,0.4197368539869785,0.047619047619047616,0.21052631735801697,0.6565789431333542,0.011163054965436459,0.24210526645183564,0.44210527241230013,0.6842105388641357,0.0,38,0
gaze_imu_video,loso,20,2,0.550000011920929,0.2450000025331974,0.05338539386996924,0.30500000938773153,0.047619047619047616,0.25,0.6687500089406967,0.015249100513756275,0.2650000035762787,0.2850000083446503,0.550000011920929,0.0,40,0
gaze_imu_video,loso,20,3,0.4749999940395355,0.24500000104308128,0.06051859171672467,0.22999999299645424,0.047619047619047616,0.25,0.6325000017881394,-0.00023407813569065183,0.25375000312924384,0.22124999091029168,0.4749999940395355,0.0,40,0
gaze_imu_video,loso,20,4,0.550000011920929,0.2475000023841858,0.07198090043075403,0.30250000953674316,0.047619047619047616,0.25,0.7212500005960465,0.009927275590598583,0.2574999999254942,0.29250001199543474,0.550000011920929,0.0,40,0
gaze_imu_video,loso,20,5,0.3499999940395355,0.2425000011920929,0.08370334629985962,0.10749999284744263,0.14285714285714285,0.25,0.6987500011920929,0.00493101729080081,0.23125,0.11874999403953551,0.3499999940395355,0.0,40,0
gaze_imu_video,loso,20,6,0.4749999940395355,0.24375000074505807,0.06218671459452066,0.23124999329447746,0.047619047619047616,0.25,0.6150000005960464,0.026205869391560555,0.25500000044703486,0.21999999359250066,0.4749999940395355,0.0,40,0
gaze_imu_video,loso,20,7,0.2750000059604645,0.2600000038743019,0.05830952045621494,0.01500000208616259,0.47619047619047616,0.25,0.6412499964237213,0.08890452980995178,0.22749999947845936,0.047500006482005114,0.2750000059604645,0.0,40,0
gaze_imu_video,loso,20,8,0.3499999940395355,0.25500000044703486,0.06304760020192322,0.09499999359250066,0.19047619047619047,0.25,0.4824999988079071,-0.003993826452642679,0.27000000327825546,0.07999999076128006,0.3499999940395355,0.0,40,0
gaze_imu_video,loso,20,9,0.574999988079071,0.2550000011920929,0.056236109554995355,0.31999998688697817,0.047619047619047616,0.25,0.703750005364418,0.009859050624072552,0.26125000044703484,0.3137499876320362,0.574999988079071,0.0,40,0
gaze_imu_video,loso,20,10,0.32499998807907104,0.2599999986588955,0.058309517517357724,0.06499998942017554,0.2857142857142857,0.25,0.4924999937415123,0.010032208636403084,0.2575000002980232,0.06749998778104782,0.32499998807907104,0.0,40,0
gaze_imu_video,loso,20,11,0.22499999403953552,0.24500000104308128,0.045825758364048175,-0.02000000700354576,0.8095238095238095,0.25,0.7337499976158142,0.003463410073891282,0.2300000011920929,-0.005000007152557384,0.22499999403953552,0.0,40,0
gaze_imu_video,loso,20,12,0.699999988079071,0.25999999791383743,0.07433034201253265,0.4399999901652336,0.047619047619047616,0.25,0.6875,0.0038062389940023422,0.22500000298023223,0.4749999850988388,0.699999988079071,0.0,40,0
gaze_imu_video,loso,20,13,0.20000000298023224,0.23999999985098838,0.03201562486409367,-0.039999996870756144,0.9047619047619048,0.25,0.37374999970197675,0.0031084695365279913,0.2600000038743019,-0.06000000089406965,0.20000000298023224,0.0,40,0
gaze_imu_video,loso,20,14,0.6499999761581421,0.2462500013411045,0.06580036147061026,0.40374997481703756,0.047619047619047616,0.25,0.7462500035762787,0.005434270948171616,0.23874999806284905,0.41124997809529307,0.6499999761581421,0.0,40,0
gaze_imu_video,loso,20,15,0.5249999761581421,0.2487500011920929,0.06198538082423193,0.2762499749660492,0.047619047619047616,0.25,0.7537499994039536,0.0032165355514734983,0.27750000059604646,0.24749997556209563,0.5249999761581421,0.0,40,0
gaze_imu_video,within,20,0,0.5609375238418579,0.2417968764901161,0.018697028255072776,0.3191406473517418,0.047619047619047616,0.25,0.7173437505960465,0.020911062136292458,0.2475000001490116,0.3134375236928463,0.5609375238418579,0.0,640,0
gaze_imu_video,within,20,1,0.557812511920929,0.24921875,0.015479794729192852,0.30859376192092897,0.047619047619047616,0.25,0.7228124976158142,0.007427758537232876,0.2555468760430813,0.30226563587784766,0.557812511920929,0.0,640,0
gaze_imu_video,within,20,2,0.5375000238418579,0.25148437544703484,0.018151079364570853,0.2860156483948231,0.047619047619047616,0.25,0.7342187523841858,0.005563093349337578,0.24460937455296516,0.29289064928889275,0.5375000238418579,0.0,640,0
gaze_imu_video,within,20,3,0.5078616142272949,0.25424528270959856,0.018003656530163,0.25361633151769636,0.047619047619047616,0.24842767417430878,0.7300314456224442,0.003903269534930587,0.25463836416602137,0.25322325006127355,0.5078616142272949,0.0,636,0
gaze_imu_video,within,20,4,0.47968751192092896,0.24789062589406968,0.012887309043466516,0.23179688602685927,0.047619047619047616,0.25,0.7321875035762787,0.00493394210934639,0.2457812510430813,0.23390626087784766,0.47968751192092896,0.0,640,0
gaze_imu_video,loso,30,0,0.15000000596046448,0.24500000346451997,0.09205976354764091,-0.0949999975040555,0.8571428571428571,0.25,0.6025000065565109,0.012279259972274303,0.26500000096857546,-0.11499999500811098,0.15000000596046448,0.0,20,0
gaze_imu_video,loso,30,1,0.6842105388641357,0.24210526347160338,0.08388093373352669,0.44210527539253236,0.047619047619047616,0.21052631735801697,0.692105270922184,-0.0010657114908099174,0.26052631735801696,0.4236842215061188,0.6842105388641357,0.0,19,0
gaze_imu_video,loso,30,2,0.5,0.26250000186264516,0.07562241606741266,0.23749999813735484,0.047619047619047616,0.25,0.7150000005960464,0.012740401551127434,0.27750000506639483,0.22249999493360517,0.5,0.0,20,0
gaze_imu_video,loso,30,3,0.550000011920929,0.2400000037625432,0.08746427868249176,0.31000000815838574,0.047619047619047616,0.25,0.7275000005960465,0.010612336918711662,0.2400000024586916,0.3100000094622374,0.550000011920929,0.0,20,0
gaze_imu_video,loso,30,4,0.4000000059604645,0.26250000186264516,0.11053845386140766,0.13750000409781932,0.19047619047619047,0.25,0.7425000071525574,0.016860514879226685,0.2400000050663948,0.16000000089406968,0.4000000059604645,0.0,20,0
gaze_imu_video,loso,30,5,0.3499999940395355,0.24500000439584255,0.07729812440485133,0.10499998964369298,0.19047619047619047,0.25,0.6450000017881393,0.012213817797601223,0.2425000037997961,0.10749999023973941,0.3499999940395355,0.0,20,0
gaze_imu_video,loso,30,6,0.5,0.2200000027194619,0.10173495018262865,0.2799999972805381,0.047619047619047616,0.25,0.6824999988079071,0.061931952834129333,0.21250000037252903,0.28749999962747097,0.5,0.0,20,0
gaze_imu_video,loso,30,7,0.30000001192092896,0.22750000283122063,0.0941740389165948,0.07250000908970833,0.2857142857142857,0.25,0.7350000023841858,0.05196656659245491,0.19750000406056642,0.10250000786036254,0.30000001192092896,0.0,20,0
gaze_imu_video,loso,30,8,0.3499999940395355,0.2575000023469329,0.09781998759070977,0.09249999169260265,0.3333333333333333,0.25,0.48000000715255736,0.009273097850382328,0.2725000038743019,0.07749999016523362,0.3499999940395355,0.0,20,0
gaze_imu_video,loso,30,9,0.75,0.22750000301748513,0.07980444888150692,0.5224999969825148,0.047619047619047616,0.25,0.7400000035762787,-0.0044160340912640095,0.2525000013411045,0.4974999986588955,0.75,0.0,20,0
gaze_imu_video,loso,30,10,0.25,0.2600000035017729,0.08306623744521423,-0.01000000350177288,0.7142857142857143,0.25,0.42999999672174455,-1.4505887975246878e-06,0.26750000230967996,-0.017500002309679963,0.25,0.0,20,0
gaze_imu_video,loso,30,11,0.30000001192092896,0.27750000543892384,0.08584142377742432,0.02250000648200512,0.6190476190476191,0.25,0.5900000050663948,-0.005965413525700569,0.24250000454485415,0.0575000073760748,0.30000001192092896,0.0,20,0
gaze_imu_video,loso,30,12,0.44999998807907104,0.2650000028312206,0.09367496976122758,0.18499998524785044,0.047619047619047616,0.25,0.5375,0.008223573677241802,0.2450000036507845,0.20499998442828654,0.44999998807907104,0.0,20,0
gaze_imu_video,loso,30,13,0.3499999940395355,0.23500000312924385,0.05500000071796515,0.11499999091029167,0.09523809523809523,0.25,0.26000000834465026,0.006401875056326389,0.25250000432133674,0.09749998971819879,0.3499999940395355,0.0,20,0
gaze_imu_video,loso,30,14,0.6499999761581421,0.25500000100582837,0.09987491930236546,0.3949999751523137,0.047619047619047616,0.25,0.6749999970197678,0.01571388728916645,0.23500000331550835,0.41499997284263374,0.6499999761581421,0.0,20,0
gaze_imu_video,loso,30,15,0.6000000238418579,0.22500000298023223,0.11565033493335715,0.37500002086162565,0.047619047619047616,0.25,0.7525000005960465,0.010121977888047695,0.27499999981373546,0.32500002402812245,0.6000000238418579,0.0,20,0
gaze_imu_video,within,30,0,0.565625011920929,0.2521874994039536,0.023862810615436558,0.3134375125169754,0.047619047619047616,0.25,0.7462499976158142,0.008269261568784714,0.2546874970197678,0.31093751490116117,0.565625011920929,0.0,320,0
gaze_imu_video,within,30,1,0.543749988079071,0.2515625,0.02508773789558048,0.292187488079071,0.047619047619047616,0.25,0.6871875017881394,0.006237493362277746,0.25609375163912773,0.2876562364399433,0.543749988079071,0.0,320,0
gaze_imu_video,within,30,2,0.5843750238418579,0.25734374970197677,0.024907543576334505,0.32703127413988115,0.047619047619047616,0.25,0.7315624982118607,0.005774639546871185,0.24828125014901162,0.3360937736928463,0.5843750238418579,0.0,320,0
gaze_imu_video,within,30,3,0.5251572132110596,0.24764151200652124,0.027859489137118585,0.27751570120453833,0.047619047619047616,0.2515723407268524,0.7526729643344879,0.0042291926220059395,0.25298742577433586,0.2721697874367237,0.5251572132110596,0.0,318,0
gaze_imu_video,within,30,4,0.48750001192092896,0.25312500074505806,0.027296834735344878,0.2343750111758709,0.047619047619047616,0.25,0.7281249940395356,0.005967091768980026,0.24953125044703484,0.23796876147389412,0.48750001192092896,0.0,320,0
gaze_video,loso,5,0,0.1772727221250534,0.24454545453190804,0.03436556080766277,-0.06727273240685464,1.0,0.25,0.6334090918302536,0.028303276747465134,0.26340909004211427,-0.08613636791706086,0.1772727221250534,0.0,220,0
gaze_video,loso,5,1,0.5311004519462585,0.25143540650606155,0.023463278229893195,0.279665045440197,0.047619047619047616,0.2631579041481018,0.6050239235162735,0.011674370616674423,0.25382775217294695,0.2772726997733116,0.5311004519462585,0.0,209,0
gaze_video,loso,5,2,0.5545454621315002,0.24840909093618393,0.02788238895779707,0.30613637119531634,0.047619047619047616,0.25,0.646363639831543,0.006999032571911812,0.25068181827664376,0.3038636438548565,0.5545454621315002,0.0,220,0
gaze_video,loso,5,3,0.6227272748947144,0.24545454308390618,0.02489647940431656,0.37727273181080817,0.047619047619047616,0.25,0.7070454448461533,0.007829531095921993,0.24613636434078218,0.3765909105539322,0.6227272748947144,0.0,220,0
gaze_video,loso,5,4,0.5727272629737854,0.24272727146744727,0.019571864722145248,0.32999999150633813,0.047619047619047616,0.25,0.715227273106575,0.01323415245860815,0.2475000001490116,0.32522726282477377,0.5727272629737854,0.0,220,0
gaze_video,loso,5,5,0.4227272868156433,0.2425000011920929,0.021574154724905467,0.18022728562355042,0.047619047619047616,0.25,0.6890909135341644,0.0145979393273592,0.24863636568188668,0.17409092113375663,0.4227272868156433,0.0,220,0
gaze_video,loso,5,6,0.6409090757369995,0.2559090919792652,0.018300747396916194,0.3849999837577343,0.047619047619047616,0.25,0.6838636338710785,0.030345702543854713,0.23909090980887412,0.40181816592812536,0.6409090757369995,0.0,220,0
gaze_video,loso,5,7,0.38181817531585693,0.2509090922772884,0.03311013434570537,0.13090908303856852,0.047619047619047616,0.25,0.6804545432329178,0.26334869861602783,0.2518181808292866,0.12999999448657035,0.38181817531585693,0.0,220,0
gaze_video,loso,5,8,0.3181818127632141,0.2529545448720455,0.021906779551208608,0.06522726789116862,0.047619047619047616,0.25,0.53204545378685,0.02910017967224121,0.252727273106575,0.06545453965663911,0.3181818127632141,0.0,220,0
gaze_video,loso,5,9,0.6363636255264282,0.25454545244574545,0.015811386287465867,0.3818181730806828,0.047619047619047616,0.25,0.6890909075737,0.038559459149837494,0.2427272729575634,0.3936363525688648,0.6363636255264282,0.0,220,0
gaze_video,loso,5,10,0.2590909004211426,0.2538636364042759,0.018590574847321725,0.005227264016866684,0.42857142857142855,0.25,0.7095454573631287,0.005704843904823065,0.2511363625526428,0.007954537868499756,0.2590909004211426,0.0,220,0
gaze_video,loso,5,11,0.2590909004211426,0.2454545445740223,0.021464942644635915,0.01363635584712028,0.3333333333333333,0.25,0.7143181771039963,0.04566347971558571,0.2511363625526428,0.007954537868499756,0.2590909004211426,0.0,220,0
gaze_video,loso,5,12,0.5954545736312866,0.25318181812763213,0.02137330797942453,0.3422727555036545,0.047619047619047616,0.25,0.6236363649368286,0.02913922257721424,0.24386363625526428,0.3515909373760223,0.5954545736312866,0.0,220,0
gaze_video,loso,5,13,0.2863636314868927,0.2543181799352169,0.02933403224985639,0.03204545155167582,0.19047619047619047,0.25,0.5756818145513535,0.017375124618411064,0.25295454263687134,0.03340908885002136,0.2863636314868927,0.0,220,0
gaze_video,loso,5,14,0.7136363387107849,0.23954545333981514,0.029001993475406385,0.4740908853709698,0.047619047619047616,0.25,0.7468181818723678,0.004582833033055067,0.25136363655328753,0.4622727021574974,0.7136363387107849,0.0,220,0
gaze_video,loso,5,15,0.5272727012634277,0.25886363759636877,0.021246050428992955,0.26840906366705897,0.047619047619047616,0.25,0.7186363577842713,0.024772703647613525,0.23931818306446076,0.287954518198967,0.5272727012634277,0.0,220,0
gaze_video,within,5,0,0.5264204740524292,0.2500142067670822,0.006513972652237217,0.276406267285347,0.047619047619047616,0.25,0.7214062571525574,0.05375949293375015,0.2477840930223465,0.2786363810300827,0.5264204740524292,0.0,3520,0
gaze_video,within,5,1,0.48607954382896423,0.2484943188726902,0.00854405313865713,0.23758522495627404,0.047619047619047616,0.25,0.7193039774894714,0.03029436618089676,0.24909090921282767,0.23698863461613656,0.48607954382896423,0.0,3520,0
gaze_video,within,5,2,0.5170454382896423,0.25201704651117324,0.007429341695480726,0.2650283917784691,0.047619047619047616,0.25,0.72970170378685,0.02330782450735569,0.2492897741496563,0.267755664139986,0.5170454382896423,0.0,3520,0
gaze_video,within,5,3,0.46941110491752625,0.2507146954536438,0.007279502916342238,0.21869640946388247,0.047619047619047616,0.24842767417430878,0.7382504254579544,0.010470506735146046,0.24945683404803276,0.21995427086949348,0.46941110491752625,0.0,3498,0
gaze_video,within,5,4,0.44573864340782166,0.24963068664073945,0.0053648071487403986,0.1961079567670822,0.047619047619047616,0.25,0.7435227304697036,0.017434323206543922,0.24887784272432328,0.19686080068349837,0.44573864340782166,0.0,3520,0
gaze_video,loso,10,0,0.3100000023841858,0.2609999991953373,0.027549954776113102,0.04900000318884851,0.09523809523809523,0.25,0.6300000071525573,0.010474474169313908,0.2484999977052212,0.061500004678964604,0.3100000023841858,0.0,100,0
gaze_video,loso,10,1,0.7263157963752747,0.25894736796617507,0.040822566433274865,0.4673684284090996,0.047619047619047616,0.2631579041481018,0.6984210520982742,0.007117302622646093,0.2542105257511139,0.47210527062416074,0.7263157963752747,0.0,95,0
gaze_video,loso,10,2,0.5199999809265137,0.24850000143051149,0.03623189490130857,0.2714999794960022,0.047619047619047616,0.25,0.6084999948740005,0.0117745166644454,0.2475000001490116,0.27249998077750204,0.5199999809265137,0.0,100,0
gaze_video,loso,10,3,0.5,0.2364999994635582,0.039657911144874096,0.2635000005364418,0.047619047619047616,0.25,0.6255000025033951,0.005038772709667683,0.24449999928474425,0.25550000071525575,0.5,0.0,100,0
gaze_video,loso,10,4,0.5799999833106995,0.2554999999701977,0.044662625500041055,0.3244999833405018,0.047619047619047616,0.25,0.7125,0.002364459680393338,0.24299999922513962,0.33699998408555987,0.5799999833106995,0.0,100,0
gaze_video,loso,10,5,0.4300000071525574,0.25700000375509263,0.03116087670633361,0.17300000339746474,0.047619047619047616,0.25,0.70450000166893,0.0014860749943181872,0.23849999904632568,0.1915000081062317,0.4300000071525574,0.0,100,0
gaze_video,loso,10,6,0.6100000143051147,0.24600000083446502,0.046411204209130454,0.3640000134706497,0.047619047619047616,0.25,0.6985000014305115,0.017571981996297836,0.2475000001490116,0.3625000141561031,0.6100000143051147,0.0,100,0
gaze_video,loso,10,7,0.38999998569488525,0.2575000010430813,0.04357465093715568,0.13249998465180396,0.047619047619047616,0.25,0.6545000046491622,0.18085497617721558,0.25000000149011614,0.1399999842047691,0.38999998569488525,0.0,100,0
gaze_video,loso,10,8,0.30000001192092896,0.2550000011920929,0.04466542247458663,0.04500001072883608,0.14285714285714285,0.25,0.5484999939799309,0.008656108751893044,0.2604999981820583,0.03950001373887063,0.30000001192092896,0.0,100,0
gaze_video,loso,10,9,0.6600000262260437,0.263500002771616,0.0410213377750672,0.3965000234544277,0.047619047619047616,0.25,0.6950000017881394,0.006823258940130472,0.26099999994039536,0.39900002628564835,0.6600000262260437,0.0,100,0
gaze_video,loso,10,10,0.25999999046325684,0.258500000834465,0.036779752830494485,0.0014999896287918313,0.5714285714285714,0.25,0.6685000032186508,0.0048303608782589436,0.24499999955296517,0.014999990910291666,0.25999999046325684,0.0,100,0
gaze_video,loso,10,11,0.30000001192092896,0.25649999678134916,0.04210403718964666,0.043500015139579795,0.14285714285714285,0.25,0.7250000029802323,0.02495112270116806,0.23299999684095382,0.06700001507997513,0.30000001192092896,0.0,100,0
gaze_video,loso,10,12,0.6000000238418579,0.26499999687075615,0.03667424150770211,0.33500002697110176,0.047619047619047616,0.25,0.6450000017881393,0.00726829469203949,0.2289999969303608,0.37100002691149714,0.6000000238418579,0.0,100,0
gaze_video,loso,10,13,0.3199999928474426,0.25549999698996545,0.0271062724198694,0.06449999585747718,0.047619047619047616,0.25,0.3315000027418137,0.006635341327637434,0.2549999989569187,0.06499999389052391,0.3199999928474426,0.0,100,0
gaze_video,loso,10,14,0.550000011920929,0.2620000019669533,0.046108568062309854,0.2880000099539757,0.047619047619047616,0.25,0.7245000004768372,0.012062234804034233,0.2594999998807907,0.29050001204013826,0.550000011920929,0.0,100,0
gaze_video,loso,10,15,0.47999998927116394,0.24799999892711638,0.039191836187179155,0.23199999034404756,0.047619047619047616,0.25,0.7490000039339065,0.008568471297621727,0.24800000041723252,0.23199998885393142,0.47999998927116394,0.0,100,0
gaze_video,within,10,0,0.5337499976158142,0.25012499988079073,0.007679110866295005,0.2836249977350235,0.047619047619047616,0.25,0.7118750005960465,0.020704152062535286,0.2488749995827675,0.2848749980330467,0.5337499976158142,0.0,1600,0
gaze_video,within,10,1,0.5049999952316284,0.2520312488079071,0.011268862808609352,0.2529687464237213,0.047619047619047616,0.25,0.6990000009536743,0.014076943509280682,0.24987500235438348,0.25512499287724494,0.5049999952316284,0.0,1600,0
gaze_video,within,10,2,0.5431249737739563,0.25178125128149986,0.008171204812198544,0.29134372249245644,0.047619047619047616,0.25,0.7346874982118606,0.015343800187110901,0.24865625128149987,0.2944687224924564,0.5431249737739563,0.0,1600,0
gaze_video,within,10,3,0.4572327136993408,0.24537735879421235,0.011655217708596097,0.21185535490512847,0.047619047619047616,0.24842767417430878,0.7387735784053803,0.008142776787281036,0.2503773562610149,0.2068553574383259,0.4572327136993408,0.0,1590,0
gaze_video,within,10,4,0.44874998927116394,0.25403125360608103,0.010039911985917376,0.1947187356650829,0.047619047619047616,0.25,0.7284062504768372,0.0024156556464731693,0.2516250006854534,0.19712498858571054,0.44874998927116394,0.0,1600,0
gaze_video,loso,15,0,0.2666666805744171,0.2583333350718021,0.04099457881002957,0.008333345502614997,0.5238095238095238,0.25,0.6183333352208138,0.011413966305553913,0.26166666969656943,0.005000010877847683,0.2666666805744171,0.0,60,0
gaze_video,loso,15,1,0.6842105388641357,0.25964912325143813,0.049497320018208044,0.4245614156126976,0.047619047619047616,0.21052631735801697,0.6622807025909424,-0.00019139454525429755,0.243859650939703,0.4403508879244328,0.6842105388641357,0.0,57,0
gaze_video,loso,15,2,0.5166666507720947,0.23750000298023224,0.04499228316017965,0.2791666477918625,0.047619047619047616,0.25,0.571666668355465,-0.004289866425096989,0.25166667103767393,0.2649999797344208,0.5166666507720947,0.0,60,0
gaze_video,loso,15,3,0.550000011920929,0.27500000298023225,0.049018136084425644,0.2750000089406967,0.047619047619047616,0.25,0.6541666626930237,0.00044985086424276233,0.2625000052154064,0.28750000670552256,0.550000011920929,0.0,60,0
gaze_video,loso,15,4,0.5333333611488342,0.2725000023841858,0.059459368060072466,0.2608333587646484,0.047619047619047616,0.25,0.7158333271741867,0.003850370179861784,0.26250000223517417,0.27083335891366006,0.5333333611488342,0.0,60,0
gaze_video,loso,15,5,0.44999998807907104,0.2583333380520344,0.0583333344331812,0.19166665002703664,0.047619047619047616,0.25,0.7125,0.005916067399084568,0.26083333492279054,0.1891666531562805,0.44999998807907104,0.0,60,0
gaze_video,loso,15,6,0.6166666746139526,0.26583333760499955,0.05387098888182075,0.3508333370089531,0.047619047619047616,0.25,0.6999999940395355,0.005398154258728027,0.2475000038743019,0.3691666707396507,0.6166666746139526,0.0,60,0
gaze_video,loso,15,7,0.3333333432674408,0.2500000048428774,0.05137011725544233,0.08333333842456342,0.09523809523809523,0.25,0.7191666662693024,0.151066392660141,0.2675000049173832,0.06583333835005761,0.3333333432674408,0.0,60,0
gaze_video,loso,15,8,0.30000001192092896,0.24583333730697632,0.03569741878453629,0.05416667461395264,0.19047619047619047,0.25,0.5191666632890701,0.004449012223631144,0.2650000050663948,0.03500000685453414,0.30000001192092896,0.0,60,0
gaze_video,loso,15,9,0.6000000238418579,0.2591666683554649,0.048726845322219735,0.340833355486393,0.047619047619047616,0.25,0.6699999988079071,0.025046853348612785,0.24833333790302276,0.35166668593883516,0.6000000238418579,0.0,60,0
gaze_video,loso,15,10,0.3499999940395355,0.2491666704416275,0.045483513311001526,0.10083332359790803,0.047619047619047616,0.25,0.7008333325386047,-0.002048787660896778,0.2500000037252903,0.09999999031424522,0.3499999940395355,0.0,60,0
gaze_video,loso,15,11,0.28333333134651184,0.23166666999459268,0.056248455690154145,0.05166666135191916,0.23809523809523808,0.25,0.7433333337306977,0.015669429674744606,0.24333333522081374,0.0399999961256981,0.28333333134651184,0.0,60,0
gaze_video,loso,15,12,0.6166666746139526,0.2558333359658718,0.04449562999527723,0.3608333386480808,0.047619047619047616,0.25,0.664999994635582,0.005464422516524792,0.25166667103767393,0.3650000035762787,0.6166666746139526,0.0,60,0
gaze_video,loso,15,13,0.3499999940395355,0.24666666984558105,0.054416092524924645,0.10333332419395447,0.047619047619047616,0.25,0.6083333313465118,0.0018747943686321378,0.2641666725277901,0.08583332151174544,0.3499999940395355,0.0,60,0
gaze_video,loso,15,14,0.5,0.2616666704416275,0.05605057034674511,0.2383333295583725,0.047619047619047616,0.25,0.663333335518837,0.015650739893317223,0.25916667059063914,0.24083332940936086,0.5,0.0,60,0
gaze_video,loso,15,15,0.5333333611488342,0.2533333331346512,0.05666666328907013,0.28000002801418306,0.047619047619047616,0.25,0.7424999982118606,0.005660232622176409,0.2575000010430813,0.27583336010575293,0.5333333611488342,0.0,60,0
gaze_video,within,15,0,0.5375000238418579,0.25401042103767396,0.013745561632073255,0.28348960280418395,0.047619047619047616,0.25,0.7012500047683716,0.011570231057703495,0.24875000044703482,0.2887500233948231,0.5375000238418579,0.0,960,0
gaze_video,within,15,1,0.5166666507720947,0.25598958432674407,0.009925257570531169,0.26067706644535066,0.047619047619047616,0.25,0.7151562422513962,0.012233547866344452,0.2546875014901161,0.26197914928197863,0.5166666507720947,0.0,960,0
gaze_video,within,15,2,0.5249999761581421,0.25333333387970924,0.015075759957516853,0.27166664227843285,0.047619047619047616,0.25,0.7357291668653488,0.003236326389014721,0.24776041954755784,0.27723955661058425,0.5249999761581421,0.0,960,0
gaze_video,within,15,3,0.47693920135498047,0.24963312298059465,0.012522916396985873,0.22730607837438582,0.047619047619047616,0.24842767417430878,0.7454926609992981,0.0023147626779973507,0.25083857253193853,0.22610062882304194,0.47693920135498047,0.0,954,0
gaze_video,within,15,4,0.4260416626930237,0.252083333581686,0.011738987794912635,0.17395832911133768,0.047619047619047616,0.25,0.7111458301544189,0.007698302622884512,0.2544270843267441,0.17161457836627958,0.4260416626930237,0.0,960,0
gaze_video,loso,20,0,0.20000000298023224,0.23875000029802323,0.05447189737436284,-0.038749997317790996,0.8095238095238095,0.25,0.37125000059604646,0.011259494349360466,0.2562500014901161,-0.05624999850988388,0.20000000298023224,0.0,40,0
gaze_video,loso,20,1,0.6052631735801697,0.2710526339709759,0.09081807610179028,0.3342105396091938,0.047619047619047616,0.21052631735801697,0.6473684191703797,0.0030858919490128756,0.24342105239629747,0.3618421211838722,0.6052631735801697,0.0,38,0
gaze_video,loso,20,2,0.5,0.2487500011920929,0.05616660666397742,0.2512499988079071,0.047619047619047616,0.25,0.6449999988079071,0.022674981504678726,0.26000000089406966,0.23999999910593034,0.5,0.0,40,0
gaze_video,loso,20,3,0.42500001192092896,0.23500000163912774,0.06294839183229946,0.19000001028180122,0.047619047619047616,0.25,0.6274999946355819,-0.005530796479433775,0.24249999970197678,0.18250001221895218,0.42500001192092896,0.0,40,0
gaze_video,loso,20,4,0.550000011920929,0.25375000163912775,0.06674344505570774,0.2962500102818012,0.047619047619047616,0.25,0.696249994635582,0.006905968766659498,0.26125000044703484,0.2887500114738941,0.550000011920929,0.0,40,0
gaze_video,loso,20,5,0.32499998807907104,0.2462500024586916,0.07876984021220616,0.07874998562037944,0.19047619047619047,0.25,0.6625,0.008715507574379444,0.2637499995529652,0.06124998852610586,0.32499998807907104,0.0,40,0
gaze_video,loso,20,6,0.5249999761581421,0.25249999985098837,0.06368869602013456,0.2724999763071537,0.047619047619047616,0.25,0.7512499988079071,0.0190665852278471,0.24875000044703482,0.27624997571110727,0.5249999761581421,0.0,40,0
gaze_video,loso,20,7,0.4000000059604645,0.2575000025331974,0.06128825329379522,0.1425000034272671,0.047619047619047616,0.25,0.6975000023841857,0.14556755125522614,0.23999999910593034,0.16000000685453414,0.4000000059604645,0.0,40,0
gaze_video,loso,20,8,0.25,0.2437500014901161,0.039429528998519134,0.006249998509883892,0.6190476190476191,0.25,0.5487499967217445,-0.0014929355820640922,0.26375000067055226,-0.013750000670552265,0.25,0.0,40,0
gaze_video,loso,20,9,0.699999988079071,0.25000000149011614,0.05062114138674211,0.4499999865889549,0.047619047619047616,0.25,0.7299999982118607,0.019211847335100174,0.26250000298023224,0.4374999850988388,0.699999988079071,0.0,40,0
gaze_video,loso,20,10,0.375,0.24375000223517418,0.04992181467148176,0.13124999776482582,0.047619047619047616,0.25,0.7037499994039536,0.005211700685322285,0.2412499986588955,0.1337500013411045,0.375,0.0,40,0
gaze_video,loso,20,11,0.22499999403953552,0.2487499989569187,0.06397020654983843,-0.02375000491738319,0.8095238095238095,0.25,0.7712500065565109,0.007769951596856117,0.2375,-0.012500005960464466,0.22499999403953552,0.0,40,0
gaze_video,loso,20,12,0.7250000238418579,0.2575000002980232,0.058148516068975475,0.4675000235438347,0.047619047619047616,0.25,0.6949999988079071,0.006615340244024992,0.23000000193715095,0.49500002190470693,0.7250000238418579,0.0,40,0
gaze_video,loso,20,13,0.17499999701976776,0.2475000001490116,0.043945989925673785,-0.07250000312924385,1.0,0.25,0.4599999949336052,0.004585473798215389,0.25125000029802325,-0.07625000327825548,0.17499999701976776,0.0,40,0
gaze_video,loso,20,14,0.699999988079071,0.2562500014901161,0.0821108252481646,0.4437499865889549,0.047619047619047616,0.25,0.7537499994039536,0.013736952096223831,0.22749999910593033,0.4724999889731407,0.699999988079071,0.0,40,0
gaze_video,loso,20,15,0.6000000238418579,0.2512499988079071,0.0649398752017708,0.3487500250339508,0.047619047619047616,0.25,0.7387499958276749,0.0009156911983154714,0.2575000002980232,0.3425000235438347,0.6000000238418579,0.0,40,0
gaze_video,within,20,0,0.5375000238418579,0.24671875089406967,0.01726474198720085,0.2907812729477882,0.047619047619047616,0.25,0.6799218684434891,0.011692782863974571,0.24664062336087228,0.29085940048098563,0.5375000238418579,0.0,640,0
gaze_video,within,20,1,0.5375000238418579,0.24984374940395354,0.015826050250634646,0.28765627443790437,0.047619047619047616,0.25,0.7403906255960464,0.011397021822631359,0.2529687471687794,0.28453127667307854,0.5375000238418579,0.0,640,0
gaze_video,within,20,2,0.534375011920929,0.2546875,0.016799602827646046,0.27968751192092894,0.047619047619047616,0.25,0.7217968732118607,0.004933645483106375,0.24671874865889548,0.2876562632620335,0.534375011920929,0.0,640,0
gaze_video,within,20,3,0.4921383559703827,0.2553459145128727,0.01819692587904025,0.23679244145751,0.047619047619047616,0.24842767417430878,0.7386006265878677,0.0026685569901019335,0.25141509249806404,0.24072326347231865,0.4921383559703827,0.0,636,0
gaze_video,within,20,4,0.4453125,0.24382812455296515,0.012337568169982199,0.20148437544703485,0.047619047619047616,0.25,0.7426562488079071,0.001737406593747437,0.244843752682209,0.200468747317791,0.4453125,0.0,640,0
gaze_video,loso,30,0,0.15000000596046448,0.2575000014156103,0.07462405639270325,-0.10749999545514582,0.9523809523809523,0.25,0.635000005364418,4.7553214244544506e-05,0.22500000465661288,-0.0749999986961484,0.15000000596046448,0.0,20,0
gaze_video,loso,30,1,0.7368420958518982,0.2526315778493881,0.07177990321980346,0.4842105180025101,0.047619047619047616,0.2631579041481018,0.6999999970197678,0.002394754206761718,0.260526318103075,0.47631577774882317,0.7368420958518982,0.0,19,0
gaze_video,loso,30,2,0.5,0.25000000186264515,0.07416198371562528,0.24999999813735485,0.047619047619047616,0.25,0.5550000041723251,0.0035718216095119715,0.2725000038743019,0.2274999961256981,0.5,0.0,20,0
gaze_video,loso,30,3,0.6000000238418579,0.23250000178813934,0.08842369374522911,0.36750002205371857,0.047619047619047616,0.25,0.7224999994039536,-0.008219548501074314,0.2200000025331974,0.3800000213086605,0.6000000238418579,0.0,20,0
gaze_video,loso,30,4,0.5,0.26000000424683095,0.07842193635283386,0.23999999575316905,0.047619047619047616,0.25,0.6874999940395355,0.0032477930653840303,0.22500000298023223,0.27499999701976774,0.5,0.0,20,0
gaze_video,loso,30,5,0.44999998807907104,0.25750000290572644,0.08554969321142061,0.1924999851733446,0.09523809523809523,0.25,0.6075000032782555,0.015609961934387684,0.23250000439584256,0.21749998368322848,0.44999998807907104,0.0,20,0
gaze_video,loso,30,6,0.3499999940395355,0.2525000020861626,0.06609651912587833,0.09749999195337294,0.23809523809523808,0.25,0.6249999955296517,0.04290376976132393,0.22250000461935998,0.12749998942017554,0.3499999940395355,0.0,20,0
gaze_video,loso,30,7,0.5,0.22250000294297934,0.09283722180290596,0.27749999705702066,0.047619047619047616,0.25,0.7550000011920929,0.08469319343566895,0.2250000022351742,0.2749999977648258,0.5,0.0,20,0
gaze_video,loso,30,8,0.30000001192092896,0.27250000145286324,0.0967923021900907,0.027500010468065716,0.5714285714285714,0.25,0.5375000044703484,0.005290728993713856,0.25500000454485416,0.04500000737607479,0.30000001192092896,0.0,20,0
gaze_video,loso,30,9,0.75,0.2250000037252903,0.09287087978976188,0.5249999962747097,0.047619047619047616,0.25,0.7424999952316285,0.040415000170469284,0.2600000038743019,0.4899999961256981,0.75,0.0,20,0
gaze_video,loso,30,10,0.25,0.2575000040233135,0.05309190186797285,-0.007500004023313522,0.7142857142857143,0.25,0.35500000789761543,0.006605078000575304,0.2575000014156103,-0.007500001415610302,0.25,0.0,20,0
gaze_video,loso,30,11,0.4000000059604645,0.2450000040233135,0.09733961179978068,0.15500000193715097,0.14285714285714285,0.25,0.49500000327825544,0.014045308344066143,0.24500000476837158,0.1550000011920929,0.4000000059604645,0.0,20,0
gaze_video,loso,30,12,0.4000000059604645,0.25750000439584253,0.08407585781309149,0.14250000156462195,0.09523809523809523,0.25,0.6499999970197677,0.008390707895159721,0.21500000283122062,0.18500000312924386,0.4000000059604645,0.0,20,0
gaze_video,loso,30,13,0.30000001192092896,0.22750000283122063,0.07327175460637486,0.07250000908970833,0.23809523809523808,0.25,0.42499999776482583,-0.008549373596906662,0.2725000061094761,0.027500005811452843,0.30000001192092896,0.0,20,0
gaze_video,loso,30,14,0.5,0.25000000428408387,0.10488088478149617,0.24999999571591613,0.047619047619047616,0.25,0.6799999922513962,0.03200279921293259,0.24500000216066836,0.25499999783933164,0.5,0.0,20,0
gaze_video,loso,30,15,0.44999998807907104,0.23000000305473806,0.11335784079645961,0.219999985024333,0.14285714285714285,0.25,0.7100000023841858,0.01084244903177023,0.2800000037997961,0.16999998427927493,0.44999998807907104,0.0,20,0
gaze_video,within,30,0,0.5375000238418579,0.2553125023841858,0.027654045580845076,0.2821875214576721,0.047619047619047616,0.25,0.7182812511920929,0.008327234536409378,0.2499999985098839,0.28750002533197405,0.5375000238418579,0.0,320,0
gaze_video,within,30,1,0.518750011920929,0.25125000029802325,0.026339132352532314,0.2675000116229057,0.047619047619047616,0.25,0.7354687511920929,0.007190669886767864,0.2632812537252903,0.25546875819563863,0.518750011920929,0.0,320,0
gaze_video,within,30,2,0.5843750238418579,0.2571874983608723,0.023842333928842285,0.3271875254809856,0.047619047619047616,0.25,0.7114062488079071,0.0037314214278012514,0.2498437523841858,0.33453127145767214,0.5843750238418579,0.0,320,0
gaze_video,within,30,3,0.5,0.2518867962062359,0.024213838935286336,0.24811320379376411,0.047619047619047616,0.24842767417430878,0.7536163479089737,0.003322823205962777,0.2525157265365124,0.24748427346348761,0.5,0.0,318,0
gaze_video,within,30,4,0.5,0.24921875,0.02850224224990386,0.25078125,0.047619047619047616,0.25,0.7379687488079071,0.003951724618673325,0.24624999910593032,0.2537500008940697,0.5,0.0,320,0
imu,loso,5,0,0.2590909004211426,0.24954545497894287,0.024933794864717213,0.009545445442199707,0.5238095238095238,0.25,0.5695454508066178,0.012222392484545708,0.2379545457661152,0.02113635465502739,0.2590909004211426,0.0,220,0
imu,loso,5,1,0.5215311050415039,0.23708134070038794,0.02783665209686258,0.28444976434111596,0.047619047619047616,0.21052631735801697,0.7267942547798156,0.008287990465760231,0.2531100481748581,0.2684210568666458,0.5215311050415039,0.0,209,0
imu,loso,5,2,0.4363636374473572,0.25545454397797585,0.02450333140036949,0.18090909346938133,0.047619047619047616,0.25,0.6468181759119034,0.013853280805051327,0.2486363634467125,0.18772727400064468,0.4363636374473572,0.0,220,0
imu,loso,5,3,0.4727272689342499,0.2520454525947571,0.033043765500548425,0.2206818163394928,0.047619047619047616,0.25,0.7518181830644608,0.010380277410149574,0.23886363506317138,0.2338636338710785,0.4727272689342499,0.0,220,0
imu,loso,5,4,0.2772727310657501,0.24477272778749465,0.021089880757738627,0.032500003278255474,0.14285714285714285,0.25,0.7377272725105286,0.008638337254524231,0.2502272710204124,0.0270454600453377,0.2772727310657501,0.0,220,0
imu,loso,5,5,0.3954545557498932,0.24590909257531166,0.0261867100386986,0.14954546317458153,0.047619047619047616,0.25,0.7302272737026214,0.007428262382745743,0.24818181842565537,0.14727273732423782,0.3954545557498932,0.0,220,0
imu,loso,5,6,0.4545454680919647,0.2479545459151268,0.027062638263502095,0.20659092217683792,0.047619047619047616,0.25,0.7088636368513107,0.016927668824791908,0.24636363685131074,0.20818183124065398,0.4545454680919647,0.0,220,0
imu,loso,5,7,0.37727272510528564,0.2534090906381607,0.03105829807684536,0.12386363446712495,0.047619047619047616,0.25,0.7081818133592606,0.031045930460095406,0.24545454531908034,0.1318181797862053,0.37727272510528564,0.0,220,0
imu,loso,5,8,0.23636363446712494,0.25068181529641154,0.03221425405524196,-0.014318180829286598,0.7142857142857143,0.25,0.5947727292776108,0.008749405853450298,0.25272727087140084,-0.016363636404275905,0.23636363446712494,0.0,220,0
imu,loso,5,9,0.5454545617103577,0.2577272720634937,0.022319061331902132,0.28772728964686395,0.047619047619047616,0.25,0.7390909075737,0.009864703752100468,0.2515909090638161,0.2938636526465416,0.5454545617103577,0.0,220,0
imu,loso,5,10,0.2181818187236786,0.25704545378684995,0.021963295174399575,-0.038863635063171365,1.0,0.25,0.590000006556511,0.011432676576077938,0.25409090891480446,-0.03590909019112587,0.2181818187236786,0.0,220,0
imu,loso,5,11,0.26363635063171387,0.247727270424366,0.02233756848436317,0.01590908020734788,0.23809523809523808,0.25,0.4663636401295662,0.025639226660132408,0.23977272659540178,0.023863624036312092,0.26363635063171387,0.0,220,0
imu,loso,5,12,0.4636363685131073,0.24363636672496797,0.02237915164721173,0.22000000178813933,0.047619047619047616,0.25,0.717045447230339,0.0087891211733222,0.25522727370262144,0.20840909481048586,0.4636363685131073,0.0,220,0
imu,loso,5,13,0.22272726893424988,0.24363636299967767,0.02679120271147256,-0.02090909406542779,0.8095238095238095,0.25,0.6524999976158142,0.03075907565653324,0.24886363372206688,-0.026136364787817,0.22272726893424988,0.0,220,0
imu,loso,5,14,0.4545454680919647,0.23999999910593034,0.023513667773878266,0.21454546898603438,0.047619047619047616,0.25,0.7347727298736573,0.01570289395749569,0.2377272740006447,0.21681819409132003,0.4545454680919647,0.0,220,0
imu,loso,5,15,0.33181819319725037,0.25045454427599906,0.026226127513723326,0.08136364892125131,0.047619047619047616,0.25,0.7349999994039536,0.006559455301612616,0.2329545445740223,0.09886364862322808,0.33181819319725037,0.0,220,0
imu,within,5,0,0.41505682468414307,0.247627841681242,0.007236947925578513,0.16742898300290107,0.047619047619047616,0.25,0.7317329585552216,0.008003474213182926,0.25068181827664376,0.1643750064074993,0.41505682468414307,0.0,3520,0
imu,within,5,1,0.3852272629737854,0.2507670491933823,0.0064301916407224664,0.13446021378040313,0.047619047619047616,0.25,0.7432812511920929,0.008347815833985806,0.250752841681242,0.1344744212925434,0.3852272629737854,0.0,3520,0
imu,within,5,2,0.40909090638160706,0.25305397883057595,0.007072593675852212,0.1560369275510311,0.047619047619047616,0.25,0.7441761404275894,0.004850219469517469,0.25098011642694473,0.15811078995466232,0.40909090638160706,0.0,3520,0
imu,within,5,3,0.3430531620979309,0.2485706128180027,0.00869345433092324,0.09448254927992822,0.047619047619047616,0.24842767417430878,0.7375643163919449,0.008177709765732288,0.25091480910778047,0.09213835299015044,0.3430531620979309,0.0,3498,0
imu,within,5,4,0.3579545319080353,0.2522301137447357,0.0051264620260915465,0.10572441816329958,0.047619047619047616,0.25,0.7452272772789001,0.008966786786913872,0.24849431961774826,0.10946021229028702,0.3579545319080353,0.0,3520,0
imu,loso,10,0,0.28999999165534973,0.2614999994635582,0.03439113312137531,0.028499992191791557,0.2857142857142857,0.25,0.6504999965429306,0.003510863985866308,0.24850000068545341,0.041499990969896317,0.28999999165534973,0.0,100,0
imu,loso,10,1,0.4526315927505493,0.2726315796375275,0.048226151923995556,0.18000001311302183,0.047619047619047616,0.2631579041481018,0.6373684227466583,0.009126326069235802,0.2578947365283966,0.1947368562221527,0.4526315927505493,0.0,95,0
imu,loso,10,2,0.3799999952316284,0.24800000116229057,0.037496666882523906,0.13199999406933785,0.047619047619047616,0.25,0.6065000027418137,0.01456906832754612,0.24250000044703485,0.13749999478459357,0.3799999952316284,0.0,100,0
imu,loso,10,3,0.4300000071525574,0.2555000029504299,0.04153011030946949,0.17450000420212747,0.047619047619047616,0.25,0.6965000063180924,0.006251948419958353,0.24249999970197678,0.1875000074505806,0.4300000071525574,0.0,100,0
imu,loso,10,4,0.25,0.2375,0.05156306582053764,0.012500000000000011,0.47619047619047616,0.25,0.7174999982118606,0.011246795766055584,0.24399999901652336,0.006000000983476639,0.25,0.0,100,0
imu,loso,10,5,0.38999998569488525,0.24950000122189522,0.05817860544186385,0.14049998447299003,0.047619047619047616,0.25,0.6770000010728836,0.00867361668497324,0.25600000098347664,0.13399998471140862,0.38999998569488525,0.0,100,0
imu,loso,10,6,0.4300000071525574,0.25800000205636026,0.042379242963119124,0.17200000509619712,0.047619047619047616,0.25,0.7110000014305115,0.003964507952332497,0.2530000016093254,0.17700000554323198,0.4300000071525574,0.0,100,0
imu,loso,10,7,0.2800000011920929,0.2509999964386225,0.045923847887181825,0.02900000475347042,0.3333333333333333,0.25,0.7400000065565109,0.015169506892561913,0.2685000002384186,0.011500000953674316,0.2800000011920929,0.0,100,0
imu,loso,10,8,0.23999999463558197,0.253999999910593,0.042237423925396624,-0.014000005275011052,0.6190476190476191,0.25,0.5930000007152557,0.010779863223433495,0.2504999995231628,-0.01050000488758085,0.23999999463558197,0.0,100,0
imu,loso,10,9,0.4699999988079071,0.267000000923872,0.03769615384996232,0.2029999978840351,0.047619047619047616,0.25,0.7370000034570694,0.018503103405237198,0.25299999713897703,0.21700000166893008,0.4699999988079071,0.0,100,0
imu,loso,10,10,0.1599999964237213,0.25949999764561654,0.041530108784553176,-0.09950000122189523,1.0,0.25,0.7250000059604644,0.020416542887687683,0.2609999984502792,-0.1010000020265579,0.1599999964237213,0.0,100,0
imu,loso,10,11,0.3100000023841858,0.24549999982118606,0.03787809465138241,0.06450000256299973,0.09523809523809523,0.25,0.5809999972581863,0.0321132093667984,0.23749999850988388,0.07250000387430192,0.3100000023841858,0.0,100,0
imu,loso,10,12,0.46000000834465027,0.2475000023841858,0.043689245348763416,0.21250000596046448,0.047619047619047616,0.25,0.6819999992847443,0.010947122238576412,0.24250000044703485,0.21750000789761542,0.46000000834465027,0.0,100,0
imu,loso,10,13,0.23999999463558197,0.23950000181794168,0.02801339204988014,0.0004999928176402935,0.5238095238095238,0.25,0.6664999991655349,0.012600934132933617,0.2405000001192093,-0.0005000054836273304,0.23999999463558197,0.0,100,0
imu,loso,10,14,0.44999998807907104,0.24699999988079072,0.04920365838724526,0.20299998819828033,0.047619047619047616,0.25,0.7435000002384186,0.007850086316466331,0.25500000044703486,0.1949999876320362,0.44999998807907104,0.0,100,0
imu,loso,10,15,0.33000001311302185,0.2375,0.030475403367378584,0.09250001311302186,0.047619047619047616,0.25,0.7235000044107437,0.007020340766757727,0.2400000013411045,0.09000001177191735,0.33000001311302185,0.0,100,0
imu,within,10,0,0.39937499165534973,0.24837500005960464,0.009701401702606926,0.1509999915957451,0.047619047619047616,0.25,0.7429687529802322,0.010529991239309311,0.25221875235438346,0.14715623930096627,0.39937499165534973,0.0,1600,0
imu,within,10,1,0.40062499046325684,0.25143750086426736,0.010387229423588487,0.14918748959898948,0.047619047619047616,0.25,0.7371562480926513,0.00518898107111454,0.24868749976158142,0.15193749070167542,0.40062499046325684,0.0,1600,0
imu,within,10,2,0.41312500834465027,0.2523750014603138,0.011613234085851935,0.1607500068843365,0.047619047619047616,0.25,0.7369374990463257,0.007613364141434431,0.25021874979138375,0.16290625855326651,0.41312500834465027,0.0,1600,0
imu,within,10,3,0.3616352081298828,0.24779874458909035,0.009170321714932263,0.11383646354079247,0.047619047619047616,0.2515723407268524,0.7315094351768494,0.010595905594527721,0.24798742383718492,0.1136477842926979,0.3616352081298828,0.0,1590,0
imu,within,10,4,0.36250001192092896,0.25290625244379045,0.007393185844035505,0.10959375947713851,0.047619047619047616,0.25,0.7050624996423721,0.003916273824870586,0.24818749949336052,0.11431251242756843,0.36250001192092896,0.0,1600,0
imu,loso,15,0,0.21666666865348816,0.26166666969656943,0.05273097296364943,-0.04500000104308127,0.8571428571428571,0.25,0.6450000047683716,0.010771306231617928,0.2450000040233135,-0.028333335369825352,0.21666666865348816,0.0,60,0
imu,loso,15,1,0.45614033937454224,0.2561403512954712,0.0478532700696993,0.19999998807907104,0.047619047619047616,0.21052631735801697,0.7236842185258865,0.010328912176191807,0.2368421047925949,0.21929823458194733,0.45614033937454224,0.0,57,0
imu,loso,15,2,0.5333333611488342,0.24083333909511567,0.04815340270145304,0.29250002205371856,0.047619047619047616,0.25,0.6200000047683716,0.05228598043322563,0.24583333618938924,0.287500024959445,0.5333333611488342,0.0,60,0
imu,loso,15,3,0.6166666746139526,0.26250000335276125,0.050792334534830785,0.3541666712611914,0.047619047619047616,0.25,0.6049999952316284,0.0071558719500899315,0.24666666984558105,0.3700000047683716,0.6166666746139526,0.0,60,0
imu,loso,15,4,0.21666666865348816,0.26166667267680166,0.05605057453391518,-0.0450000040233135,0.8571428571428571,0.25,0.7166666656732559,0.01817423850297928,0.2583333343267441,-0.04166666567325594,0.21666666865348816,0.0,60,0
imu,loso,15,5,0.38333332538604736,0.2550000034272671,0.050853822738417646,0.12833332195878028,0.047619047619047616,0.25,0.7058333307504654,0.013383147306740284,0.25000000596046446,0.1333333194255829,0.38333332538604736,0.0,60,0
imu,loso,15,6,0.5,0.2808333359658718,0.0648234787799424,0.2191666640341282,0.047619047619047616,0.25,0.7183333337306976,0.021967509761452675,0.250833335891366,0.24916666410863397,0.5,0.0,60,0
imu,loso,15,7,0.3166666626930237,0.2483333371579647,0.06580695461156215,0.06833332553505897,0.19047619047619047,0.25,0.6749999970197678,0.008839252404868603,0.22083333730697632,0.09583332538604736,0.3166666626930237,0.0,60,0
imu,loso,15,8,0.23333333432674408,0.23916667178273202,0.04923723856428806,-0.005833337455987936,0.6666666666666666,0.25,0.5341666668653489,0.006038243416696787,0.2558333367109299,-0.022500002384185813,0.23333333432674408,0.0,60,0
imu,loso,15,9,0.5166666507720947,0.2625000044703484,0.0526716775505402,0.25416664630174635,0.047619047619047616,0.25,0.7258333295583725,0.010694557800889015,0.2583333350718021,0.2583333157002926,0.5166666507720947,0.0,60,0
imu,loso,15,10,0.25,0.2533333390951157,0.0371184323595745,-0.003333339095115684,0.5714285714285714,0.25,0.5641666695475578,0.07756975293159485,0.2541666701436043,-0.0041666701436042786,0.25,0.0,60,0
imu,loso,15,11,0.23333333432674408,0.2641666688024998,0.035463202814577405,-0.030833334475755703,0.8095238095238095,0.25,0.3949999988079071,0.026142753660678864,0.25833333730697633,-0.02500000298023225,0.23333333432674408,0.0,60,0
imu,loso,15,12,0.5333333611488342,0.26000000536441803,0.08222597600305397,0.2733333557844162,0.047619047619047616,0.25,0.7058333277702331,0.023994674906134605,0.2566666711121798,0.27666669003665445,0.5333333611488342,0.0,60,0
imu,loso,15,13,0.23333333432674408,0.24000000357627868,0.034721111312685314,-0.006666669249534601,0.6190476190476191,0.25,0.5416666686534881,0.03894331306219101,0.24416666924953462,-0.010833334922790538,0.23333333432674408,0.0,60,0
imu,loso,15,14,0.44999998807907104,0.2541666693985462,0.06255552854706156,0.19583331868052484,0.047619047619047616,0.25,0.7566666692495346,0.021333636716008186,0.2541666716337204,0.19583331644535062,0.44999998807907104,0.0,60,0
imu,loso,15,15,0.46666666865348816,0.2666666701436043,0.05552777020369737,0.19999999850988387,0.047619047619047616,0.25,0.7116666674613953,2.694749491638504e-05,0.2583333387970924,0.20833332985639574,0.46666666865348816,0.0,60,0
imu,within,15,0,0.42395833134651184,0.25208333507180214,0.008900004395522442,0.1718749962747097,0.047619047619047616,0.25,0.7082291632890702,0.007649146486073732,0.2485416680574417,0.17541666328907013,0.42395833134651184,0.0,960,0
imu,within,15,1,0.3687500059604645,0.25364583507180216,0.01538884225697014,0.11510417088866232,0.047619047619047616,0.25,0.7399479180574418,0.0072818901389837265,0.25000000223517416,0.11875000372529032,0.3687500059604645,0.0,960,0
imu,within,15,2,0.4114583432674408,0.24927083551883697,0.013372746963344388,0.16218750774860383,0.047619047619047616,0.25,0.7347916692495347,0.011671490035951138,0.2518229141831398,0.159635429084301,0.4114583432674408,0.0,960,0
imu,within,15,3,0.36582809686660767,0.25041928663849833,0.01572991011071261,0.11540881022810934,0.047619047619047616,0.24842767417430878,0.7225890994071961,0.009075665846467018,0.24800838455557822,0.11781971231102945,0.36582809686660767,0.0,954,0
imu,within,15,4,0.37187498807907104,0.2520312502980232,0.01363141202177726,0.11984373778104784,0.047619047619047616,0.25,0.7277604162693023,0.0044159782119095325,0.2505729168653488,0.12130207121372222,0.37187498807907104,0.0,960,0
imu,loso,20,0,0.17499999701976776,0.2400000009685755,0.08231038669937851,-0.06500000394880773,0.8571428571428571,0.25,0.6825000017881393,0.03851541504263878,0.275,-0.10000000298023226,0.17499999701976776,0.0,40,0
imu,loso,20,1,0.42105263471603394,0.2539473682641983,0.072200762393548,0.16710526645183565,0.09523809523809523,0.2631579041481018,0.6842105269432068,0.017399560660123825,0.24473684057593345,0.17631579414010048,0.42105263471603394,0.0,38,0
imu,loso,20,2,0.42500001192092896,0.24125000312924386,0.05983048949160805,0.1837500087916851,0.047619047619047616,0.25,0.6474999979138374,0.05441528558731079,0.22625000067055226,0.1987500112503767,0.42500001192092896,0.0,40,0
imu,loso,20,3,0.5,0.24000000059604645,0.050249380670712065,0.2599999994039536,0.047619047619047616,0.25,0.7037499964237213,0.01574072241783142,0.23250000104308127,0.2674999989569187,0.5,0.0,40,0
imu,loso,20,4,0.22499999403953552,0.2662500016391277,0.04491311336572198,-0.04125000759959219,0.9523809523809523,0.25,0.5524999991059303,0.02284405007958412,0.23999999910593034,-0.015000005066394817,0.22499999403953552,0.0,40,0
imu,loso,20,5,0.4000000059604645,0.26249999925494194,0.06299801474780206,0.13750000670552254,0.047619047619047616,0.25,0.6712499976158142,0.0132887102663517,0.25125000029802325,0.14875000566244123,0.4000000059604645,0.0,40,0
imu,loso,20,6,0.4000000059604645,0.24499999731779099,0.058949127162311196,0.1550000086426735,0.047619047619047616,0.25,0.6762499928474426,0.038172315806150436,0.25875000059604647,0.141250005364418,0.4000000059604645,0.0,40,0
imu,loso,20,7,0.20000000298023224,0.24874999970197678,0.06589527608143103,-0.04874999672174454,0.8095238095238095,0.25,0.5349999904632569,0.01945941150188446,0.2537500008940697,-0.053749997913837444,0.20000000298023224,0.0,40,0
imu,loso,20,8,0.25,0.22875000089406966,0.06994417268170978,0.02124999910593034,0.47619047619047616,0.25,0.5924999982118606,0.008100108243525028,0.24625000059604646,0.003749999403953541,0.25,0.0,40,0
imu,loso,20,9,0.5,0.24375000223517418,0.07577722227807639,0.2562499977648258,0.047619047619047616,0.25,0.7399999976158143,0.014670205302536488,0.24374999925494195,0.25625000074505805,0.5,0.0,40,0
imu,loso,20,10,0.25,0.24375,0.024843261941878674,0.0062500000000000056,0.6190476190476191,0.25,0.14125000424683093,0.04173222556710243,0.26000000163912773,-0.010000001639127731,0.25,0.0,40,0
imu,loso,20,11,0.20000000298023224,0.2549999997019768,0.07053367833498303,-0.05499999672174455,0.8571428571428571,0.25,0.6662500023841857,0.055647678673267365,0.22874999791383743,-0.028749994933605194,0.20000000298023224,0.0,40,0
imu,loso,20,12,0.3499999940395355,0.2412500001490116,0.05549493101624054,0.10874999389052392,0.09523809523809523,0.25,0.6862500011920929,0.012230665422976017,0.24750000089406968,0.10249999314546585,0.3499999940395355,0.0,40,0
imu,loso,20,13,0.15000000596046448,0.23374999985098838,0.04421185017981992,-0.0837499938905239,1.0,0.25,0.6924999952316284,0.014083674177527428,0.2400000013411045,-0.08999999538064002,0.15000000596046448,0.0,40,0
imu,loso,20,14,0.4000000059604645,0.2687499985098839,0.050543916068813644,0.13125000745058057,0.047619047619047616,0.25,0.65,0.04878079518675804,0.24875000081956386,0.15125000514090062,0.4000000059604645,0.0,40,0
imu,loso,20,15,0.30000001192092896,0.26374999806284904,0.06913528189784435,0.03625001385807991,0.42857142857142855,0.25,0.6787499964237214,0.0020916180219501257,0.26999999955296516,0.03000001236796379,0.30000001192092896,0.0,40,0
imu,within,20,0,0.34687501192092896,0.25109375044703486,0.016095265355052308,0.0957812614738941,0.047619047619047616,0.25,0.6583593785762787,0.03810557350516319,0.25328125059604645,0.09359376132488251,0.34687501192092896,0.0,640,0
imu,within,20,1,0.3421874940395355,0.25632812455296516,0.014014454646132407,0.08585936948657036,0.047619047619047616,0.25,0.5567187488079071,0.015595014207065105,0.2522656239569187,0.08992187008261682,0.3421874940395355,0.0,640,0
imu,within,20,2,0.42656248807907104,0.24859374910593032,0.019886764305084802,0.17796873897314072,0.047619047619047616,0.25,0.7322656244039536,0.013164395466446877,0.24953124970197677,0.17703123837709428,0.42656248807907104,0.0,640,0
imu,within,20,3,0.30817610025405884,0.2500786170363426,0.02024871014399149,0.05809748321771624,0.047619047619047616,0.2515723407268524,0.7254716902971268,0.012280337512493134,0.2547169797122478,0.05345912054181101,0.30817610025405884,0.0,636,0
imu,within,20,4,0.3187499940395355,0.24546875134110452,0.019244141428021073,0.073281242698431,0.047619047619047616,0.25,0.7074218720197678,0.030436361208558083,0.25054687187075614,0.06820312216877938,0.3187499940395355,0.0,640,0
imu,loso,30,0,0.20000000298023224,0.23000000268220902,0.053385390032009684,-0.02999999970197678,0.8095238095238095,0.25,0.4474999994039536,0.017214076593518257,0.2375000026077032,-0.03749999962747097,0.20000000298023224,0.0,20,0
imu,loso,30,1,0.4736842215061188,0.26578946858644487,0.10588630803084222,0.2078947529196739,0.09523809523809523,0.2631579041481018,0.6684210479259491,0.031104711815714836,0.24210526272654534,0.23157895877957344,0.4736842215061188,0.0,19,0
imu,loso,30,2,0.3499999940395355,0.2525000024586916,0.07822243806187082,0.09749999158084394,0.2857142857142857,0.25,0.6799999982118606,0.11104945093393326,0.23000000305473806,0.11999999098479747,0.3499999940395355,0.0,20,0
imu,loso,30,3,0.5,0.2350000025704503,0.08817595800712381,0.2649999974295497,0.047619047619047616,0.25,0.7225000023841858,0.06434055417776108,0.22000000402331352,0.27999999597668646,0.5,0.0,20,0
imu,loso,30,4,0.25,0.2150000050663948,0.0838152737645656,0.0349999949336052,0.42857142857142855,0.25,0.6875,0.003902445314452052,0.2450000036507845,0.004999996349215496,0.25,0.0,20,0
imu,loso,30,5,0.44999998807907104,0.2575000040233135,0.0762807294559419,0.19249998405575752,0.09523809523809523,0.25,0.5300000086426735,0.03208135440945625,0.2550000034272671,0.19499998465180396,0.44999998807907104,0.0,20,0
imu,loso,30,6,0.5,0.25500000491738317,0.08046738466937818,0.24499999508261683,0.047619047619047616,0.25,0.5875,0.07282928377389908,0.23750000335276128,0.2624999966472387,0.5,0.0,20,0
imu,loso,30,7,0.3499999940395355,0.23750000186264514,0.07224091613905342,0.11249999217689038,0.19047619047619047,0.25,0.5600000038743019,0.03218205273151398,0.25250000301748515,0.09749999102205037,0.3499999940395355,0.0,20,0
imu,loso,30,8,0.4000000059604645,0.24750000312924386,0.08287792011819084,0.15250000283122062,0.14285714285714285,0.25,0.5250000059604645,0.016122767701745033,0.2500000011175871,0.1500000048428774,0.4000000059604645,0.0,20,0
imu,loso,30,9,0.5,0.25000000521540644,0.061237244177917066,0.24999999478459356,0.047619047619047616,0.25,0.6200000032782554,0.042163848876953125,0.22500000186264515,0.2749999981373549,0.5,0.0,20,0
imu,loso,30,10,0.15000000596046448,0.26000000201165674,0.07842193521275782,-0.10999999605119226,0.9523809523809523,0.25,0.5875000044703483,0.0672084391117096,0.3000000067055225,-0.15000000074505804,0.15000000596046448,0.0,20,0
imu,loso,30,11,0.15000000596046448,0.2675000011920929,0.08407585534288249,-0.1174999952316284,1.0,0.25,0.6575000017881394,0.08865594118833542,0.22250000145286322,-0.07249999549239874,0.15000000596046448,0.0,20,0
imu,loso,30,12,0.5,0.2625000035390258,0.09601432002963979,0.2374999964609742,0.047619047619047616,0.25,0.7325000017881393,0.007694821804761887,0.23500000312924385,0.26499999687075615,0.5,0.0,20,0
imu,loso,30,13,0.20000000298023224,0.22250000182539226,0.12397076119396065,-0.02249999884516002,0.6190476190476191,0.25,0.75,0.08274711668491364,0.2475000036880374,-0.04750000070780516,0.20000000298023224,0.0,20,0
imu,loso,30,14,0.4000000059604645,0.24500000216066836,0.07053367820294354,0.15500000379979612,0.047619047619047616,0.25,0.40250000059604646,0.09578010439872742,0.2475000038743019,0.15250000208616257,0.4000000059604645,0.0,20,0
imu,loso,30,15,0.30000001192092896,0.2200000027194619,0.08276472534139397,0.08000000920146705,0.23809523809523808,0.25,0.7600000023841857,0.015545498579740524,0.27750000506639483,0.022500006854534127,0.30000001192092896,0.0,20,0
imu,within,30,0,0.3843750059604645,0.25843750461936,0.017708028491228284,0.12593750134110449,0.047619047619047616,0.25,0.5932812452316284,0.05768214911222458,0.24953125044703484,0.13484375551342964,0.3843750059604645,0.0,320,0
imu,within,30,1,0.359375,0.24609374925494193,0.020417394649285683,0.11328125074505807,0.047619047619047616,0.25,0.48546874672174456,0.02148538827896118,0.2506250008940697,0.1087499991059303,0.359375,0.0,320,0
imu,within,30,2,0.40312498807907104,0.25703125074505806,0.026569391992999677,0.14609373733401299,0.047619047619047616,0.25,0.6578125059604645,0.036542586982250214,0.25859374850988387,0.14453123956918718,0.40312498807907104,0.0,320,0
imu,within,30,3,0.2830188572406769,0.24968553483486175,0.0153541583173913,0.03333332240581513,0.09523809523809523,0.2515723407268524,0.4789308235049248,0.024180587381124496,0.24292453229427338,0.0400943249464035,0.2830188572406769,0.0,318,0
imu,within,30,4,0.34062498807907104,0.2590625025331974,0.024723076870364298,0.08156248554587364,0.047619047619047616,0.25,0.6223437547683716,0.018835553899407387,0.24609375,0.09453123807907104,0.34062498807907104,0.0,320,0
imu_video,loso,5,0,0.33181819319725037,0.25568181872367857,0.025180136473491314,0.0761363744735718,0.047619047619047616,0.25,0.6929545372724533,0.052061159163713455,0.24431818053126336,0.087500012665987,0.33181819319725037,0.0,220,0
imu_video,loso,5,1,0.6076555252075195,0.24641148298978804,0.021101507680624132,0.3612440422177315,0.047619047619047616,0.2631579041481018,0.7244019120931625,0.02056719735264778,0.2624401912093163,0.34521533399820326,0.6076555252075195,0.0,209,0
imu_video,loso,5,2,0.41363635659217834,0.25295454636216164,0.03468497464730592,0.1606818102300167,0.047619047619047616,0.25,0.6597727239131927,0.01995152421295643,0.2479545444250107,0.16568181216716765,0.41363635659217834,0.0,220,0
imu_video,loso,5,3,0.5,0.23886363506317138,0.02261220809920921,0.2611363649368286,0.047619047619047616,0.25,0.6152272760868073,0.018369058147072792,0.24931818172335624,0.25068181827664376,0.5,0.0,220,0
imu_video,loso,5,4,0.34545454382896423,0.25568181946873664,0.023037653817074646,0.0897727243602276,0.047619047619047616,0.25,0.7050000011920929,0.02200957201421261,0.24886363744735718,0.09659090638160706,0.34545454382896423,0.0,220,0
imu_video,loso,5,5,0.4318181872367859,0.23409090861678122,0.01925792831257714,0.19772727862000467,0.047619047619047616,0.25,0.7349999994039536,0.010314163751900196,0.24590909108519554,0.18590909615159035,0.4318181872367859,0.0,220,0
imu_video,loso,5,6,0.5409091114997864,0.24318181946873665,0.025612334921509626,0.29772729203104975,0.047619047619047616,0.25,0.7345454514026641,0.018684038892388344,0.23931818306446076,0.30159092843532564,0.5409091114997864,0.0,220,0
imu_video,loso,5,7,0.37272727489471436,0.25840909108519555,0.01924585255866035,0.1143181838095188,0.047619047619047616,0.25,0.610000005364418,0.022622548043727875,0.24499999955296517,0.12772727534174919,0.37272727489471436,0.0,220,0
imu_video,loso,5,8,0.24090908467769623,0.2479545459151268,0.020402709924900665,-0.007045461237430578,0.6190476190476191,0.25,0.4486363664269447,0.009508139453828335,0.24613636136054992,-0.005227276682853693,0.24090908467769623,0.0,220,0
imu_video,loso,5,9,0.6227272748947144,0.2422727271914482,0.028023749877253232,0.38045454770326614,0.047619047619047616,0.25,0.7179545402526856,0.007851644419133663,0.2461363658308983,0.3765909090638161,0.6227272748947144,0.0,220,0
imu_video,loso,5,10,0.2454545497894287,0.25386363491415975,0.02494932761433487,-0.008409085124731042,0.5714285714285714,0.25,0.6449999988079071,0.025775950402021408,0.25886363387107847,-0.013409084081649758,0.2454545497894287,0.0,220,0
imu_video,loso,5,11,0.34090909361839294,0.2454545460641384,0.027872200121258673,0.09545454755425453,0.047619047619047616,0.25,0.6695454627275467,0.01880023442208767,0.24590908885002136,0.09500000476837159,0.34090909361839294,0.0,220,0
imu_video,loso,5,12,0.5363636612892151,0.2547727257013321,0.01815196282330576,0.281590935587883,0.047619047619047616,0.25,0.7272727280855179,0.013068683445453644,0.24545454308390618,0.2909091182053089,0.5363636612892151,0.0,220,0
imu_video,loso,5,13,0.22727273404598236,0.24659090861678123,0.02723007835837424,-0.019318174570798874,0.7619047619047619,0.25,0.567045447230339,0.011054346337914467,0.25318181663751604,-0.025909082591533683,0.22727273404598236,0.0,220,0
imu_video,loso,5,14,0.4954545497894287,0.25045454278588297,0.02131522249323742,0.24500000700354574,0.047619047619047616,0.25,0.7422727257013321,0.01549538318067789,0.23954545259475707,0.25590909719467164,0.4954545497894287,0.0,220,0
imu_video,loso,5,15,0.3954545557498932,0.2447727255523205,0.019617993192670394,0.1506818301975727,0.047619047619047616,0.25,0.7381818205118179,0.01826518401503563,0.2506818175315857,0.1447727382183075,0.3954545557498932,0.0,220,0
imu_video,within,5,0,0.4894886314868927,0.25068181827664376,0.00876566623077353,0.23880681321024894,0.047619047619047616,0.25,0.7285511344671249,0.015903793275356293,0.24911931976675988,0.24036931172013282,0.4894886314868927,0.0,3520,0
imu_video,within,5,1,0.4318181872367859,0.250724434107542,0.007757541732103545,0.18109375312924386,0.047619047619047616,0.25,0.7316761314868927,0.017108973115682602,0.24914772883057595,0.18267045840620993,0.4318181872367859,0.0,3520,0
imu_video,within,5,2,0.46164771914482117,0.25373579785227773,0.007984558300447857,0.20791192129254343,0.047619047619047616,0.25,0.7404829531908035,0.004756285343319178,0.24948863536119462,0.21215908378362655,0.46164771914482117,0.0,3520,0
imu_video,within,5,3,0.37106919288635254,0.24971412420272826,0.006088253926359037,0.12135506868362428,0.047619047619047616,0.24842767417430878,0.7464551240205765,0.012043977156281471,0.25211549252271653,0.118953700363636,0.37106919288635254,0.0,3498,0
imu_video,within,5,4,0.39232954382896423,0.2500284105539322,0.005241382005168796,0.14230113327503202,0.047619047619047616,0.25,0.7294176131486892,0.013827526941895485,0.24845170602202415,0.14387783780694008,0.39232954382896423,0.0,3520,0
imu_video,loso,10,0,0.12999999523162842,0.23549999743700029,0.03800986540955623,-0.10550000220537187,1.0,0.25,0.7019999980926513,0.01810629479587078,0.24149999842047692,-0.1115000031888485,0.12999999523162842,0.0,100,0
imu_video,loso,10,1,0.6421052813529968,0.25052631720900537,0.044857421586693,0.39157896414399146,0.047619047619047616,0.2631579041481018,0.7042105317115783,0.006378252524882555,0.24315789490938186,0.39894738644361494,0.6421052813529968,0.0,95,0
imu_video,loso,10,2,0.4099999964237213,0.2520000033080578,0.04388621890399275,0.15799999311566354,0.047619047619047616,0.25,0.6324999988079071,0.01303921453654766,0.2505000025033951,0.1594999939203262,0.4099999964237213,0.0,100,0
imu_video,loso,10,3,0.6200000047683716,0.2530000001192093,0.03634556445170658,0.36700000464916227,0.047619047619047616,0.25,0.6810000091791153,0.005601680371910334,0.23699999824166298,0.3830000065267086,0.6200000047683716,0.0,100,0
imu_video,loso,10,4,0.3199999928474426,0.26450000181794164,0.023764471553398624,0.055499991029500984,0.047619047619047616,0.25,0.7200000017881394,0.007355126086622477,0.25050000101327896,0.06949999183416367,0.3199999928474426,0.0,100,0
imu_video,loso,10,5,0.46000000834465027,0.2499999985098839,0.05357238186737413,0.21000000983476638,0.047619047619047616,0.25,0.7025000035762787,0.002931842114776373,0.23750000223517417,0.2225000061094761,0.46000000834465027,0.0,100,0
imu_video,loso,10,6,0.44999998807907104,0.2609999991953373,0.03345145858523351,0.18899998888373376,0.047619047619047616,0.25,0.6180000007152557,0.023313863202929497,0.24499999806284906,0.204999990016222,0.44999998807907104,0.0,100,0
imu_video,loso,10,7,0.4300000071525574,0.23799999952316284,0.035860841570682325,0.19200000762939454,0.047619047619047616,0.25,0.7244999974966049,0.0032205909956246614,0.2464999996125698,0.18350000753998758,0.4300000071525574,0.0,100,0
imu_video,loso,10,8,0.25999999046325684,0.25799999907612803,0.04686149832763398,0.0019999913871288078,0.6666666666666666,0.25,0.5504999965429306,0.0029790890403091908,0.25,0.009999990463256836,0.25999999046325684,0.0,100,0
imu_video,loso,10,9,0.6800000071525574,0.26000000089406966,0.04335896683921861,0.4200000062584877,0.047619047619047616,0.25,0.7300000011920929,0.017253434285521507,0.24549999982118606,0.4345000073313713,0.6800000071525574,0.0,100,0
imu_video,loso,10,10,0.2800000011920929,0.26150000020861625,0.03889409023332649,0.01850000098347665,0.3333333333333333,0.25,0.6884999990463256,0.030760886147618294,0.24199999943375589,0.03800000175833701,0.2800000011920929,0.0,100,0
imu_video,loso,10,11,0.28999999165534973,0.242000000923872,0.0335559247305066,0.04799999073147773,0.14285714285714285,0.25,0.7150000005960464,0.008219191804528236,0.2459999978542328,0.04399999380111694,0.28999999165534973,0.0,100,0
imu_video,loso,10,12,0.6000000238418579,0.2730000033974648,0.05216320749575971,0.32700002044439314,0.047619047619047616,0.25,0.7119999974966049,0.005635836627334356,0.22500000149011612,0.3750000223517418,0.6000000238418579,0.0,100,0
imu_video,loso,10,13,0.3100000023841858,0.2385000005364418,0.025352516028248836,0.071500001847744,0.047619047619047616,0.25,0.5979999899864197,0.011308225803077221,0.2439999982714653,0.0660000041127205,0.3100000023841858,0.0,100,0
imu_video,loso,10,14,0.5,0.2504999987781048,0.03904804997510077,0.2495000012218952,0.047619047619047616,0.25,0.7259999990463257,0.02018234133720398,0.24450000002980232,0.2554999999701977,0.5,0.0,100,0
imu_video,loso,10,15,0.38999998569488525,0.25400000214576723,0.050931328473351335,0.13599998354911802,0.047619047619047616,0.25,0.7485000014305114,0.0012648387346416712,0.23199999928474427,0.15799998641014099,0.38999998569488525,0.0,100,0
imu_video,within,10,0,0.4637500047683716,0.25390624925494193,0.010543575004163704,0.20984375551342965,0.047619047619047616,0.25,0.693031245470047,0.010171590372920036,0.24793750047683716,0.21581250429153442,0.4637500047683716,0.0,1600,0
imu_video,within,10,1,0.4662500023841858,0.2532187536358833,0.011424472942766257,0.21303124874830248,0.047619047619047616,0.25,0.7164375007152557,0.01666521094739437,0.25284374952316285,0.21340625286102294,0.4662500023841858,0.0,1600,0
imu_video,within,10,2,0.4856249988079071,0.2516875021159649,0.01006055808821307,0.2339374966919422,0.047619047619047616,0.25,0.7379062533378601,0.01015023235231638,0.24737500250339509,0.23824999630451202,0.4856249988079071,0.0,1600,0
imu_video,within,10,3,0.3918238878250122,0.25000000149011614,0.01315578209814886,0.14182388633489607,0.047619047619047616,0.2515723407268524,0.736446538567543,0.01018465869128704,0.25125786289572716,0.14056602492928505,0.3918238878250122,0.0,1590,0
imu_video,within,10,4,0.3893750011920929,0.2517500013113022,0.010280440801588412,0.1376249998807907,0.047619047619047616,0.25,0.7195312470197678,0.016312917694449425,0.25250000059604644,0.13687500059604646,0.3893750011920929,0.0,1600,0
imu_video,loso,15,0,0.13333334028720856,0.23916667178273202,0.04258162365206567,-0.10583333149552346,1.0,0.25,0.6799999982118606,0.008737031370401382,0.24583333507180213,-0.11249999478459358,0.13333334028720856,0.0,60,0
imu_video,loso,15,1,0.45614033937454224,0.2578947350382805,0.0615537005305564,0.19824560433626176,0.047619047619047616,0.2631579041481018,0.5973684281110764,0.04800940304994583,0.259649121016264,0.19649121835827826,0.45614033937454224,0.0,57,0
imu_video,loso,15,2,0.4166666567325592,0.2291666716337204,0.054993686671909126,0.1874999850988388,0.047619047619047616,0.25,0.692499989271164,0.016783254221081734,0.25416667088866235,0.16249998584389685,0.4166666567325592,0.0,60,0
imu_video,loso,15,3,0.6000000238418579,0.2375000037252903,0.039396489964190484,0.3625000201165676,0.047619047619047616,0.25,0.7108333319425583,0.010007345117628574,0.2416666716337204,0.3583333522081375,0.6000000238418579,0.0,60,0
imu_video,loso,15,4,0.4000000059604645,0.2533333361148834,0.06159906062811721,0.14666666984558108,0.047619047619047616,0.25,0.6891666620969772,0.014361503534018993,0.2458333380520344,0.1541666679084301,0.4000000059604645,0.0,60,0
imu_video,loso,15,5,0.4166666567325592,0.2675000041723251,0.046985517084604675,0.1491666525602341,0.047619047619047616,0.25,0.6800000041723251,0.008369683288037777,0.24416667111217977,0.17249998562037944,0.4166666567325592,0.0,60,0
imu_video,loso,15,6,0.5666666626930237,0.2500000029802322,0.05322906390240577,0.31666665971279145,0.047619047619047616,0.25,0.6791666626930237,0.02295539528131485,0.25166666880249977,0.3149999938905239,0.5666666626930237,0.0,60,0
imu_video,loso,15,7,0.4166666567325592,0.24416666999459266,0.053560713591974396,0.17249998673796654,0.047619047619047616,0.25,0.6633333265781403,0.01295319851487875,0.2583333380520344,0.1583333186805248,0.4166666567325592,0.0,60,0
imu_video,loso,15,8,0.30000001192092896,0.24583333656191825,0.026286352232647695,0.05416667535901071,0.09523809523809523,0.25,0.32166667431592944,0.023106178268790245,0.2500000037252903,0.05000000819563866,0.30000001192092896,0.0,60,0
imu_video,loso,15,9,0.6333333253860474,0.23916667141020298,0.056831869239394935,0.3941666539758444,0.047619047619047616,0.25,0.715833330154419,0.024386053904891014,0.24000000208616257,0.3933333232998848,0.6333333253860474,0.0,60,0
imu_video,loso,15,10,0.23333333432674408,0.26000000089406966,0.06132789603134594,-0.02666666656732558,0.7142857142857143,0.25,0.7124999970197677,0.06725059449672699,0.2616666711866856,-0.028333336859941494,0.23333333432674408,0.0,60,0
imu_video,loso,15,11,0.2666666805744171,0.24916667118668556,0.04639055219102608,0.017500009387731552,0.5238095238095238,0.25,0.6858333259820938,0.009855181910097599,0.23583333678543567,0.03083334378898145,0.2666666805744171,0.0,60,0
imu_video,loso,15,12,0.6000000238418579,0.2508333370089531,0.06334977768196691,0.3491666868329048,0.047619047619047616,0.25,0.714166671037674,0.01250628661364317,0.24416667148470877,0.35583335235714914,0.6000000238418579,0.0,60,0
imu_video,loso,15,13,0.25,0.2483333356678486,0.06189148227533775,0.0016666643321514019,0.42857142857142855,0.25,0.6149999976158143,0.048577021807432175,0.24583333730697632,0.004166662693023682,0.25,0.0,60,0
imu_video,loso,15,14,0.4833333194255829,0.24916666857898234,0.05639025676484417,0.23416665084660054,0.047619047619047616,0.25,0.7233333349227905,0.04980436712503433,0.23583333790302277,0.24749998152256011,0.4833333194255829,0.0,60,0
imu_video,loso,15,15,0.3499999940395355,0.23250000178813934,0.05614341509169684,0.11749999225139618,0.047619047619047616,0.25,0.7441666662693024,0.0051064807921648026,0.2541666693985462,0.09583332464098931,0.3499999940395355,0.0,60,0
imu_video,within,15,0,0.5104166865348816,0.25541666597127916,0.011188103398547386,0.25500002056360244,0.047619047619047616,0.25,0.7360937535762787,0.02334923855960369,0.25484374910593033,0.25557293742895126,0.5104166865348816,0.0,960,0
imu_video,within,15,1,0.46562498807907104,0.25380208566784856,0.011610142897361843,0.21182290241122248,0.047619047619047616,0.25,0.7230208337306976,0.015033385716378689,0.2570312537252903,0.20859373435378076,0.46562498807907104,0.0,960,0
imu_video,within,15,2,0.4677083194255829,0.24848958477377892,0.013872074311786551,0.21921873465180397,0.047619047619047616,0.25,0.734114584326744,0.009904357604682446,0.2518750034272671,0.2158333159983158,0.4677083194255829,0.0,960,0
imu_video,within,15,3,0.39308175444602966,0.24559748470783233,0.011138274313634225,0.14748426973819734,0.047619047619047616,0.24842767417430878,0.72662473320961,0.008797972463071346,0.24916142523288726,0.1439203292131424,0.39308175444602966,0.0,954,0
imu_video,within,15,4,0.4208333194255829,0.25072916597127914,0.01701172680373589,0.17010415345430374,0.047619047619047616,0.25,0.7175520867109298,0.0076352679170668125,0.25000000074505807,0.17083331868052481,0.4208333194255829,0.0,960,0
imu_video,loso,20,0,0.32499998807907104,0.28249999806284903,0.06986594156410361,0.04249999001622201,0.47619047619047616,0.25,0.69375,0.01835382916033268,0.25874999687075617,0.06624999120831487,0.32499998807907104,0.0,40,0
imu_video,loso,20,1,0.5263158082962036,0.26184210628271104,0.06308932765350599,0.2644737020134926,0.047619047619047616,0.2631579041481018,0.690789470076561,0.03183416277170181,0.24605263248085976,0.2802631758153439,0.5263158082962036,0.0,38,0
imu_video,loso,20,2,0.42500001192092896,0.23624999970197677,0.044352988497528785,0.18875001221895218,0.047619047619047616,0.25,0.6300000056624413,0.03569930046796799,0.25250000059604644,0.17250001132488252,0.42500001192092896,0.0,40,0
imu_video,loso,20,3,0.5,0.2437500014901161,0.05176570144846904,0.2562499985098839,0.047619047619047616,0.25,0.6762500047683716,0.021994948387145996,0.2687499992549419,0.23125000074505808,0.5,0.0,40,0
imu_video,loso,20,4,0.30000001192092896,0.2475000001490116,0.0719808982829684,0.05250001177191735,0.2857142857142857,0.25,0.7175000011920929,0.022442054003477097,0.25749999955296515,0.0425000123679638,0.30000001192092896,0.0,40,0
imu_video,loso,20,5,0.44999998807907104,0.26875,0.08798970165228188,0.18124998807907106,0.047619047619047616,0.25,0.6749999970197678,0.018689380958676338,0.25624999925494196,0.19374998882412908,0.44999998807907104,0.0,40,0
imu_video,loso,20,6,0.550000011920929,0.2637499995529652,0.06397020794747295,0.28625001236796377,0.047619047619047616,0.25,0.625,0.00575945433229208,0.255000002682209,0.29500000923871994,0.550000011920929,0.0,40,0
imu_video,loso,20,7,0.44999998807907104,0.26625000052154063,0.06627357962559523,0.18374998755753041,0.047619047619047616,0.25,0.7099999934434891,0.013075160793960094,0.2562500024214387,0.19374998565763235,0.44999998807907104,0.0,40,0
imu_video,loso,20,8,0.30000001192092896,0.26875000074505806,0.05115845455113323,0.031250011175870895,0.38095238095238093,0.25,0.49999999850988386,0.02252885326743126,0.26000000163912773,0.040000010281801224,0.30000001192092896,0.0,40,0
imu_video,loso,20,9,0.675000011920929,0.26875000074505806,0.07021173331012498,0.4062500111758709,0.047619047619047616,0.25,0.7112499922513962,0.03699775040149689,0.2387499988079071,0.43625001311302186,0.675000011920929,0.0,40,0
imu_video,loso,20,10,0.2750000059604645,0.24000000059604645,0.052081666039165524,0.035000005364418024,0.38095238095238093,0.25,0.6612500071525573,0.047527000308036804,0.2512499995529652,0.023750006407499302,0.2750000059604645,0.0,40,0
imu_video,loso,20,11,0.30000001192092896,0.22500000074505805,0.06373774362767429,0.0750000111758709,0.23809523809523808,0.25,0.6925000041723252,0.04772697761654854,0.25624999813735483,0.043750013783574127,0.30000001192092896,0.0,40,0
imu_video,loso,20,12,0.699999988079071,0.2537500001490116,0.06949595445165838,0.44624998793005943,0.047619047619047616,0.25,0.7050000041723251,0.022217076271772385,0.250000000372529,0.44999998770654204,0.699999988079071,0.0,40,0
imu_video,loso,20,13,0.22499999403953552,0.23874999955296516,0.04967079043951803,-0.013750005513429642,0.7142857142857143,0.25,0.7250000029802323,0.04570043087005615,0.2424999989569187,-0.017500004917383183,0.22499999403953552,0.0,40,0
imu_video,loso,20,14,0.625,0.2637500010430813,0.07135956457556437,0.3612499989569187,0.047619047619047616,0.25,0.70625,0.07017181813716888,0.2362499985843897,0.38875000141561034,0.625,0.0,40,0
imu_video,loso,20,15,0.3499999940395355,0.25374999865889547,0.07635238857977818,0.09624999538064005,0.09523809523809523,0.25,0.7224999994039536,0.013482035137712955,0.28500000163912775,0.06499999240040777,0.3499999940395355,0.0,40,0
imu_video,within,20,0,0.4781250059604645,0.24828125163912773,0.018788375032730568,0.22984375432133675,0.047619047619047616,0.25,0.7001562476158142,0.035497087985277176,0.24882812574505805,0.22929688021540642,0.4781250059604645,0.0,640,0
imu_video,within,20,1,0.45781248807907104,0.2507031261920929,0.01388318918672049,0.20710936188697815,0.047619047619047616,0.25,0.7016406267881393,0.023908711969852448,0.25046874955296516,0.20734373852610588,0.45781248807907104,0.0,640,0
imu_video,within,20,2,0.4781250059604645,0.2503906264901161,0.015123796907950684,0.22773437947034836,0.047619047619047616,0.25,0.7388281285762787,0.009329600259661674,0.24867187440395355,0.22945313155651093,0.4781250059604645,0.0,640,0
imu_video,within,20,3,0.37106919288635254,0.24811320900917053,0.016622109198835434,0.12295598387718201,0.047619047619047616,0.2515723407268524,0.7418238937854766,0.023917201906442642,0.2558962285518646,0.11517296433448793,0.37106919288635254,0.0,636,0
imu_video,within,20,4,0.4140625,0.24679687470197678,0.01195567755738213,0.16726562529802322,0.047619047619047616,0.25,0.7146875023841858,0.013015193864703178,0.2490624986588955,0.1650000013411045,0.4140625,0.0,640,0
imu_video,loso,30,0,0.3499999940395355,0.23500000201165677,0.0949999990235819,0.11499999202787875,0.2857142857142857,0.25,0.5750000029802322,0.010410388931632042,0.2600000031292439,0.08999999091029165,0.3499999940395355,0.0,20,0
imu_video,loso,30,1,0.5263158082962036,0.26052631363272666,0.08233940877568575,0.26578949466347696,0.047619047619047616,0.2631579041481018,0.5815789446234703,0.02028421126306057,0.27631579115986826,0.25000001713633535,0.5263158082962036,0.0,19,0
imu_video,loso,30,2,0.5,0.242500002682209,0.07949056610590842,0.257499997317791,0.047619047619047616,0.25,0.647500003874302,0.08336896449327469,0.24250000156462193,0.2574999984353781,0.5,0.0,20,0
imu_video,loso,30,3,0.5,0.2500000040978193,0.0987420882529302,0.2499999959021807,0.047619047619047616,0.25,0.7099999994039535,0.017765948548913002,0.23750000223517417,0.2624999977648258,0.5,0.0,20,0
imu_video,loso,30,4,0.30000001192092896,0.2250000022351742,0.09420721714168959,0.07500000968575476,0.2857142857142857,0.25,0.7325000047683716,0.008659804239869118,0.22250000294297934,0.07750000897794962,0.30000001192092896,0.0,20,0
imu_video,loso,30,5,0.4000000059604645,0.26500000469386575,0.08958236533804527,0.13500000126659872,0.19047619047619047,0.25,0.6449999958276749,0.004188828635960817,0.2350000025704503,0.16500000339001417,0.4000000059604645,0.0,20,0
imu_video,loso,30,6,0.6499999761581421,0.22000000402331352,0.07483314865145459,0.42999997213482855,0.047619047619047616,0.25,0.6950000017881394,0.022007660940289497,0.2525000020861626,0.3974999740719795,0.6499999761581421,0.0,20,0
imu_video,loso,30,7,0.44999998807907104,0.2300000052899122,0.07314369579087626,0.21999998278915883,0.047619047619047616,0.25,0.7424999952316285,0.012173717841506004,0.24250000286847354,0.2074999852105975,0.44999998807907104,0.0,20,0
imu_video,loso,30,8,0.30000001192092896,0.26000000461935996,0.0982344135826186,0.040000007301568996,0.5714285714285714,0.25,0.4875,0.016203444451093674,0.26000000406056645,0.04000000786036251,0.30000001192092896,0.0,20,0
imu_video,loso,30,9,0.699999988079071,0.2300000024959445,0.07483314735714122,0.46999998558312656,0.047619047619047616,0.25,0.7325000017881393,0.034468360245227814,0.2350000012665987,0.46499998681247234,0.699999988079071,0.0,20,0
imu_video,loso,30,10,0.25,0.24250000417232515,0.06378675366700848,0.007499995827674855,0.6190476190476191,0.25,0.5100000038743019,0.18577013909816742,0.25750000290572644,-0.007500002905726444,0.25,0.0,20,0
imu_video,loso,30,11,0.15000000596046448,0.26500000339001417,0.10012492112977862,-0.1149999974295497,0.9047619047619048,0.25,0.6599999994039536,0.06046069413423538,0.22750000320374966,-0.07749999724328518,0.15000000596046448,0.0,20,0
imu_video,loso,30,12,0.699999988079071,0.21000000461935997,0.11022704094646349,0.4899999834597111,0.047619047619047616,0.25,0.7400000005960464,0.03981763869524002,0.22750000171363355,0.4724999863654375,0.699999988079071,0.0,20,0
imu_video,loso,30,13,0.25,0.24500000439584255,0.09069178610166516,0.004999995604157453,0.5714285714285714,0.25,0.6849999994039535,0.05259370431303978,0.2600000038743019,-0.010000003874301888,0.25,0.0,20,0
imu_video,loso,30,14,0.6000000238418579,0.2675000004470348,0.10520812337645133,0.3325000233948231,0.047619047619047616,0.25,0.6399999976158142,0.11035837978124619,0.2450000025331974,0.3550000213086605,0.6000000238418579,0.0,20,0
imu_video,loso,30,15,0.5,0.21250000298023225,0.07885905209205578,0.28749999701976775,0.047619047619047616,0.25,0.7375000029802322,0.005525463726371527,0.2825000021606684,0.2174999978393316,0.5,0.0,20,0
imu_video,within,30,0,0.5,0.25078124850988387,0.03134165998401577,0.24921875149011613,0.047619047619047616,0.25,0.6660937488079071,0.03308896720409393,0.24984375312924384,0.25015624687075616,0.5,0.0,320,0
imu_video,within,30,1,0.4593749940395355,0.2490624986588955,0.0230721519530881,0.21031249538064004,0.047619047619047616,0.25,0.7085937470197677,0.044780433177948,0.2612499989569187,0.19812499508261683,0.4593749940395355,0.0,320,0
imu_video,within,30,2,0.5062500238418579,0.24953125193715095,0.024372496437185944,0.25671877190470693,0.047619047619047616,0.25,0.7081249982118607,0.02805342525243759,0.25562500208616257,0.25062502175569534,0.5062500238418579,0.0,320,0
imu_video,within,30,3,0.402515709400177,0.24779874682426453,0.023878676264596686,0.15471696257591247,0.047619047619047616,0.2515723407268524,0.7433962225914001,0.024902908131480217,0.25220125913619995,0.15031445026397705,0.402515709400177,0.0,318,0
imu_video,within,30,4,0.4437499940395355,0.2526562511920929,0.023181412713958596,0.19109374284744263,0.047619047619047616,0.25,0.7073437571525574,0.016249235719442368,0.24390624985098838,0.19984374418854714,0.4437499940395355,0.0,320,0
video,loso,5,0,0.3499999940395355,0.24818181619048119,0.022608780838459158,0.10181817784905434,0.047619047619047616,0.25,0.7356818169355392,0.007239286322146654,0.24727272465825081,0.10272726938128471,0.3499999940395355,0.0,220,0
video,loso,5,1,0.4227272868156433,0.24272727146744727,0.02781283170957689,0.18000001534819604,0.047619047619047616,0.25,0.6688636392354965,0.010052678175270557,0.25249999985098837,0.17022728696465494,0.4227272868156433,0.0,220,0
video,loso,5,2,0.30454546213150024,0.23499999940395355,0.0293912043335901,0.06954546272754669,0.09523809523809523,0.25,0.7045454531908035,0.014756012707948685,0.25386363789439204,0.05068182423710821,0.30454546213150024,0.0,220,0
video,loso,5,3,0.6409090757369995,0.24454545453190804,0.02338149396262737,0.3963636212050915,0.047619047619047616,0.25,0.6949999988079071,0.007423372473567724,0.23886363729834556,0.4020454384386539,0.6409090757369995,0.0,220,0
video,loso,5,4,0.41818180680274963,0.250454543530941,0.02443155337093461,0.16772726327180865,0.047619047619047616,0.25,0.7318181753158569,0.005567325744777918,0.24659090787172316,0.17159089893102647,0.41818180680274963,0.0,220,0
video,loso,5,5,0.4727272689342499,0.24454545676708223,0.02702921596299088,0.22818181216716765,0.047619047619047616,0.25,0.7470454573631287,0.012798122130334377,0.24840908944606782,0.22431817948818206,0.4727272689342499,0.0,220,0
video,loso,5,6,0.5090909004211426,0.26000000163912773,0.024461136223966375,0.24909089878201485,0.047619047619047616,0.25,0.7068181812763215,0.009195996448397636,0.24818181842565537,0.26090908199548724,0.5090909004211426,0.0,220,0
video,loso,5,7,0.3590908944606781,0.2565909087657928,0.023153948273368342,0.10249998569488528,0.047619047619047616,0.25,0.6968181848526,0.011945844627916813,0.24954545348882676,0.10954544097185134,0.3590908944606781,0.0,220,0
video,loso,5,8,0.23181818425655365,0.24863636195659639,0.017314542368910696,-0.016818177700042736,0.8095238095238095,0.25,0.22068181931972503,0.07942512631416321,0.24840909168124198,-0.016590907424688328,0.23181818425655365,0.0,220,0
video,loso,5,9,0.5227272510528564,0.24840909019112586,0.02631951854589072,0.27431816086173055,0.047619047619047616,0.25,0.7102272719144821,0.0060655502602458,0.24818181619048119,0.27454543486237526,0.5227272510528564,0.0,220,0
video,loso,5,10,0.22727273404598236,0.25522726848721505,0.02427778988398273,-0.027954534441232692,0.9523809523809523,0.25,0.34909090399742126,0.012570524588227272,0.25272727087140084,-0.025454536825418483,0.22727273404598236,0.0,220,0
video,loso,5,11,0.26363635063171387,0.24499999955296517,0.02485079147898251,0.018636351078748697,0.2857142857142857,0.25,0.5702272713184356,0.029981831088662148,0.24409090727567673,0.01954544335603714,0.26363635063171387,0.0,220,0
video,loso,5,12,0.4636363685131073,0.2549999974668026,0.021936233533857374,0.20863637104630472,0.047619047619047616,0.25,0.5797727257013321,0.005324571393430233,0.2343181848526001,0.2293181836605072,0.4636363685131073,0.0,220,0
video,loso,5,13,0.2181818187236786,0.24772727265954017,0.027517837850586185,-0.029545453935861582,0.9047619047619048,0.25,0.661590912938118,0.013314648531377316,0.2470454528927803,-0.028863634169101704,0.2181818187236786,0.0,220,0
video,loso,5,14,0.5909090638160706,0.24636363461613656,0.033758988674023084,0.34454542919993403,0.047619047619047616,0.25,0.7413636326789856,0.014065980911254883,0.24863636195659639,0.34227270185947417,0.5909090638160706,0.0,220,0
video,loso,5,15,0.33636364340782166,0.2547727271914482,0.020853435005534916,0.08159091621637343,0.047619047619047616,0.25,0.6911363631486893,0.010202070698142052,0.247272726893425,0.08909091651439666,0.33636364340782166,0.0,220,0
video,within,5,0,0.48607954382896423,0.24963068217039108,0.008619760652682105,0.23644886165857315,0.047619047619047616,0.25,0.7476420402526855,0.005144474562257528,0.25156250298023225,0.23451704084873198,0.48607954382896423,0.0,3520,0
video,within,5,1,0.4474431872367859,0.25085227116942405,0.007273502693111385,0.19659091606736184,0.047619047619047616,0.25,0.7453267067670822,0.005530914291739464,0.2500852309167385,0.19735795632004738,0.4474431872367859,0.0,3520,0
video,within,5,2,0.47556817531585693,0.2509517066180706,0.007893574534924827,0.22461646869778634,0.047619047619047616,0.25,0.7383948802947998,0.0071306610479950905,0.2501278407871723,0.22544033452868462,0.47556817531585693,0.0,3520,0
video,within,5,3,0.38267046213150024,0.24900568202137946,0.006846824169786609,0.13366478011012078,0.047619047619047616,0.25,0.7329119294881821,0.005430170334875584,0.25292613729834557,0.12974432483315468,0.38267046213150024,0.0,3520,0
video,within,5,4,0.39375001192092896,0.24985795915126802,0.006979335142759887,0.14389205276966094,0.047619047619047616,0.25,0.7462926119565964,0.016395479440689087,0.24990057125687598,0.14384944066405297,0.39375001192092896,0.0,3520,0
video,loso,10,0,0.4099999964237213,0.2530000008642673,0.03702701817166288,0.156999995559454,0.047619047619047616,0.25,0.6504999965429306,0.004062842112034559,0.25699999928474426,0.15299999713897705,0.4099999964237213,0.0,100,0
video,loso,10,1,0.5699999928474426,0.24900000244379045,0.04323193418797787,0.3209999904036522,0.047619047619047616,0.25,0.6759999960660934,0.012746728025376797,0.24450000151991844,0.32549999132752416,0.5699999928474426,0.0,100,0
video,loso,10,2,0.33000001311302185,0.24200000017881393,0.03529872508644289,0.08800001293420792,0.047619047619047616,0.25,0.6775000035762787,0.02777991071343422,0.2539999969303608,0.07600001618266106,0.33000001311302185,0.0,100,0
video,loso,10,3,0.6299999952316284,0.25249999985098837,0.040233692728202534,0.37749999538064005,0.047619047619047616,0.25,0.6930000007152557,0.004664319101721048,0.23800000175833702,0.3919999934732914,0.6299999952316284,0.0,100,0
video,loso,10,4,0.4099999964237213,0.271000000834465,0.037669617109381236,0.1389999955892563,0.047619047619047616,0.25,0.7050000041723251,0.010389811359345913,0.24800000041723252,0.1619999960064888,0.4099999964237213,0.0,100,0
video,loso,10,5,0.38999998569488525,0.24650000259280205,0.0348245616718386,0.1434999831020832,0.047619047619047616,0.25,0.7215000033378601,0.004696596879512072,0.24750000089406968,0.14249998480081558,0.38999998569488525,0.0,100,0
video,loso,10,6,0.6100000143051147,0.25649999976158144,0.05369124831991368,0.3535000145435333,0.047619047619047616,0.25,0.7285000026226044,0.007997117936611176,0.26450000032782556,0.3455000139772892,0.6100000143051147,0.0,100,0
video,loso,10,7,0.3100000023841858,0.24549999833106995,0.04543952190198082,0.06450000405311584,0.14285714285714285,0.25,0.6520000040531159,0.008998952805995941,0.24600000083446502,0.06400000154972077,0.3100000023841858,0.0,100,0
video,loso,10,8,0.28999999165534973,0.2444999985396862,0.04177020303693828,0.04549999311566352,0.19047619047619047,0.25,0.5734999969601631,0.017660997807979584,0.25149999707937243,0.0384999945759773,0.28999999165534973,0.0,100,0
video,loso,10,9,0.6299999952316284,0.2554999999701977,0.03499642889631203,0.37449999526143074,0.047619047619047616,0.25,0.7010000020265579,0.011415929533541203,0.24699999913573265,0.38299999609589575,0.6299999952316284,0.0,100,0
video,loso,10,10,0.25999999046325684,0.23800000101327895,0.03627671588655527,0.021999989449977886,0.38095238095238093,0.25,0.7120000094175338,0.002023398643359542,0.25650000125169753,0.0034999892115593068,0.25999999046325684,0.0,100,0
video,loso,10,11,0.33000001311302185,0.24849999845027923,0.044640227881172,0.08150001466274262,0.047619047619047616,0.25,0.7010000020265579,0.013835906982421875,0.2519999980926514,0.07800001502037046,0.33000001311302185,0.0,100,0
video,loso,10,12,0.6299999952316284,0.254500000923872,0.03707762226394122,0.37549999430775644,0.047619047619047616,0.25,0.7105000048875809,0.0033151691313833,0.2300000011920929,0.3999999940395355,0.6299999952316284,0.0,100,0
video,loso,10,13,0.20999999344348907,0.23749999925494195,0.041818060065844265,-0.02750000581145287,0.7619047619047619,0.25,0.7319999992847442,0.011250022798776627,0.22400000207126142,-0.014000008627772342,0.20999999344348907,0.0,100,0
video,loso,10,14,0.6100000143051147,0.2449999988079071,0.03556683620002424,0.3650000154972076,0.047619047619047616,0.25,0.6995000004768371,0.006937813945114613,0.2524999983608723,0.35750001594424247,0.6100000143051147,0.0,100,0
video,loso,10,15,0.3499999940395355,0.2620000008493662,0.049152824039352,0.08799999319016932,0.047619047619047616,0.25,0.7035000056028367,0.014592348597943783,0.25400000289082525,0.09599999114871027,0.3499999940395355,0.0,100,0
video,within,10,0,0.4650000035762787,0.2515937499701977,0.01021731509615808,0.213406253606081,0.047619047619047616,0.25,0.7246562510728836,0.005587080027908087,0.24931250214576722,0.21568750143051146,0.4650000035762787,0.0,1600,0
video,within,10,1,0.41749998927116394,0.24996875151991843,0.013814444968340032,0.1675312377512455,0.047619047619047616,0.25,0.7280937433242798,0.016790002584457397,0.25053125247359276,0.16696873679757118,0.41749998927116394,0.0,1600,0
video,within,10,2,0.4881249964237213,0.24921875074505806,0.0071230128612782325,0.23890624567866325,0.047619047619047616,0.25,0.7357812523841858,0.008998185396194458,0.2516250014305115,0.23649999499320984,0.4881249964237213,0.0,1600,0
video,within,10,3,0.3462499976158142,0.25118750259280204,0.009893773975566846,0.09506249502301217,0.047619047619047616,0.25,0.7082187473773957,0.010204781778156757,0.2530312493443489,0.09321874827146531,0.3462499976158142,0.0,1600,0
video,within,10,4,0.4124999940395355,0.25087499916553496,0.011565708573200289,0.16162499487400056,0.047619047619047616,0.25,0.7162187486886978,0.0057142251171171665,0.2505937494337559,0.16190624460577963,0.4124999940395355,0.0,1600,0
video,loso,15,0,0.3499999940395355,0.24833333864808083,0.05024937800181441,0.1016666553914547,0.047619047619047616,0.25,0.48999999910593034,0.008392750285565853,0.24750000536441802,0.1024999886751175,0.3499999940395355,0.0,60,0
video,loso,15,1,0.4833333194255829,0.25833333693444727,0.05413460616781096,0.22499998249113562,0.047619047619047616,0.25,0.5024999976158142,0.018058713525533676,0.26750000566244125,0.21583331376314163,0.4833333194255829,0.0,60,0
video,loso,15,2,0.4000000059604645,0.23166667222976683,0.039051250694450056,0.16833333373069764,0.047619047619047616,0.25,0.6266666695475578,0.020120592787861824,0.25666666962206364,0.14333333633840084,0.4000000059604645,0.0,60,0
video,loso,15,3,0.5166666507720947,0.2583333387970924,0.05413460633984927,0.2583333119750023,0.047619047619047616,0.25,0.6491666704416275,0.004002287518233061,0.23416667021811008,0.2824999805539846,0.5166666507720947,0.0,60,0
video,loso,15,4,0.4000000059604645,0.2533333361148834,0.0640312411176567,0.14666666984558108,0.047619047619047616,0.25,0.7099999964237214,-0.0018359081586822867,0.2533333346247673,0.14666667133569716,0.4000000059604645,0.0,60,0
video,loso,15,5,0.3499999940395355,0.2700000025331974,0.04960958468108411,0.07999999150633813,0.14285714285714285,0.25,0.6883333295583725,0.001587739447131753,0.2475000038743019,0.10249999016523362,0.3499999940395355,0.0,60,0
video,loso,15,6,0.5833333134651184,0.2608333364129066,0.05509461495129305,0.3224999770522118,0.047619047619047616,0.25,0.7033333361148835,0.01742125302553177,0.2500000037252903,0.3333333097398281,0.5833333134651184,0.0,60,0
video,loso,15,7,0.28333333134651184,0.25250000357627866,0.049798203482155544,0.030833327770233177,0.42857142857142855,0.25,0.6716666668653488,0.012215526774525642,0.24583333656191825,0.03749999478459359,0.28333333134651184,0.0,60,0
video,loso,15,8,0.21666666865348816,0.2541666716337204,0.04529992734843275,-0.03750000298023226,0.7619047619047619,0.25,0.47249999940395354,0.02832707203924656,0.25000000149011614,-0.03333333283662798,0.21666666865348816,0.0,60,0
video,loso,15,9,0.6000000238418579,0.24833333864808083,0.06664583089320121,0.3516666851937771,0.047619047619047616,0.25,0.7000000029802322,0.003930407576262951,0.2516666680574417,0.3483333557844162,0.6000000238418579,0.0,60,0
video,loso,15,10,0.1666666716337204,0.24750000461935998,0.04354914318409776,-0.08083333298563958,1.0,0.25,0.5258333355188369,0.004925248213112354,0.24666666984558105,-0.07999999821186066,0.1666666716337204,0.0,60,0
video,loso,15,11,0.3499999940395355,0.24166667088866234,0.055402566852216444,0.10833332315087318,0.09523809523809523,0.25,0.7283333361148834,0.009951148182153702,0.24250000417232515,0.10749998986721038,0.3499999940395355,0.0,60,0
video,loso,15,12,0.5666666626930237,0.24416666999459266,0.04386690677425839,0.322499992698431,0.047619047619047616,0.25,0.6541666686534882,0.0025081182830035686,0.25250000432133674,0.31416665837168695,0.5666666626930237,0.0,60,0
video,loso,15,13,0.25,0.2383333370089531,0.050853820614026365,0.011666662991046906,0.5238095238095238,0.25,0.5408333346247673,0.012099717743694782,0.2416666716337204,0.008333328366279591,0.25,0.0,60,0
video,loso,15,14,0.5833333134651184,0.2666666693985462,0.04714045190349167,0.3166666440665722,0.047619047619047616,0.25,0.7241666615009308,0.01310020312666893,0.2641666688024998,0.3191666446626186,0.5833333134651184,0.0,60,0
video,loso,15,15,0.5166666507720947,0.24916666969656945,0.0646518442543883,0.2674999810755253,0.047619047619047616,0.25,0.7591666579246521,0.0021675347816199064,0.28666666969656945,0.22999998107552527,0.5166666507720947,0.0,60,0
video,within,15,0,0.4895833432674408,0.2526562504470348,0.010584454919673249,0.23692709282040597,0.047619047619047616,0.25,0.6973437517881393,0.004351366311311722,0.24864583387970923,0.24093750938773156,0.4895833432674408,0.0,960,0
video,within,15,1,0.4427083432674408,0.2547395847737789,0.01204229512914446,0.1879687584936619,0.047619047619047616,0.25,0.7472916603088379,0.007164768408983946,0.2521875023841858,0.190520840883255,0.4427083432674408,0.0,960,0
video,within,15,2,0.48124998807907104,0.24833333641290664,0.010308818911731204,0.2329166516661644,0.047619047619047616,0.25,0.7534374982118607,0.005464552901685238,0.25213541835546494,0.2291145697236061,0.48124998807907104,0.0,960,0
video,within,15,3,0.38749998807907104,0.2479166679084301,0.01602271867225654,0.13958332017064096,0.047619047619047616,0.25,0.7197916716337204,0.013358899392187595,0.2531770817935467,0.13432290628552435,0.38749998807907104,0.0,960,0
video,within,15,4,0.4156250059604645,0.25026041716337205,0.015354869104966057,0.16536458879709243,0.047619047619047616,0.25,0.6957812547683716,0.006984427105635405,0.2494791679084301,0.16614583805203437,0.4156250059604645,0.0,960,0
video,loso,20,0,0.17499999701976776,0.24624999836087227,0.07083210522128161,-0.07125000134110451,0.9047619047619048,0.25,0.6875000059604645,0.0032645470928400755,0.2525000017136335,-0.07750000469386575,0.17499999701976776,0.0,40,0
video,loso,20,1,0.675000011920929,0.24500000048428774,0.07097534860182828,0.43000001143664124,0.047619047619047616,0.25,0.6762499958276749,0.0066773612052202225,0.24875000081956386,0.42625001110136507,0.675000011920929,0.0,40,0
video,loso,20,2,0.32499998807907104,0.24625000059604646,0.0476149925120332,0.07874998748302459,0.14285714285714285,0.25,0.6612500011920929,0.020489100366830826,0.25875000208616256,0.06624998599290849,0.32499998807907104,0.0,40,0
video,loso,20,3,0.574999988079071,0.24999999925494193,0.06373774391991018,0.3249999888241291,0.047619047619047616,0.25,0.63125,0.011643179692327976,0.2575000025331974,0.31749998554587366,0.574999988079071,0.0,40,0
video,loso,20,4,0.42500001192092896,0.24750000089406968,0.0675000012472827,0.17750001102685928,0.047619047619047616,0.25,0.7725000023841858,0.0102081298828125,0.2687500037252903,0.15625000819563867,0.42500001192092896,0.0,40,0
video,loso,20,5,0.32499998807907104,0.24374999962747096,0.08018533282123087,0.08124998845160009,0.23809523809523808,0.25,0.697500005364418,0.010208205319941044,0.25,0.07499998807907104,0.32499998807907104,0.0,40,0
video,loso,20,6,0.5249999761581421,0.23499999940395355,0.055565277235632655,0.28999997675418854,0.047619047619047616,0.25,0.6625000059604644,0.02021706849336624,0.24125000461935997,0.2837499715387821,0.5249999761581421,0.0,40,0
video,loso,20,7,0.32499998807907104,0.26375000178813934,0.058882828085747047,0.0612499862909317,0.23809523809523808,0.25,0.7087500035762787,0.00019995127513539046,0.26499999947845937,0.059999988600611676,0.32499998807907104,0.0,40,0
video,loso,20,8,0.2750000059604645,0.26249999850988387,0.05728219488626841,0.012500007450580608,0.5714285714285714,0.25,0.45000000298023224,0.02632741630077362,0.25375000238418577,0.02125000357627871,0.2750000059604645,0.0,40,0
video,loso,20,9,0.699999988079071,0.25500000044703486,0.05511351890169399,0.4449999876320362,0.047619047619047616,0.25,0.6987499952316284,0.015911811962723732,0.25374999865889547,0.4462499894201756,0.699999988079071,0.0,40,0
video,loso,20,10,0.17499999701976776,0.2262500010430813,0.06445686534374562,-0.05125000402331353,0.8095238095238095,0.25,0.5149999916553497,0.005501125939190388,0.25374999940395354,-0.07875000238418578,0.17499999701976776,0.0,40,0
video,loso,20,11,0.30000001192092896,0.25125000104308126,0.07394043108057138,0.048750010877847694,0.38095238095238093,0.25,0.7362499982118607,0.006396655458956957,0.23375000208616256,0.0662500098347664,0.30000001192092896,0.0,40,0
video,loso,20,12,0.550000011920929,0.23624999970197677,0.03990222498632892,0.31375001221895216,0.047619047619047616,0.25,0.5962499946355819,0.004973450675606728,0.24374999925494195,0.306250012665987,0.550000011920929,0.0,40,0
video,loso,20,13,0.22499999403953552,0.23874999955296516,0.062487497953868945,-0.013750005513429642,0.6666666666666666,0.25,0.7162499994039535,0.0018909870414063334,0.2362500000745058,-0.011250006034970284,0.22499999403953552,0.0,40,0
video,loso,20,14,0.699999988079071,0.25625000074505805,0.0836193013914409,0.443749987334013,0.047619047619047616,0.25,0.7262500017881394,0.018442153930664062,0.24624999836087227,0.4537499897181988,0.699999988079071,0.0,40,0
video,loso,20,15,0.375,0.2575000010430813,0.0720676762116798,0.1174999989569187,0.09523809523809523,0.25,0.6937500029802323,0.006602712906897068,0.2587500028312206,0.11624999716877937,0.375,0.0,40,0
video,within,20,0,0.4749999940395355,0.2496874988079071,0.016606660834207605,0.2253124952316284,0.047619047619047616,0.25,0.728750005364418,0.0027094478718936443,0.24531250074505806,0.22968749329447746,0.4749999940395355,0.0,640,0
video,within,20,1,0.4312500059604645,0.248828125,0.015123795560888676,0.18242188096046447,0.047619047619047616,0.25,0.7450781285762786,0.009816997684538364,0.26195312589406966,0.16929688006639482,0.4312500059604645,0.0,640,0
video,within,20,2,0.43437498807907104,0.24921875074505806,0.012765728772725506,0.18515623733401299,0.047619047619047616,0.25,0.7222656220197677,0.009145870804786682,0.24867187440395355,0.1857031136751175,0.43437498807907104,0.0,640,0
video,within,20,3,0.4046874940395355,0.24781249985098838,0.016464925174128984,0.15687499418854714,0.047619047619047616,0.25,0.7436718732118607,0.005278490483760834,0.24226562380790712,0.1624218702316284,0.4046874940395355,0.0,640,0
video,within,20,4,0.4124999940395355,0.24476562812924385,0.012648292076313265,0.16773436591029167,0.047619047619047616,0.25,0.7164843797683715,0.003915403503924608,0.24593750089406968,0.16656249314546584,0.4124999940395355,0.0,640,0
video,loso,30,0,0.30000001192092896,0.25750000309199095,0.10985786016271265,0.04250000882893801,0.5238095238095238,0.25,0.7525000005960465,0.005067669786512852,0.2525000039488077,0.04750000797212123,0.30000001192092896,0.0,20,0
video,loso,30,1,0.6000000238418579,0.26000000424683095,0.07176350200859216,0.34000001959502696,0.047619047619047616,0.25,0.6150000050663949,0.015969738364219666,0.24000000525265933,0.3600000185891986,0.6000000238418579,0.0,20,0
video,loso,30,2,0.30000001192092896,0.26750000528991225,0.07949056614105694,0.03250000663101671,0.5714285714285714,0.25,0.59500000923872,0.05526363104581833,0.2425000037997961,0.057500008121132845,0.30000001192092896,0.0,20,0
video,loso,30,3,0.6499999761581421,0.2500000009313226,0.1083974149501101,0.3999999752268195,0.047619047619047616,0.25,0.7625000029802322,0.022476939484477043,0.23000000268220902,0.4199999734759331,0.6499999761581421,0.0,20,0
video,loso,30,4,0.4000000059604645,0.22000000569969416,0.0992471686049135,0.18000000026077032,0.09523809523809523,0.25,0.6949999958276749,0.015946906059980392,0.2400000024586916,0.16000000350177288,0.4000000059604645,0.0,20,0
video,loso,30,5,0.4000000059604645,0.24500000551342965,0.07889867095618115,0.15500000044703482,0.09523809523809523,0.25,0.735000005364418,0.009006078355014324,0.23000000342726706,0.17000000253319741,0.4000000059604645,0.0,20,0
video,loso,30,6,0.6499999761581421,0.22000000402331352,0.08276472828958854,0.42999997213482855,0.047619047619047616,0.25,0.722499993443489,0.017694920301437378,0.25000000521540644,0.39999997094273565,0.6499999761581421,0.0,20,0
video,loso,30,7,0.5,0.22250000312924384,0.06796138703267424,0.27749999687075616,0.047619047619047616,0.25,0.6624999940395355,0.0033113027457147837,0.22750000301748513,0.27249999698251487,0.5,0.0,20,0
video,loso,30,8,0.25,0.24750000089406968,0.06417748504918104,0.002499999105930323,0.6666666666666666,0.25,0.49500000327825544,0.02855576016008854,0.25250000432133674,-0.002500004321336735,0.25,0.0,20,0
video,loso,30,9,0.550000011920929,0.23250000234693288,0.10158124739031492,0.31750000957399604,0.047619047619047616,0.25,0.7650000035762787,0.04042758792638779,0.23750000335276128,0.3125000085681677,0.550000011920929,0.0,20,0
video,loso,30,10,0.30000001192092896,0.2600000035017729,0.0624499800794281,0.040000008419156075,0.47619047619047616,0.25,0.5075000002980232,0.013896706514060497,0.25000000447034837,0.050000007450580586,0.30000001192092896,0.0,20,0
video,loso,30,11,0.30000001192092896,0.2500000009313226,0.08803408117687755,0.05000001098960638,0.38095238095238093,0.25,0.722499993443489,0.02807515859603882,0.21500000301748515,0.08500000890344381,0.30000001192092896,0.0,20,0
video,loso,30,12,0.5,0.2575000047683716,0.0855496923949456,0.2424999952316284,0.047619047619047616,0.25,0.7275000035762786,0.01898939162492752,0.22750000040978194,0.2724999995902181,0.5,0.0,20,0
video,loso,30,13,0.25,0.24500000439584255,0.1011187434402072,0.004999995604157453,0.5714285714285714,0.25,0.6275000095367431,0.007679653353989124,0.25750000439584253,-0.00750000439584253,0.25,0.0,20,0
video,loso,30,14,0.6000000238418579,0.24250000193715096,0.10401322066814758,0.357500021904707,0.047619047619047616,0.25,0.7400000005960464,0.014439677819609642,0.25250000432133674,0.3475000195205212,0.6000000238418579,0.0,20,0
video,loso,30,15,0.6000000238418579,0.22750000283122063,0.09283722258036892,0.3725000210106373,0.047619047619047616,0.25,0.7449999988079071,0.0012108903611078858,0.2525000054389238,0.3475000184029341,0.6000000238418579,0.0,20,0
video,within,30,0,0.5093749761581421,0.2520312510430813,0.026977909221095595,0.2573437251150608,0.047619047619047616,0.25,0.70390625,0.006455468013882637,0.25234374925494196,0.2570312269032001,0.5093749761581421,0.0,320,0
video,within,30,1,0.46562498807907104,0.2448437511920929,0.019169143081835645,0.22078123688697815,0.047619047619047616,0.25,0.7407812446355819,0.009204979054629803,0.2609375,0.20468748807907106,0.46562498807907104,0.0,320,0
video,within,30,2,0.4781250059604645,0.25234375,0.02578598535282911,0.2257812559604645,0.047619047619047616,0.25,0.7307812511920929,0.019282612949609756,0.24312500059604644,0.23500000536441804,0.4781250059604645,0.0,320,0
video,within,30,3,0.328125,0.24703125059604644,0.015514451120568758,0.08109374940395356,0.047619047619047616,0.25,0.7225000023841858,0.009806593880057335,0.24843750149011612,0.07968749850988388,0.328125,0.0,320,0
video,within,30,4,0.38749998807907104,0.25390624776482584,0.02093691518464191,0.1335937403142452,0.047619047619047616,0.25,0.7123437494039535,0.009231681935489178,0.24687500149011612,0.14062498658895492,0.38749998807907104,0.0,320,0
