mode,task,split,window_s,fold,accuracy,null_mean,null_std,contribution,p_permutation,zeros_accuracy,flip_rate,collapse,n_windows,uses_audio
eeg,eccentricity,loso,5,0,0.5090909004211426,0.5477272778749466,0.027816551692505454,-0.038636377453803994,0.9047619047619048,0.581818163394928,0.20545454621315,0.9189428091049194,220,1
eeg,eccentricity,loso,5,1,0.5954545736312866,0.5095454528927803,0.0264223479560174,0.08590912073850632,0.047619047619047616,0.47727271914482117,0.3518181785941124,0.6222475171089172,220,1
eeg,eccentricity,loso,5,2,0.5909090638160706,0.5327272728085518,0.03360563783510831,0.058181791007518746,0.09523809523809523,0.5272727012634277,0.4136363610625267,0.5282105207443237,220,1
eeg,eccentricity,loso,5,3,0.6045454740524292,0.5281818196177482,0.02537325041229402,0.07636365443468096,0.047619047619047616,0.5318182110786438,0.37181818038225173,0.6437841057777405,220,1
eeg,eccentricity,loso,5,4,0.6272727251052856,0.5204545423388481,0.03626406549171218,0.10681818276643751,0.047619047619047616,0.5227272510528564,0.4427272781729698,0.6782994866371155,220,1
eeg,eccentricity,loso,5,5,0.5681818127632141,0.5322727292776108,0.02112047781809639,0.03590908348560329,0.047619047619047616,0.5318182110786438,0.36772727519273757,0.6501681804656982,220,1
eeg,eccentricity,loso,5,6,0.5909090638160706,0.4879545420408249,0.02044317523279829,0.10295452177524567,0.047619047619047616,0.5090909004211426,0.409772726893425,0.7416712641716003,220,1
eeg,eccentricity,loso,5,7,0.6000000238418579,0.5161363661289216,0.023064548948005904,0.08386365771293636,0.047619047619047616,0.550000011920929,0.3724999979138374,0.6276662349700928,220,1
eeg,eccentricity,loso,5,8,0.581818163394928,0.5111363664269447,0.0363202913627197,0.07068179696798327,0.047619047619047616,0.5,0.38840908706188204,0.5722512602806091,220,1
eeg,eccentricity,loso,5,9,0.6000000238418579,0.5268181875348091,0.029906880309467938,0.07318183630704878,0.047619047619047616,0.5272727012634277,0.4399999976158142,0.6135442852973938,220,1
eeg,eccentricity,loso,5,10,0.6318181753158569,0.5331818178296089,0.02835358201639204,0.098636357486248,0.047619047619047616,0.5227272510528564,0.3904545456171036,0.6251978874206543,220,1
eeg,eccentricity,loso,5,11,0.6272727251052856,0.5415909126400947,0.030023237451168108,0.08568181246519091,0.047619047619047616,0.5590909123420715,0.39295454621315,0.47141510248184204,220,1
eeg,eccentricity,loso,5,12,0.5772727131843567,0.5206818163394928,0.02985761300502222,0.05659089684486385,0.09523809523809523,0.5318182110786438,0.40840908885002136,0.5531933307647705,220,1
eeg,eccentricity,loso,5,13,0.6181818246841431,0.5120454519987107,0.0318271115791769,0.10613637268543241,0.047619047619047616,0.5318182110786438,0.4165909096598625,0.5672436952590942,220,1
eeg,eccentricity,loso,5,14,0.5590909123420715,0.5222727209329605,0.025426123682529292,0.03681819140911102,0.19047619047619047,0.5227272510528564,0.3968181863427162,0.5434829592704773,220,1
eeg,eccentricity,loso,5,15,0.5636363625526428,0.5138636410236359,0.028257786044153948,0.049772721529006914,0.09523809523809523,0.5454545617103577,0.41704545319080355,0.6328328251838684,220,1
eeg,eccentricity,within,5,0,0.534375011920929,0.49955965876579284,0.005632937529963274,0.03481535315513612,0.047619047619047616,0.4778409004211426,0.30569602400064466,0.597244381904602,3520,1
eeg,eccentricity,within,5,1,0.558806836605072,0.508451709151268,0.005613852248938868,0.050355127453803994,0.047619047619047616,0.5542613863945007,0.3706676155328751,0.7074322700500488,3520,1
eeg,eccentricity,within,5,2,0.5690340995788574,0.5193750023841858,0.006419195165231413,0.04965909719467165,0.047619047619047616,0.534943163394928,0.323068180680275,0.6997349858283997,3520,1
eeg,eccentricity,within,5,3,0.5659090876579285,0.5156960248947143,0.007203195940589699,0.050213062763214134,0.047619047619047616,0.5207386612892151,0.34740056842565536,0.6711345911026001,3520,1
eeg,eccentricity,within,5,4,0.5355113744735718,0.4898011341691017,0.005759345477447361,0.04571024030447007,0.047619047619047616,0.4741477370262146,0.31153409034013746,0.6877056956291199,3520,1
eeg,eccentricity,loso,10,0,0.5099999904632568,0.4705000013113022,0.03917588531666083,0.03949998915195463,0.23809523809523808,0.49000000953674316,0.45649999380111694,0.28290098905563354,100,1
eeg,eccentricity,loso,10,1,0.6399999856948853,0.5099999934434891,0.05718391374902109,0.12999999225139613,0.047619047619047616,0.47999998927116394,0.4469999983906746,0.2698414921760559,100,1
eeg,eccentricity,loso,10,2,0.6399999856948853,0.5995000034570694,0.023124669296897743,0.04049998223781581,0.09523809523809523,0.5899999737739563,0.13749999925494194,0.8074939846992493,100,1
eeg,eccentricity,loso,10,3,0.6399999856948853,0.5019999951124191,0.04489989274857634,0.13799999058246615,0.047619047619047616,0.6100000143051147,0.4609999984502792,0.3068259656429291,100,1
eeg,eccentricity,loso,10,4,0.6800000071525574,0.4939999938011169,0.04810404679074524,0.18600001335144045,0.047619047619047616,0.46000000834465027,0.4509999960660934,0.37235790491104126,100,1
eeg,eccentricity,loso,10,5,0.5600000023841858,0.5069999992847443,0.0441701314991618,0.05300000309944153,0.14285714285714285,0.5099999904632568,0.44899999499320986,0.1967412829399109,100,1
eeg,eccentricity,loso,10,6,0.6800000071525574,0.5294999912381172,0.02940663053994364,0.15050001591444018,0.047619047619047616,0.5299999713897705,0.4564999997615814,0.2382640391588211,100,1
eeg,eccentricity,loso,10,7,0.5600000023841858,0.583499988913536,0.030211753411990797,-0.02349998652935026,0.8571428571428571,0.5600000023841858,0.2304999977350235,0.7506582140922546,100,1
eeg,eccentricity,loso,10,8,0.6299999952316284,0.5190000012516975,0.06090156503394658,0.11099999397993088,0.047619047619047616,0.550000011920929,0.45499999821186066,0.3465154767036438,100,1
eeg,eccentricity,loso,10,9,0.5899999737739563,0.5564999938011169,0.043735000079816774,0.03349997997283938,0.3333333333333333,0.6000000238418579,0.2865000031888485,0.7073607444763184,100,1
eeg,eccentricity,loso,10,10,0.6800000071525574,0.486499996483326,0.049927443067554825,0.1935000106692314,0.047619047619047616,0.4699999988079071,0.45150000005960467,0.4130169749259949,100,1
eeg,eccentricity,loso,10,11,0.5400000214576721,0.5074999958276749,0.03739986351295881,0.03250002562999721,0.2857142857142857,0.4399999976158142,0.39149999916553496,0.3453674018383026,100,1
eeg,eccentricity,loso,10,12,0.5799999833106995,0.5055000022053718,0.055809950398140275,0.07449998110532763,0.14285714285714285,0.5099999904632568,0.4854999974370003,0.34800443053245544,100,1
eeg,eccentricity,loso,10,13,0.6399999856948853,0.5109999984502792,0.049284887011519465,0.12899998724460604,0.047619047619047616,0.5699999928474426,0.43699999898672104,0.21328988671302795,100,1
eeg,eccentricity,loso,10,14,0.5199999809265137,0.5289999902248382,0.052905573467114934,-0.009000009298324563,0.6666666666666666,0.5099999904632568,0.4370000004768372,0.24665188789367676,100,1
eeg,eccentricity,loso,10,15,0.6800000071525574,0.5374999955296517,0.031603003041148,0.1425000116229057,0.047619047619047616,0.5400000214576721,0.46249999552965165,0.25600531697273254,100,1
eeg,eccentricity,within,10,0,0.5081250071525574,0.4835625007748604,0.0074898394200841175,0.02456250637769697,0.047619047619047616,0.44999998807907104,0.33806249499320984,0.556785523891449,1600,1
eeg,eccentricity,within,10,1,0.5718749761581421,0.49481250047683717,0.013086395082593957,0.07706247568130492,0.047619047619047616,0.4637500047683716,0.44362500309944153,0.29140520095825195,1600,1
eeg,eccentricity,within,10,2,0.5787500143051147,0.5027812570333481,0.009273358493738072,0.07596875727176666,0.047619047619047616,0.5024999976158142,0.42446874976158144,0.36279019713401794,1600,1
eeg,eccentricity,within,10,3,0.628125011920929,0.5476875007152557,0.012446921167388892,0.08043751120567322,0.047619047619047616,0.5512499809265137,0.43656250089406967,0.2717543840408325,1600,1
eeg,eccentricity,within,10,4,0.5799999833106995,0.49209375083446505,0.008777357391315625,0.08790623247623441,0.047619047619047616,0.4612500071525574,0.44009374976158144,0.3027734160423279,1600,1
eeg,eccentricity,loso,15,0,0.46666666865348816,0.5225000008940697,0.0663063158802927,-0.05583333224058151,0.8571428571428571,0.5666666626930237,0.4125000014901161,0.3038610816001892,60,1
eeg,eccentricity,loso,15,1,0.6333333253860474,0.5091666638851166,0.07080391766730046,0.12416666150093081,0.14285714285714285,0.5,0.47916666269302366,0.2083374708890915,60,1
eeg,eccentricity,loso,15,2,0.7666666507720947,0.4941666662693024,0.04751461967579383,0.27249998450279234,0.047619047619047616,0.5833333134651184,0.5091666668653488,0.2566494047641754,60,1
eeg,eccentricity,loso,15,3,0.5666666626930237,0.5308333322405815,0.07135105071840543,0.03583333045244219,0.38095238095238093,0.5833333134651184,0.5025000020861625,0.1638348251581192,60,1
eeg,eccentricity,loso,15,4,0.5166666507720947,0.48999999314546583,0.06548960738649141,0.026666657626628898,0.38095238095238093,0.46666666865348816,0.5100000038743019,0.16275712847709656,60,1
eeg,eccentricity,loso,15,5,0.5333333611488342,0.5099999949336051,0.053072275439262045,0.02333336621522908,0.3333333333333333,0.4166666567325592,0.43333333283662795,0.2333424687385559,60,1
eeg,eccentricity,loso,15,6,0.7333333492279053,0.5183333352208137,0.056984406377950554,0.21500001400709157,0.047619047619047616,0.4333333373069763,0.45833332985639574,0.24483275413513184,60,1
eeg,eccentricity,loso,15,7,0.7666666507720947,0.5308333337306976,0.074772808115659,0.2358333170413971,0.047619047619047616,0.6166666746139526,0.47416666597127916,0.13672049343585968,60,1
eeg,eccentricity,loso,15,8,0.6333333253860474,0.49083333313465116,0.08810899539753161,0.1424999922513962,0.09523809523809523,0.5,0.46583333164453505,0.1541215181350708,60,1
eeg,eccentricity,loso,15,9,0.6666666865348816,0.5066666677594185,0.061553956088150466,0.1600000187754631,0.09523809523809523,0.550000011920929,0.4950000002980232,0.13927161693572998,60,1
eeg,eccentricity,loso,15,10,0.75,0.5199999958276749,0.05691123545780569,0.23000000417232513,0.047619047619047616,0.5,0.47333332896232605,0.24907037615776062,60,1
eeg,eccentricity,loso,15,11,0.7333333492279053,0.525,0.03996526745850646,0.20833334922790525,0.047619047619047616,0.5666666626930237,0.47499999552965166,0.11747049540281296,60,1
eeg,eccentricity,loso,15,12,0.550000011920929,0.49249999821186063,0.06378675685966595,0.05750001370906832,0.3333333333333333,0.4166666567325592,0.48583333343267443,0.1998772919178009,60,1
eeg,eccentricity,loso,15,13,0.7333333492279053,0.4991666615009308,0.056390260624005664,0.23416668772697447,0.047619047619047616,0.5,0.49749999642372134,0.21625877916812897,60,1
eeg,eccentricity,loso,15,14,0.6666666865348816,0.5158333286643029,0.06550551540816202,0.15083335787057872,0.09523809523809523,0.5,0.482499997317791,0.15981602668762207,60,1
eeg,eccentricity,loso,15,15,0.6499999761581421,0.47416666597127916,0.05973901390169179,0.17583331018686293,0.047619047619047616,0.5333333611488342,0.47583333104848863,0.10997985303401947,60,1
eeg,eccentricity,within,15,0,0.6114583611488342,0.4922916695475578,0.011507475719638144,0.11916669160127641,0.047619047619047616,0.43541666865348816,0.45947916954755785,0.0966680496931076,960,1
eeg,eccentricity,within,15,1,0.6645833253860474,0.5258333325386048,0.015222597563615254,0.1387499928474426,0.047619047619047616,0.5479166507720947,0.4598958343267441,0.2899332344532013,960,1
eeg,eccentricity,within,15,2,0.659375011920929,0.5268750056624413,0.016968625342001012,0.13250000625848768,0.047619047619047616,0.6333333253860474,0.4712500020861626,0.1828966587781906,960,1
eeg,eccentricity,within,15,3,0.5958333611488342,0.48395833373069763,0.016325946921925974,0.1118750274181366,0.047619047619047616,0.5093749761581421,0.4826041668653488,0.22103823721408844,960,1
eeg,eccentricity,within,15,4,0.5854166746139526,0.48953124731779096,0.015727005433046823,0.09588542729616167,0.047619047619047616,0.40312498807907104,0.47192708402872086,0.14367732405662537,960,1
eeg,eccentricity,loso,20,0,0.550000011920929,0.5287499994039535,0.06288630913799591,0.021250012516975447,0.5238095238095238,0.574999988079071,0.5037499979138375,0.09743645787239075,40,1
eeg,eccentricity,loso,20,1,0.6499999761581421,0.5224999919533729,0.06319612368788147,0.12749998420476916,0.09523809523809523,0.550000011920929,0.4774999976158142,0.07184493541717529,40,1
eeg,eccentricity,loso,20,2,0.699999988079071,0.5149999931454659,0.06144102946181807,0.1849999949336052,0.047619047619047616,0.44999998807907104,0.40999999940395354,0.3462980091571808,40,1
eeg,eccentricity,loso,20,3,0.42500001192092896,0.49500000178813935,0.08351646278396557,-0.0699999898672104,0.9047619047619048,0.574999988079071,0.5074999943375588,0.019817953929305077,40,1
eeg,eccentricity,loso,20,4,0.6000000238418579,0.5124999925494194,0.061491871622773225,0.08750003129243855,0.14285714285714285,0.44999998807907104,0.45999999195337293,0.2469441294670105,40,1
eeg,eccentricity,loso,20,5,0.5249999761581421,0.5350000038743019,0.06955213987313959,-0.01000002771615982,0.6666666666666666,0.625,0.4149999961256981,0.4491753876209259,40,1
eeg,eccentricity,loso,20,6,0.75,0.4799999982118607,0.05947688641717505,0.2700000017881393,0.047619047619047616,0.574999988079071,0.4750000014901161,0.1554579883813858,40,1
eeg,eccentricity,loso,20,7,0.6499999761581421,0.4837499976158142,0.07916556770206162,0.16624997854232787,0.047619047619047616,0.5249999761581421,0.44374999701976775,0.2552163004875183,40,1
eeg,eccentricity,loso,20,8,0.675000011920929,0.4724999964237213,0.08287791739876957,0.20250001549720764,0.047619047619047616,0.5,0.48999999910593034,0.08856263756752014,40,1
eeg,eccentricity,loso,20,9,0.6499999761581421,0.48999999165534974,0.0577710998866971,0.15999998450279235,0.047619047619047616,0.675000011920929,0.49499999582767484,0.21018914878368378,40,1
eeg,eccentricity,loso,20,10,0.875,0.5587500020861625,0.07916557294891222,0.31624999791383746,0.047619047619047616,0.675000011920929,0.4237499967217445,0.20507219433784485,40,1
eeg,eccentricity,loso,20,11,0.675000011920929,0.5237499967217445,0.059934860281003026,0.15125001519918446,0.047619047619047616,0.550000011920929,0.4512499958276749,0.09542656689882278,40,1
eeg,eccentricity,loso,20,12,0.5,0.47749999910593033,0.06514407045206416,0.02250000089406967,0.38095238095238093,0.5249999761581421,0.5,0.1188829094171524,40,1
eeg,eccentricity,loso,20,13,0.7250000238418579,0.5174999937415123,0.07031180371893497,0.20750003010034557,0.047619047619047616,0.5249999761581421,0.4824999958276749,0.09566780179738998,40,1
eeg,eccentricity,loso,20,14,0.5249999761581421,0.5187499940395355,0.09349966107335152,0.006249982118606612,0.47619047619047616,0.5249999761581421,0.4312499985098839,0.4331827163696289,40,1
eeg,eccentricity,loso,20,15,0.699999988079071,0.525,0.07458217124904012,0.17499998807907102,0.047619047619047616,0.550000011920929,0.4950000062584877,0.12462596595287323,40,1
eeg,eccentricity,within,20,0,0.65625,0.4842968717217445,0.016279081202730167,0.17195312827825548,0.047619047619047616,0.45625001192092896,0.480078125,0.05367198958992958,640,1
eeg,eccentricity,within,20,1,0.6781250238418579,0.506328122317791,0.017395577882877124,0.1717969015240669,0.047619047619047616,0.515625,0.4761718735098839,0.10477448999881744,640,1
eeg,eccentricity,within,20,2,0.6656249761581421,0.5200781255960465,0.020481718581003568,0.1455468505620956,0.047619047619047616,0.520312488079071,0.4647656217217445,0.13700932264328003,640,1
eeg,eccentricity,within,20,3,0.645312488079071,0.507421875,0.018592274240629526,0.13789061307907102,0.047619047619047616,0.4046874940395355,0.47960937321186065,0.07279275357723236,640,1
eeg,eccentricity,within,20,4,0.628125011920929,0.46820312589406965,0.022427592895271815,0.1599218860268593,0.047619047619047616,0.4453125,0.483515627682209,0.16383147239685059,640,1
eeg,eccentricity,loso,30,0,0.44999998807907104,0.4775000035762787,0.07327175839411226,-0.027500015497207653,0.7619047619047619,0.5,0.5225000068545341,0.02233516238629818,20,1
eeg,eccentricity,loso,30,1,0.44999998807907104,0.5075000062584877,0.06941722651211527,-0.057500018179416634,0.8571428571428571,0.44999998807907104,0.3974999986588955,0.1945754587650299,20,1
eeg,eccentricity,loso,30,2,0.6000000238418579,0.5349999994039536,0.09367497099404476,0.06500002443790431,0.42857142857142855,0.5,0.4299999997019768,0.17127586901187897,20,1
eeg,eccentricity,loso,30,3,0.550000011920929,0.5549999967217445,0.1082820381890002,-0.004999984800815538,0.5238095238095238,0.75,0.4850000038743019,0.14208699762821198,20,1
eeg,eccentricity,loso,30,4,0.550000011920929,0.5625000014901161,0.1263675191777643,-0.012499989569187187,0.6666666666666666,0.550000011920929,0.3925000011920929,0.13954389095306396,20,1
eeg,eccentricity,loso,30,5,0.6000000238418579,0.4900000005960464,0.11789825862188245,0.11000002324581148,0.23809523809523808,0.550000011920929,0.46500000059604646,0.2824016511440277,20,1
eeg,eccentricity,loso,30,6,0.6499999761581421,0.4550000011920929,0.0705336821377185,0.1949999749660492,0.047619047619047616,0.5,0.4500000014901161,0.02172207646071911,20,1
eeg,eccentricity,loso,30,7,0.5,0.5299999997019768,0.08860022331149509,-0.029999999701976754,0.7142857142857143,0.3499999940395355,0.544999997317791,0.012372086755931377,20,1
eeg,eccentricity,loso,30,8,0.6000000238418579,0.5050000011920929,0.09473647874663542,0.09500002264976504,0.23809523809523808,0.550000011920929,0.5000000029802323,0.12073010951280594,20,1
eeg,eccentricity,loso,30,9,0.5,0.5099999994039536,0.1135781653941162,-0.009999999403953574,0.5714285714285714,0.550000011920929,0.4900000005960464,0.2954176962375641,20,1
eeg,eccentricity,loso,30,10,0.6000000238418579,0.5100000038743019,0.11135528557051468,0.09000001996755602,0.2857142857142857,0.44999998807907104,0.42000000178813934,0.18099549412727356,20,1
eeg,eccentricity,loso,30,11,0.6000000238418579,0.4925000011920929,0.11966097826717925,0.10750002264976499,0.2857142857142857,0.6000000238418579,0.37250000014901163,0.07711818069219589,20,1
eeg,eccentricity,loso,30,12,0.6000000238418579,0.5250000029802322,0.07826238168769445,0.07500002086162572,0.3333333333333333,0.550000011920929,0.4500000014901161,0.13831792771816254,20,1
eeg,eccentricity,loso,30,13,0.699999988079071,0.47750000208616256,0.13179055513087054,0.2224999859929085,0.09523809523809523,0.6000000238418579,0.45250000059604645,0.06580150127410889,20,1
eeg,eccentricity,loso,30,14,0.6000000238418579,0.45999999940395353,0.1157583688219405,0.14000002443790438,0.19047619047619047,0.3499999940395355,0.45999999940395353,0.23549777269363403,20,1
eeg,eccentricity,loso,30,15,0.550000011920929,0.519999997317791,0.09539391867335345,0.030000014603137948,0.38095238095238093,0.4000000059604645,0.4449999988079071,0.13199423253536224,20,1
eeg,eccentricity,within,30,0,0.512499988079071,0.5245312482118607,0.021701881127767855,-0.012031260132789656,0.8095238095238095,0.550000011920929,0.2785937525331974,0.35964012145996094,320,1
eeg,eccentricity,within,30,1,0.5531250238418579,0.475,0.025349126648815324,0.07812502384185793,0.047619047619047616,0.6000000238418579,0.4265625,0.07296428829431534,320,1
eeg,eccentricity,within,30,2,0.643750011920929,0.5290624961256981,0.022471772719278634,0.11468751579523084,0.047619047619047616,0.543749988079071,0.474062505364418,0.07702292501926422,320,1
eeg,eccentricity,within,30,3,0.5531250238418579,0.521562497317791,0.026698175063175764,0.03156252652406688,0.23809523809523808,0.550000011920929,0.4650000035762787,0.19274473190307617,320,1
eeg,eccentricity,within,30,4,0.4625000059604645,0.5151562511920929,0.021498433533221145,-0.052656245231628374,0.9523809523809523,0.528124988079071,0.48953124731779096,0.02040931023657322,320,1
eeg,hemisphere,loso,5,0,0.5590909123420715,0.5111363634467125,0.03381631914381301,0.047954548895358995,0.14285714285714285,0.550000011920929,0.3706818178296089,0.6147104501724243,220,1
eeg,hemisphere,loso,5,1,0.6000000238418579,0.5047727286815643,0.02224371681521594,0.0952272951602936,0.047619047619047616,0.5363636612892151,0.41386363953351973,0.6404874920845032,220,1
eeg,hemisphere,loso,5,2,0.5045454502105713,0.5049999967217446,0.025507250442371024,-0.0004545465111732705,0.6190476190476191,0.550000011920929,0.33818181455135343,0.6966449022293091,220,1
eeg,hemisphere,loso,5,3,0.5227272510528564,0.5463636338710784,0.020154365401597613,-0.023636382818222,0.9047619047619048,0.5363636612892151,0.23636363595724105,0.7339186072349548,220,1
eeg,hemisphere,loso,5,4,0.5681818127632141,0.5097727328538895,0.028359963066361325,0.058409079909324646,0.047619047619047616,0.5090909004211426,0.3443181812763214,0.541928231716156,220,1
eeg,hemisphere,loso,5,5,0.5318182110786438,0.5018181830644608,0.024579105964644302,0.030000028014183,0.23809523809523808,0.4681818187236786,0.3713636353611946,0.6852005124092102,220,1
eeg,hemisphere,loso,5,6,0.6000000238418579,0.4906818211078644,0.02908647581174633,0.10931820273399351,0.047619047619047616,0.4909090995788574,0.3770454555749893,0.5973631143569946,220,1
eeg,hemisphere,loso,5,7,0.6000000238418579,0.5149999991059303,0.026076014838003536,0.0850000247359276,0.047619047619047616,0.5090909004211426,0.2931818187236786,0.8035106062889099,220,1
eeg,hemisphere,loso,5,8,0.5727272629737854,0.5009090915322304,0.02804218136077822,0.071818171441555,0.047619047619047616,0.459090918302536,0.3959090933203697,0.6832551956176758,220,1
eeg,hemisphere,loso,5,9,0.5590909123420715,0.4829545423388481,0.022401061005896422,0.07613637000322343,0.047619047619047616,0.4545454680919647,0.4293181836605072,0.63914954662323,220,1
eeg,hemisphere,loso,5,10,0.581818163394928,0.4890909090638161,0.03468869838458224,0.0927272543311119,0.047619047619047616,0.47727271914482117,0.4640909105539322,0.6333030462265015,220,1
eeg,hemisphere,loso,5,11,0.48636364936828613,0.5047727316617966,0.029544586779535427,-0.01840908229351046,0.7619047619047619,0.4909090995788574,0.2547727234661579,0.6964598298072815,220,1
eeg,hemisphere,loso,5,12,0.5136363506317139,0.5197727292776108,0.01853492813217367,-0.006136378645896889,0.6666666666666666,0.5136363506317139,0.3261363595724106,0.7557929158210754,220,1
eeg,hemisphere,loso,5,13,0.5363636612892151,0.5304545417428017,0.02708648675069917,0.005909119546413377,0.42857142857142855,0.5545454621315002,0.2890909068286419,0.6527940630912781,220,1
eeg,hemisphere,loso,5,14,0.5454545617103577,0.5211363643407821,0.02803020265449035,0.024318197369575523,0.2857142857142857,0.5363636612892151,0.1947727270424366,0.9285695552825928,220,1
eeg,hemisphere,loso,5,15,0.5727272629737854,0.4831818208098412,0.02227272783615375,0.08954544216394422,0.047619047619047616,0.48636364936828613,0.40181818306446077,0.6325016617774963,220,1
eeg,hemisphere,within,5,0,0.5244318246841431,0.49829544872045517,0.00786115272942076,0.026136375963687897,0.047619047619047616,0.515625,0.2946590930223465,0.6732854247093201,3520,1
eeg,hemisphere,within,5,1,0.6116477251052856,0.5493181794881821,0.007341651358828443,0.06232954561710358,0.047619047619047616,0.5215908885002136,0.36428977102041243,0.7887386679649353,3520,1
eeg,hemisphere,within,5,2,0.5965909361839294,0.5499573886394501,0.006781544419205734,0.04663354754447935,0.047619047619047616,0.5610795617103577,0.3427414745092392,0.5276193618774414,3520,1
eeg,hemisphere,within,5,3,0.5732954740524292,0.555894884467125,0.005409587118785569,0.017400589585304216,0.047619047619047616,0.5761363506317139,0.23186079636216164,0.7664504051208496,3520,1
eeg,hemisphere,within,5,4,0.5622159242630005,0.5253267019987107,0.006175485645524242,0.03688922226428981,0.047619047619047616,0.546875,0.36416193246841433,0.6714986562728882,3520,1
eeg,hemisphere,loso,10,0,0.5299999713897705,0.5134999975562096,0.044415646467592655,0.016499973833560944,0.2857142857142857,0.47999998927116394,0.43649999499320985,0.47051727771759033,100,1
eeg,hemisphere,loso,10,1,0.6700000166893005,0.5209999978542328,0.04357752064874002,0.14900001883506775,0.047619047619047616,0.47999998927116394,0.45499999821186066,0.2727135717868805,100,1
eeg,hemisphere,loso,10,2,0.47999998927116394,0.48949999958276746,0.04934319012839554,-0.009500010311603524,0.6190476190476191,0.4699999988079071,0.3555000007152557,0.5196057558059692,100,1
eeg,hemisphere,loso,10,3,0.6200000047683716,0.5169999912381172,0.045508239360332194,0.10300001353025434,0.09523809523809523,0.4300000071525574,0.4359999969601631,0.19105438888072968,100,1
eeg,hemisphere,loso,10,4,0.5699999928474426,0.5219999954104424,0.04178516092877435,0.04799999743700023,0.23809523809523808,0.4399999976158142,0.4529999986290932,0.3059345781803131,100,1
eeg,hemisphere,loso,10,5,0.550000011920929,0.4819999948143959,0.04154515706528034,0.06800001710653303,0.09523809523809523,0.4300000071525574,0.48399999886751177,0.22748781740665436,100,1
eeg,hemisphere,loso,10,6,0.5799999833106995,0.5124999955296516,0.04145780727358109,0.06749998778104782,0.09523809523809523,0.5,0.4284999996423721,0.4347902834415436,100,1
eeg,hemisphere,loso,10,7,0.6499999761581421,0.4814999923110008,0.03539420661823823,0.16849998384714127,0.047619047619047616,0.5,0.48050000369548795,0.3753068745136261,100,1
eeg,hemisphere,loso,10,8,0.5600000023841858,0.48099999576807023,0.04635730311280446,0.07900000661611556,0.09523809523809523,0.4300000071525574,0.47199999541044235,0.3726251423358917,100,1
eeg,hemisphere,loso,10,9,0.5899999737739563,0.492999991774559,0.04279017876183777,0.0969999819993973,0.09523809523809523,0.46000000834465027,0.4249999985098839,0.46323636174201965,100,1
eeg,hemisphere,loso,10,10,0.5299999713897705,0.45999999046325685,0.047222871798679456,0.06999998092651366,0.09523809523809523,0.4300000071525574,0.41799999624490736,0.5731928944587708,100,1
eeg,hemisphere,loso,10,11,0.5299999713897705,0.5164999946951866,0.05150485636037885,0.013499976694583915,0.42857142857142855,0.5099999904632568,0.41549999862909315,0.3439108729362488,100,1
eeg,hemisphere,loso,10,12,0.5299999713897705,0.5059999987483025,0.048000003645819085,0.023999972641468026,0.47619047619047616,0.38999998569488525,0.4609999984502792,0.28058114647865295,100,1
eeg,hemisphere,loso,10,13,0.46000000834465027,0.45999999791383744,0.048579833340844654,1.0430812824591129e-08,0.6190476190476191,0.36000001430511475,0.3820000007748604,0.3117658495903015,100,1
eeg,hemisphere,loso,10,14,0.4399999976158142,0.40799999982118607,0.03854866902568464,0.03199999779462814,0.2857142857142857,0.4099999964237213,0.20900000035762786,0.8366659879684448,100,1
eeg,hemisphere,loso,10,15,0.5699999928474426,0.5049999952316284,0.04177319262525605,0.06499999761581421,0.09523809523809523,0.44999998807907104,0.4579999953508377,0.28053563833236694,100,1
eeg,hemisphere,within,10,0,0.5756250023841858,0.5149687543511391,0.008209839477286996,0.0606562480330467,0.047619047619047616,0.5475000143051147,0.42671874910593033,0.24594183266162872,1600,1
eeg,hemisphere,within,10,1,0.5837500095367432,0.5232499986886978,0.011970994013150398,0.06050001084804535,0.047619047619047616,0.53125,0.4023124992847443,0.43201008439064026,1600,1
eeg,hemisphere,within,10,2,0.6243749856948853,0.6048437476158142,0.010316991608163557,0.01953123807907109,0.047619047619047616,0.6787499785423279,0.3387812525033951,0.4405088722705841,1600,1
eeg,hemisphere,within,10,3,0.5306249856948853,0.5179062500596047,0.0091392695023132,0.012718735635280587,0.14285714285714285,0.5537499785423279,0.3744687482714653,0.4430975019931793,1600,1
eeg,hemisphere,within,10,4,0.5818750262260437,0.5100624993443489,0.01076543377034494,0.07181252688169482,0.047619047619047616,0.5743749737739563,0.4434999987483025,0.26197734475135803,1600,1
eeg,hemisphere,loso,15,0,0.6000000238418579,0.5049999982118607,0.07959969449752881,0.09500002562999721,0.23809523809523808,0.550000011920929,0.4466666653752327,0.12308140099048615,60,1
eeg,hemisphere,loso,15,1,0.6166666746139526,0.5108333334326745,0.05534613791445087,0.10583334118127818,0.09523809523809523,0.5333333611488342,0.4791666612029076,0.14306949079036713,60,1
eeg,hemisphere,loso,15,2,0.44999998807907104,0.5308333367109299,0.06308614728307013,-0.08083334863185887,0.9047619047619048,0.6000000238418579,0.4458333313465118,0.21269948780536652,60,1
eeg,hemisphere,loso,15,3,0.6833333373069763,0.5050000011920929,0.05918427777787203,0.17833333611488345,0.047619047619047616,0.4333333373069763,0.45499999821186066,0.12967529892921448,60,1
eeg,hemisphere,loso,15,4,0.5666666626930237,0.5075000002980232,0.057366999990992096,0.05916666239500046,0.19047619047619047,0.44999998807907104,0.43249999433755876,0.16725194454193115,60,1
eeg,hemisphere,loso,15,5,0.5166666507720947,0.514166671037674,0.05144442322018239,0.002499979734420732,0.6190476190476191,0.4833333194255829,0.45083333253860475,0.22720220685005188,60,1
eeg,hemisphere,loso,15,6,0.550000011920929,0.5216666683554649,0.04918785389322561,0.02833334356546402,0.3333333333333333,0.5,0.4666666626930237,0.26206523180007935,60,1
eeg,hemisphere,loso,15,7,0.5666666626930237,0.5158333301544189,0.04609019196422234,0.05083333253860478,0.23809523809523808,0.44999998807907104,0.39416666477918627,0.4117864668369293,60,1
eeg,hemisphere,loso,15,8,0.6166666746139526,0.5033333376049995,0.05883121544278919,0.1133333370089531,0.047619047619047616,0.4833333194255829,0.49833332896232607,0.1426546722650528,60,1
eeg,hemisphere,loso,15,9,0.550000011920929,0.510833328962326,0.056340975154686966,0.03916668295860293,0.3333333333333333,0.5166666507720947,0.4208333298563957,0.32995977997779846,60,1
eeg,hemisphere,loso,15,10,0.6000000238418579,0.500833335518837,0.07843521953905222,0.09916668832302089,0.19047619047619047,0.46666666865348816,0.5025000050663948,0.19893722236156464,60,1
eeg,hemisphere,loso,15,11,0.6833333373069763,0.5416666626930237,0.06465721252652655,0.14166667461395266,0.09523809523809523,0.4833333194255829,0.40333333015441897,0.16006320714950562,60,1
eeg,hemisphere,loso,15,12,0.5666666626930237,0.5216666653752327,0.05918427202899243,0.04499999731779103,0.2857142857142857,0.5166666507720947,0.39833333194255827,0.2788808345794678,60,1
eeg,hemisphere,loso,15,13,0.5666666626930237,0.5474999994039536,0.06609651985857758,0.01916666328907013,0.47619047619047616,0.550000011920929,0.41749999970197677,0.21528036892414093,60,1
eeg,hemisphere,loso,15,14,0.44999998807907104,0.5449999988079071,0.059884148113003445,-0.09500001072883602,0.9523809523809523,0.6000000238418579,0.4383333340287209,0.36633560061454773,60,1
eeg,hemisphere,loso,15,15,0.7166666388511658,0.5158333376049995,0.05539630660334224,0.20083330124616627,0.047619047619047616,0.550000011920929,0.4941666662693024,0.21696887910366058,60,1
eeg,hemisphere,within,15,0,0.5729166865348816,0.4932812497019768,0.013992781554621579,0.0796354368329048,0.047619047619047616,0.46041667461395264,0.4411979168653488,0.18722887337207794,960,1
eeg,hemisphere,within,15,1,0.6041666865348816,0.5273958384990692,0.009953780347653256,0.07677084803581236,0.047619047619047616,0.5302083492279053,0.4446875020861626,0.20261920988559723,960,1
eeg,hemisphere,within,15,2,0.565625011920929,0.5482812494039535,0.011113536864756642,0.017343762516975447,0.14285714285714285,0.565625011920929,0.39921875298023224,0.2641836702823639,960,1
eeg,hemisphere,within,15,3,0.5447916388511658,0.5287499964237213,0.013284416871465025,0.016041642427444436,0.14285714285714285,0.6010416746139526,0.4236458331346512,0.3299050033092499,960,1
eeg,hemisphere,within,15,4,0.5666666626930237,0.49322916716337206,0.013809450619201384,0.07343749552965162,0.047619047619047616,0.4833333194255829,0.44093749970197677,0.13060206174850464,960,1
eeg,hemisphere,loso,20,0,0.550000011920929,0.5262500017881393,0.0800292934396788,0.023750010132789656,0.42857142857142855,0.550000011920929,0.43124999701976774,0.23453307151794434,40,1
eeg,hemisphere,loso,20,1,0.42500001192092896,0.483749994635582,0.06137741390956743,-0.05874998271465304,0.8095238095238095,0.5,0.41374999582767485,0.31625282764434814,40,1
eeg,hemisphere,loso,20,2,0.4000000059604645,0.49999999850988386,0.06846532240871468,-0.09999999254941938,1.0,0.574999988079071,0.40499999523162844,0.15503349900245667,40,1
eeg,hemisphere,loso,20,3,0.574999988079071,0.5199999943375587,0.07850159852866617,0.05499999374151232,0.2857142857142857,0.574999988079071,0.4074999988079071,0.1087288185954094,40,1
eeg,hemisphere,loso,20,4,0.574999988079071,0.5024999991059304,0.06169481427785155,0.0724999889731407,0.23809523809523808,0.4749999940395355,0.44249999672174456,0.09427136927843094,40,1
eeg,hemisphere,loso,20,5,0.5,0.5412499979138374,0.08072910265099786,-0.04124999791383743,0.7619047619047619,0.44999998807907104,0.30125000402331353,0.22168006002902985,40,1
eeg,hemisphere,loso,20,6,0.4749999940395355,0.4975000023841858,0.08362864340057169,-0.02250000834465027,0.6190476190476191,0.375,0.3549999982118607,0.2051813155412674,40,1
eeg,hemisphere,loso,20,7,0.550000011920929,0.47124999314546584,0.05319480645410718,0.07875001877546312,0.14285714285714285,0.375,0.4237499989569187,0.2104588896036148,40,1
eeg,hemisphere,loso,20,8,0.75,0.5387499943375588,0.05029600009856658,0.21125000566244123,0.047619047619047616,0.5249999761581421,0.4637499988079071,0.16669751703739166,40,1
eeg,hemisphere,loso,20,9,0.699999988079071,0.4499999962747097,0.09552486095895131,0.24999999180436133,0.047619047619047616,0.30000001192092896,0.4625000014901161,0.130733460187912,40,1
eeg,hemisphere,loso,20,10,0.550000011920929,0.5024999976158142,0.07241374269522594,0.047500014305114746,0.38095238095238093,0.6000000238418579,0.4774999931454659,0.09187330305576324,40,1
eeg,hemisphere,loso,20,11,0.5249999761581421,0.5075000002980232,0.05921359876457341,0.017499975860118866,0.47619047619047616,0.5249999761581421,0.40250000059604646,0.23809094727039337,40,1
eeg,hemisphere,loso,20,12,0.574999988079071,0.5149999976158142,0.08418728844121262,0.05999999046325688,0.2857142857142857,0.550000011920929,0.3849999994039536,0.31647956371307373,40,1
eeg,hemisphere,loso,20,13,0.550000011920929,0.5225000008940697,0.061186196525200943,0.027500011026859283,0.42857142857142855,0.574999988079071,0.2800000011920929,0.47205841541290283,40,1
eeg,hemisphere,loso,20,14,0.550000011920929,0.5625000044703483,0.07885905350925256,-0.012499992549419359,0.7142857142857143,0.6000000238418579,0.4174999952316284,0.15999646484851837,40,1
eeg,hemisphere,loso,20,15,0.550000011920929,0.4737499952316284,0.05834969998276927,0.07625001668930054,0.19047619047619047,0.675000011920929,0.47875000089406966,0.024451788514852524,40,1
eeg,hemisphere,within,20,0,0.5874999761581421,0.5297656252980232,0.027374872944755196,0.05773435086011891,0.047619047619047616,0.5484374761581421,0.4199218720197678,0.20196221768856049,640,1
eeg,hemisphere,within,20,1,0.510937511920929,0.5087499991059303,0.015240584184058931,0.0021875128149986267,0.47619047619047616,0.528124988079071,0.47140624970197675,0.08288822323083878,640,1
eeg,hemisphere,within,20,2,0.5625,0.51875,0.01968377288098337,0.043749999999999956,0.09523809523809523,0.526562511920929,0.44593749940395355,0.2443382441997528,640,1
eeg,hemisphere,within,20,3,0.504687488079071,0.49718749821186065,0.017750714826214556,0.007499989867210399,0.3333333333333333,0.609375,0.5023437514901161,0.00858269166201353,640,1
eeg,hemisphere,within,20,4,0.625,0.6132031291723251,0.017667131997579282,0.011796870827674888,0.23809523809523808,0.6734374761581421,0.383984375,0.34634876251220703,640,1
eeg,hemisphere,loso,30,0,0.6499999761581421,0.5600000038743019,0.11135529132461895,0.08999997228384016,0.23809523809523808,0.550000011920929,0.30500000417232515,0.31177112460136414,20,1
eeg,hemisphere,loso,30,1,0.4000000059604645,0.43500000387430193,0.12155246282537903,-0.034999997913837455,0.8095238095238095,0.44999998807907104,0.4950000002980232,0.21108309924602509,20,1
eeg,hemisphere,loso,30,2,0.4000000059604645,0.4774999976158142,0.10059199197565616,-0.07749999165534971,0.9047619047619048,0.44999998807907104,0.42250000312924385,0.14121469855308533,20,1
eeg,hemisphere,loso,30,3,0.30000001192092896,0.5100000001490116,0.11467345030841368,-0.20999998822808263,0.9523809523809523,0.3499999940395355,0.5049999997019767,0.0923609510064125,20,1
eeg,hemisphere,loso,30,4,0.6000000238418579,0.46250000447034834,0.10108783711264863,0.13750001937150957,0.14285714285714285,0.4000000059604645,0.44750000089406966,0.046402882784605026,20,1
eeg,hemisphere,loso,30,5,0.550000011920929,0.5675000086426735,0.05973901344438995,-0.017499996721744515,0.8095238095238095,0.5,0.23750000298023224,0.4217984974384308,20,1
eeg,hemisphere,loso,30,6,0.5,0.46749999970197675,0.09256753861785577,0.032500000298023246,0.5238095238095238,0.44999998807907104,0.4125000014901161,0.18570871651172638,20,1
eeg,hemisphere,loso,30,7,0.6499999761581421,0.5400000050663948,0.1055935646997052,0.1099999710917473,0.19047619047619047,0.44999998807907104,0.45499999821186066,0.007453822996467352,20,1
eeg,hemisphere,loso,30,8,0.550000011920929,0.4475000023841858,0.09148087743235232,0.10250000953674315,0.23809523809523808,0.30000001192092896,0.41749999672174454,0.08264432102441788,20,1
eeg,hemisphere,loso,30,9,0.6499999761581421,0.522500003874302,0.10894379519325564,0.12749997228384014,0.19047619047619047,0.5,0.43750000149011614,0.23753906786441803,20,1
eeg,hemisphere,loso,30,10,0.6499999761581421,0.5100000008940697,0.12103718688059274,0.13999997526407237,0.19047619047619047,0.44999998807907104,0.430000002682209,0.12353367358446121,20,1
eeg,hemisphere,loso,30,11,0.550000011920929,0.4549999967217445,0.05894913139637665,0.09500001519918444,0.14285714285714285,0.3499999940395355,0.2450000040233135,0.3284476697444916,20,1
eeg,hemisphere,loso,30,12,0.6000000238418579,0.5100000008940697,0.11247221791760326,0.0900000229477882,0.23809523809523808,0.550000011920929,0.42999999821186063,0.06674755364656448,20,1
eeg,hemisphere,loso,30,13,0.6499999761581421,0.5700000062584877,0.06595452721575558,0.07999996989965441,0.23809523809523808,0.44999998807907104,0.26500000320374967,0.22282850742340088,20,1
eeg,hemisphere,loso,30,14,0.3499999940395355,0.5075000017881394,0.09256754646544073,-0.15750000774860384,1.0,0.3499999940395355,0.4325000002980232,0.14021989703178406,20,1
eeg,hemisphere,loso,30,15,0.5,0.5400000005960465,0.09165151282605687,-0.04000000059604647,0.8095238095238095,0.3499999940395355,0.48499999940395355,0.014249831438064575,20,1
eeg,hemisphere,within,30,0,0.4781250059604645,0.4676562488079071,0.01740697904948729,0.01046875715255735,0.38095238095238093,0.34062498807907104,0.44453125,0.01732213795185089,320,1
eeg,hemisphere,within,30,1,0.6031249761581421,0.56484375,0.02686182654290715,0.03828122615814211,0.14285714285714285,0.546875,0.35546875149011614,0.2587621510028839,320,1
eeg,hemisphere,within,30,2,0.5062500238418579,0.4875,0.02586397856103919,0.01875002384185792,0.19047619047619047,0.546875,0.48906250298023224,0.02252640761435032,320,1
eeg,hemisphere,within,30,3,0.574999988079071,0.5653125017881393,0.024919794729765014,0.009687486290931746,0.42857142857142855,0.596875011920929,0.30093750059604646,0.2077244520187378,320,1
eeg,hemisphere,within,30,4,0.5531250238418579,0.5525000050663949,0.026100773030415376,0.0006250187754630598,0.5714285714285714,0.5531250238418579,0.3562499970197678,0.21432164311408997,320,1
eeg_gaze,eccentricity,loso,5,0,0.5318182110786438,0.5329545512795448,0.0300438764084629,-0.0011363402009010315,0.6190476190476191,0.5318182110786438,0.3588636338710785,0.7283504009246826,220,1
eeg_gaze,eccentricity,loso,5,1,0.5071770548820496,0.49952153116464615,0.03264125716547573,0.007655523717403412,0.42857142857142855,0.5263158082962036,0.43971292227506636,0.7996453642845154,209,1
eeg_gaze,eccentricity,loso,5,2,0.6363636255264282,0.5045454487204551,0.030660768876113006,0.13181817680597308,0.047619047619047616,0.5272727012634277,0.4554545432329178,0.614560067653656,220,1
eeg_gaze,eccentricity,loso,5,3,0.5409091114997864,0.5336363643407822,0.02394035697973125,0.007272747159004167,0.5238095238095238,0.5181818008422852,0.40954545736312864,0.5106348991394043,220,1
eeg_gaze,eccentricity,loso,5,4,0.6636363863945007,0.5368181839585304,0.029384173798607013,0.1268182024359703,0.047619047619047616,0.5363636612892151,0.4063636392354965,0.5145094990730286,220,1
eeg_gaze,eccentricity,loso,5,5,0.5409091114997864,0.5334090948104858,0.033626387912903656,0.007500016689300559,0.5714285714285714,0.4909090995788574,0.4029545471072197,0.49817952513694763,220,1
eeg_gaze,eccentricity,loso,5,6,0.5772727131843567,0.5040909066796303,0.02489232954415835,0.07318180650472639,0.047619047619047616,0.5,0.43772727996110916,0.6688107848167419,220,1
eeg_gaze,eccentricity,loso,5,7,0.5863636136054993,0.5002272725105286,0.023683298158490327,0.0861363410949707,0.047619047619047616,0.5090909004211426,0.3684090942144394,0.8609151840209961,220,1
eeg_gaze,eccentricity,loso,5,8,0.5681818127632141,0.5213636368513107,0.029566427295635397,0.046818175911903404,0.14285714285714285,0.5681818127632141,0.3595454528927803,0.5787092447280884,220,1
eeg_gaze,eccentricity,loso,5,9,0.6272727251052856,0.5300000086426735,0.027212054652454253,0.09727271646261215,0.047619047619047616,0.5590909123420715,0.4345454528927803,0.4659557640552521,220,1
eeg_gaze,eccentricity,loso,5,10,0.5454545617103577,0.5038636326789856,0.0199314454944851,0.04159092903137207,0.047619047619047616,0.5545454621315002,0.24931818023324012,0.6707620024681091,220,1
eeg_gaze,eccentricity,loso,5,11,0.5681818127632141,0.5172727227210998,0.032128359165877696,0.0509090900421143,0.09523809523809523,0.47727271914482117,0.46500000059604646,0.4307716190814972,220,1
eeg_gaze,eccentricity,loso,5,12,0.6136363744735718,0.5290909141302109,0.02743889201271008,0.08454546034336086,0.047619047619047616,0.5272727012634277,0.38454545438289645,0.6378771662712097,220,1
eeg_gaze,eccentricity,loso,5,13,0.5681818127632141,0.5013636365532875,0.042594087100874964,0.06681817620992658,0.14285714285714285,0.5,0.42772727459669113,0.6166666746139526,220,1
eeg_gaze,eccentricity,loso,5,14,0.6272727251052856,0.514090909063816,0.028090033457626333,0.1131818160414696,0.047619047619047616,0.5227272510528564,0.41909091025590894,0.6391279101371765,220,1
eeg_gaze,eccentricity,loso,5,15,0.6227272748947144,0.5343181863427162,0.029753634133226098,0.08840908855199814,0.047619047619047616,0.5681818127632141,0.3547727271914482,0.9273117780685425,220,1
eeg_gaze,eccentricity,within,5,0,0.5860795378684998,0.4907954543828964,0.006159204925279067,0.09528408348560335,0.047619047619047616,0.44943180680274963,0.3945454552769661,0.6945770382881165,3520,1
eeg_gaze,eccentricity,within,5,1,0.5894886255264282,0.5061931818723678,0.009085400545650607,0.08329544365406039,0.047619047619047616,0.5178977251052856,0.4170738607645035,0.7462618350982666,3520,1
eeg_gaze,eccentricity,within,5,2,0.5923295617103577,0.5164630711078644,0.006369267093730476,0.07586649060249329,0.047619047619047616,0.4855113625526428,0.39518466144800185,0.7055805325508118,3520,1
eeg_gaze,eccentricity,within,5,3,0.5777587294578552,0.5243567764759064,0.007372978253522252,0.05340195298194883,0.047619047619047616,0.5526015162467957,0.35991995632648466,0.5167522430419922,3498,1
eeg_gaze,eccentricity,within,5,4,0.5696022510528564,0.47553977370262146,0.005092205399119839,0.09406247735023499,0.047619047619047616,0.47642046213150024,0.4482670471072197,0.5262187123298645,3520,1
eeg_gaze,eccentricity,loso,10,0,0.5199999809265137,0.5109999984502792,0.052621290218862166,0.008999982476234458,0.47619047619047616,0.550000011920929,0.45199999809265134,0.23956400156021118,100,1
eeg_gaze,eccentricity,loso,10,1,0.5368421077728271,0.5399999991059303,0.04824911965470742,-0.00315789133310318,0.5238095238095238,0.5789473652839661,0.463157893717289,0.34740981459617615,95,1
eeg_gaze,eccentricity,loso,10,2,0.6700000166893005,0.5384999975562096,0.05614936148298897,0.13150001913309095,0.047619047619047616,0.5,0.4724999964237213,0.31115633249282837,100,1
eeg_gaze,eccentricity,loso,10,3,0.5400000214576721,0.509999991953373,0.038858717443091634,0.03000002950429914,0.2857142857142857,0.5299999713897705,0.36899999976158143,0.23408986628055573,100,1
eeg_gaze,eccentricity,loso,10,4,0.6299999952316284,0.5164999976754189,0.04901785491586912,0.11349999755620954,0.047619047619047616,0.49000000953674316,0.41549999862909315,0.2730645537376404,100,1
eeg_gaze,eccentricity,loso,10,5,0.5600000023841858,0.4994999960064888,0.04080134703306656,0.06050000637769698,0.09523809523809523,0.5299999713897705,0.450500001013279,0.33100050687789917,100,1
eeg_gaze,eccentricity,loso,10,6,0.5799999833106995,0.4939999967813492,0.04619523359963374,0.08599998652935026,0.09523809523809523,0.46000000834465027,0.43099999874830247,0.19802045822143555,100,1
eeg_gaze,eccentricity,loso,10,7,0.5199999809265137,0.5309999912977219,0.040975599276530265,-0.011000010371208235,0.6190476190476191,0.5299999713897705,0.3270000025629997,0.632815957069397,100,1
eeg_gaze,eccentricity,loso,10,8,0.5400000214576721,0.5049999967217446,0.056347138427260544,0.03500002473592756,0.38095238095238093,0.5099999904632568,0.41199999749660493,0.270126074552536,100,1
eeg_gaze,eccentricity,loso,10,9,0.5899999737739563,0.5145000010728836,0.053242370646577865,0.07549997270107267,0.14285714285714285,0.5099999904632568,0.42349999994039533,0.3119014799594879,100,1
eeg_gaze,eccentricity,loso,10,10,0.6700000166893005,0.5129999950528145,0.04970915539233301,0.15700002163648608,0.047619047619047616,0.5400000214576721,0.369999997317791,0.29843297600746155,100,1
eeg_gaze,eccentricity,loso,10,11,0.7200000286102295,0.5029999941587449,0.04087785909143804,0.21700003445148464,0.047619047619047616,0.49000000953674316,0.47199999541044235,0.387406587600708,100,1
eeg_gaze,eccentricity,loso,10,12,0.5,0.5159999951720238,0.05721887338480395,-0.015999995172023773,0.6666666666666666,0.6000000238418579,0.4469999998807907,0.2684820890426636,100,1
eeg_gaze,eccentricity,loso,10,13,0.46000000834465027,0.5259999960660935,0.03292415536769154,-0.06599998772144322,1.0,0.5199999809265137,0.4689999982714653,0.38082242012023926,100,1
eeg_gaze,eccentricity,loso,10,14,0.6299999952316284,0.5284999966621399,0.04430293672183778,0.10149999856948855,0.09523809523809523,0.550000011920929,0.4135000005364418,0.30703476071357727,100,1
eeg_gaze,eccentricity,loso,10,15,0.6000000238418579,0.560499994456768,0.03930331054911636,0.039500029385089896,0.23809523809523808,0.5199999809265137,0.24149999991059304,0.7725802063941956,100,1
eeg_gaze,eccentricity,within,10,0,0.6200000047683716,0.5035312518477439,0.010983432822474343,0.11646875292062764,0.047619047619047616,0.4806250035762787,0.4340312510728836,0.5135441422462463,1600,1
eeg_gaze,eccentricity,within,10,1,0.596875011920929,0.48796875178813937,0.012210518384677753,0.10890626013278959,0.047619047619047616,0.43937501311302185,0.44240625351667406,0.40867745876312256,1600,1
eeg_gaze,eccentricity,within,10,2,0.6431249976158142,0.5150937467813492,0.00987870960222152,0.12803125083446498,0.047619047619047616,0.5699999928474426,0.44190624803304673,0.44950106739997864,1600,1
eeg_gaze,eccentricity,within,10,3,0.5823899507522583,0.5450314432382584,0.00953489811899007,0.03735850751399994,0.047619047619047616,0.5402515530586243,0.3732075482606888,0.469268262386322,1590,1
eeg_gaze,eccentricity,within,10,4,0.6037499904632568,0.4779062494635582,0.011781332163215781,0.12584374099969864,0.047619047619047616,0.4712499976158142,0.48503125458955765,0.2834373116493225,1600,1
eeg_gaze,eccentricity,loso,15,0,0.5,0.5558333322405815,0.05992471667623585,-0.05583333224058151,0.9047619047619048,0.6166666746139526,0.41583333164453506,0.46774622797966003,60,1
eeg_gaze,eccentricity,loso,15,1,0.7719298005104065,0.49298246055841444,0.06125295081495244,0.27894733995199206,0.047619047619047616,0.38596490025520325,0.4649122849106789,0.1634225845336914,57,1
eeg_gaze,eccentricity,loso,15,2,0.6666666865348816,0.5083333313465118,0.05857094729321394,0.15833335518836977,0.047619047619047616,0.5833333134651184,0.48999999910593034,0.14719833433628082,60,1
eeg_gaze,eccentricity,loso,15,3,0.6666666865348816,0.5400000005960465,0.05066228494342305,0.12666668593883512,0.047619047619047616,0.5166666507720947,0.46499999761581423,0.10945579409599304,60,1
eeg_gaze,eccentricity,loso,15,4,0.5333333611488342,0.4841666653752327,0.0684095139584757,0.049166695773601554,0.2857142857142857,0.44999998807907104,0.4891666635870934,0.10299975425004959,60,1
eeg_gaze,eccentricity,loso,15,5,0.6333333253860474,0.5233333334326744,0.05410894432463418,0.10999999195337296,0.09523809523809523,0.550000011920929,0.4683333307504654,0.1390211582183838,60,1
eeg_gaze,eccentricity,loso,15,6,0.7166666388511658,0.5174999997019768,0.06759252991150733,0.19916663914918897,0.047619047619047616,0.550000011920929,0.4658333271741867,0.16111473739147186,60,1
eeg_gaze,eccentricity,loso,15,7,0.699999988079071,0.5049999997019767,0.05703313495476541,0.1949999883770943,0.047619047619047616,0.5166666507720947,0.46666666567325593,0.1857343316078186,60,1
eeg_gaze,eccentricity,loso,15,8,0.5833333134651184,0.48166666030883787,0.07009913498258981,0.10166665315628054,0.19047619047619047,0.6333333253860474,0.44666666686534884,0.13092470169067383,60,1
eeg_gaze,eccentricity,loso,15,9,0.6499999761581421,0.5074999958276749,0.05639025679237074,0.14249998033046718,0.047619047619047616,0.6000000238418579,0.4575000017881393,0.14296984672546387,60,1
eeg_gaze,eccentricity,loso,15,10,0.8166666626930237,0.5108333259820939,0.06374318928219891,0.3058333367109298,0.047619047619047616,0.4333333373069763,0.4208333373069763,0.1606115996837616,60,1
eeg_gaze,eccentricity,loso,15,11,0.6333333253860474,0.5216666683554649,0.04918785540794373,0.11166665703058243,0.047619047619047616,0.5333333611488342,0.5050000041723252,0.19089524447917938,60,1
eeg_gaze,eccentricity,loso,15,12,0.550000011920929,0.4991666615009308,0.0717780166836648,0.05083335041999815,0.3333333333333333,0.550000011920929,0.4841666713356972,0.18388120830059052,60,1
eeg_gaze,eccentricity,loso,15,13,0.4166666567325592,0.5008333310484886,0.04929362530517276,-0.08416667431592939,0.9523809523809523,0.6666666865348816,0.4808333307504654,0.1654597371816635,60,1
eeg_gaze,eccentricity,loso,15,14,0.6666666865348816,0.47916667014360426,0.0638738008225578,0.18750001639127734,0.047619047619047616,0.5166666507720947,0.45083333253860475,0.14681300520896912,60,1
eeg_gaze,eccentricity,loso,15,15,0.6833333373069763,0.5041666626930237,0.0507923316927696,0.17916667461395264,0.047619047619047616,0.5166666507720947,0.4441666632890701,0.13008567690849304,60,1
eeg_gaze,eccentricity,within,15,0,0.578125,0.4998437464237213,0.011950936110104457,0.07828125357627869,0.047619047619047616,0.5,0.45609374791383744,0.28113341331481934,960,1
eeg_gaze,eccentricity,within,15,1,0.6447916626930237,0.505520835518837,0.018045507424401988,0.1392708271741867,0.047619047619047616,0.5458333492279053,0.4747916653752327,0.2601623833179474,960,1
eeg_gaze,eccentricity,within,15,2,0.6697916388511658,0.5279687434434891,0.01632884908753998,0.14182289540767667,0.047619047619047616,0.6333333253860474,0.4632812485098839,0.21812957525253296,960,1
eeg_gaze,eccentricity,within,15,3,0.6708595156669617,0.5110062927007675,0.01797166583318663,0.1598532229661942,0.047619047619047616,0.5838574171066284,0.4889937102794647,0.1417643278837204,954,1
eeg_gaze,eccentricity,within,15,4,0.6541666388511658,0.49354166686534884,0.015158302916674906,0.16062497198581693,0.047619047619047616,0.4333333373069763,0.4828124985098839,0.21080096065998077,960,1
eeg_gaze,eccentricity,loso,20,0,0.4749999940395355,0.4574999988079071,0.09781999056595399,0.01749999523162843,0.5238095238095238,0.4000000059604645,0.45499999821186066,0.32343754172325134,40,1
eeg_gaze,eccentricity,loso,20,1,0.5263158082962036,0.5657894715666771,0.07872775754943377,-0.039473663270473525,0.8095238095238095,0.6578947305679321,0.4473684251308441,0.1702091246843338,38,1
eeg_gaze,eccentricity,loso,20,2,0.625,0.5124999955296516,0.08234834541476564,0.11250000447034836,0.23809523809523808,0.550000011920929,0.494999997317791,0.10386080294847488,40,1
eeg_gaze,eccentricity,loso,20,3,0.6000000238418579,0.5212499961256981,0.0703895420844298,0.0787500277161598,0.2857142857142857,0.5,0.46375000178813935,0.09142204374074936,40,1
eeg_gaze,eccentricity,loso,20,4,0.6499999761581421,0.5099999994039536,0.04898979801901972,0.13999997675418852,0.047619047619047616,0.5249999761581421,0.4874999925494194,0.09005969017744064,40,1
eeg_gaze,eccentricity,loso,20,5,0.574999988079071,0.4837499991059303,0.0638724316943351,0.09124998897314074,0.14285714285714285,0.42500001192092896,0.4862500011920929,0.0937274917960167,40,1
eeg_gaze,eccentricity,loso,20,6,0.75,0.49874999821186067,0.0509135322262234,0.25125000178813933,0.047619047619047616,0.5,0.46874999850988386,0.16406086087226868,40,1
eeg_gaze,eccentricity,loso,20,7,0.7250000238418579,0.5212499991059303,0.09977318179861237,0.20375002473592763,0.047619047619047616,0.5249999761581421,0.488749997317791,0.21703337132930756,40,1
eeg_gaze,eccentricity,loso,20,8,0.699999988079071,0.48875000029802323,0.08641289211650162,0.2112499877810478,0.047619047619047616,0.550000011920929,0.3837499961256981,0.09075730293989182,40,1
eeg_gaze,eccentricity,loso,20,9,0.574999988079071,0.511250002682209,0.06445686865251579,0.06374998539686205,0.23809523809523808,0.550000011920929,0.5087499976158142,0.12803271412849426,40,1
eeg_gaze,eccentricity,loso,20,10,0.7250000238418579,0.503749993443489,0.06086614501328826,0.22125003039836888,0.047619047619047616,0.5,0.37625000104308126,0.06910249590873718,40,1
eeg_gaze,eccentricity,loso,20,11,0.4749999940395355,0.49249999672174455,0.06712861098490207,-0.017500002682209026,0.6666666666666666,0.375,0.4924999937415123,0.07794114202260971,40,1
eeg_gaze,eccentricity,loso,20,12,0.574999988079071,0.5000000014901161,0.08403868254508097,0.0749999865889549,0.3333333333333333,0.44999998807907104,0.47999999672174454,0.1496521234512329,40,1
eeg_gaze,eccentricity,loso,20,13,0.5,0.5087500020861626,0.08149961953919213,-0.008750002086162612,0.6190476190476191,0.5,0.42374999821186066,0.29858502745628357,40,1
eeg_gaze,eccentricity,loso,20,14,0.675000011920929,0.5187499955296516,0.0778118735646316,0.15625001639127734,0.09523809523809523,0.5,0.4337500035762787,0.11756458878517151,40,1
eeg_gaze,eccentricity,loso,20,15,0.6000000238418579,0.5349999994039536,0.08381527456460254,0.06500002443790431,0.42857142857142855,0.5,0.4624999940395355,0.1606302261352539,40,1
eeg_gaze,eccentricity,within,20,0,0.612500011920929,0.49617187976837157,0.017852718870915704,0.11632813215255738,0.047619047619047616,0.4765625,0.47648437321186066,0.1450951099395752,640,1
eeg_gaze,eccentricity,within,20,1,0.653124988079071,0.5050781190395355,0.012041133708334636,0.14804686903953557,0.047619047619047616,0.5249999761581421,0.48664062917232515,0.16994693875312805,640,1
eeg_gaze,eccentricity,within,20,2,0.526562511920929,0.4873437523841858,0.015678814347414742,0.03921875953674314,0.047619047619047616,0.44999998807907104,0.4357812464237213,0.2872549891471863,640,1
eeg_gaze,eccentricity,within,20,3,0.6588050127029419,0.5086478069424629,0.01589917363672739,0.15015720576047897,0.047619047619047616,0.45597484707832336,0.4750000014901161,0.1506330668926239,636,1
eeg_gaze,eccentricity,within,20,4,0.6640625,0.47625000178813937,0.016121788917374605,0.18781249821186063,0.047619047619047616,0.40156251192092896,0.4923437491059303,0.1294552981853485,640,1
eeg_gaze,eccentricity,loso,30,0,0.3499999940395355,0.4675000011920929,0.09256754558007209,-0.11750000715255737,0.9523809523809523,0.6000000238418579,0.48749999701976776,0.002722509205341339,20,1
eeg_gaze,eccentricity,loso,30,1,0.6315789222717285,0.49736842662096026,0.09337470990548247,0.13421049565076826,0.14285714285714285,0.5263158082962036,0.39736841768026354,0.10684062540531158,19,1
eeg_gaze,eccentricity,loso,30,2,0.44999998807907104,0.5250000029802322,0.10185774408361169,-0.07500001490116115,0.8571428571428571,0.6000000238418579,0.3349999990314245,0.21618258953094482,20,1
eeg_gaze,eccentricity,loso,30,3,0.550000011920929,0.5074999988079071,0.09390819868074912,0.04250001311302187,0.42857142857142855,0.550000011920929,0.46250000074505804,0.17167456448078156,20,1
eeg_gaze,eccentricity,loso,30,4,0.699999988079071,0.5225000023841858,0.09148087287148142,0.17749998569488523,0.047619047619047616,0.5,0.4725000008940697,0.08068502694368362,20,1
eeg_gaze,eccentricity,loso,30,5,0.4000000059604645,0.45499999821186066,0.1071214265116067,-0.05499999225139618,0.7619047619047619,0.4000000059604645,0.4600000023841858,0.0178374033421278,20,1
eeg_gaze,eccentricity,loso,30,6,0.4000000059604645,0.46249999701976774,0.0998436239328325,-0.06249999105930326,0.8095238095238095,0.4000000059604645,0.38749999850988387,0.1586567908525467,20,1
eeg_gaze,eccentricity,loso,30,7,0.44999998807907104,0.4675000011920929,0.11755318206636522,-0.01750001311302185,0.5714285714285714,0.5,0.4574999988079071,0.014881801791489124,20,1
eeg_gaze,eccentricity,loso,30,8,0.550000011920929,0.522500005364418,0.087285451574845,0.02750000655651097,0.5714285714285714,0.550000011920929,0.29750000052154063,0.2977900505065918,20,1
eeg_gaze,eccentricity,loso,30,9,0.44999998807907104,0.5200000032782555,0.10653638136488135,-0.07000001519918442,0.7619047619047619,0.4000000059604645,0.4449999988079071,0.015992315486073494,20,1
eeg_gaze,eccentricity,loso,30,10,0.699999988079071,0.5099999964237213,0.10677077783102547,0.18999999165534975,0.047619047619047616,0.44999998807907104,0.3650000013411045,0.11266682296991348,20,1
eeg_gaze,eccentricity,loso,30,11,0.5,0.4575000017881393,0.10638961626970553,0.04249999821186068,0.47619047619047616,0.550000011920929,0.3925000034272671,0.2204430252313614,20,1
eeg_gaze,eccentricity,loso,30,12,0.6499999761581421,0.5375000059604644,0.07395099829624865,0.11249997019767766,0.14285714285714285,0.6499999761581421,0.28250000104308126,0.28737759590148926,20,1
eeg_gaze,eccentricity,loso,30,13,0.550000011920929,0.5574999988079071,0.10280442475720956,-0.007499986886978172,0.6190476190476191,0.550000011920929,0.32750000096857546,0.3303445875644684,20,1
eeg_gaze,eccentricity,loso,30,14,0.6499999761581421,0.5500000044703484,0.11067971420153239,0.09999997168779373,0.2857142857142857,0.699999988079071,0.37499999776482584,0.23584766685962677,20,1
eeg_gaze,eccentricity,loso,30,15,0.6499999761581421,0.5325000002980232,0.11211043294879393,0.11749997586011884,0.2857142857142857,0.550000011920929,0.4224999964237213,0.10348872095346451,20,1
eeg_gaze,eccentricity,within,30,0,0.53125,0.4746874988079071,0.02584320217374388,0.056562501192092884,0.047619047619047616,0.596875011920929,0.47312500029802323,0.17633876204490662,320,1
eeg_gaze,eccentricity,within,30,1,0.47187501192092896,0.48921875059604647,0.0346927805400626,-0.017343738675117515,0.7619047619047619,0.484375,0.47703125327825546,0.01403806172311306,320,1
eeg_gaze,eccentricity,within,30,2,0.606249988079071,0.5193750008940696,0.024218246016339096,0.08687498718500142,0.047619047619047616,0.49687498807907104,0.44437499940395353,0.10649684071540833,320,1
eeg_gaze,eccentricity,within,30,3,0.5377358198165894,0.5055031448602676,0.025660741062827414,0.03223267495632176,0.19047619047619047,0.553459107875824,0.45267295837402344,0.1943121999502182,318,1
eeg_gaze,eccentricity,within,30,4,0.6468750238418579,0.5096875011920929,0.025462517955876302,0.13718752264976497,0.047619047619047616,0.5,0.48281249552965166,0.08182193338871002,320,1
eeg_gaze,hemisphere,loso,5,0,0.5227272510528564,0.47659090608358384,0.033871260089992306,0.0461363449692726,0.09523809523809523,0.5090909004211426,0.39659090638160704,0.7273884415626526,220,1
eeg_gaze,hemisphere,loso,5,1,0.7703348994255066,0.4803827732801437,0.0332664897131275,0.28995212614536287,0.047619047619047616,0.46889951825141907,0.47751196324825285,0.647898256778717,209,1
eeg_gaze,hemisphere,loso,5,2,0.6863636374473572,0.49318181574344633,0.021870203336751853,0.19318182170391085,0.047619047619047616,0.5045454502105713,0.4381818205118179,0.946985125541687,220,1
eeg_gaze,hemisphere,loso,5,3,0.8409090638160706,0.4947727307677269,0.029988811697171387,0.3461363330483437,0.047619047619047616,0.5045454502105713,0.4697727248072624,0.8343849182128906,220,1
eeg_gaze,hemisphere,loso,5,4,0.7954545617103577,0.48840909004211425,0.03498745275010803,0.3070454716682434,0.047619047619047616,0.5,0.47977272272109983,0.6755350828170776,220,1
eeg_gaze,hemisphere,loso,5,5,0.6181818246841431,0.4765909031033516,0.04312854942611152,0.14159092158079145,0.047619047619047616,0.5,0.4888636350631714,0.9197544455528259,220,1
eeg_gaze,hemisphere,loso,5,6,0.6727272868156433,0.5052272722125053,0.02494933367513858,0.16750001460313801,0.047619047619047616,0.4954545497894287,0.4770454570651054,0.9607577323913574,220,1
eeg_gaze,hemisphere,loso,5,7,0.5090909004211426,0.5068181738257408,0.022795350004150627,0.002272726595401786,0.5714285714285714,0.5,0.30681818127632143,0.8535824418067932,220,1
eeg_gaze,hemisphere,loso,5,8,0.7227272987365723,0.49545454531908034,0.03419680786839396,0.22727275341749192,0.047619047619047616,0.4318181872367859,0.4749999985098839,0.6312961578369141,220,1
eeg_gaze,hemisphere,loso,5,9,0.7045454382896423,0.4902272716164589,0.03288079248404737,0.21431816667318343,0.047619047619047616,0.48636364936828613,0.4511363640427589,0.9610322117805481,220,1
eeg_gaze,hemisphere,loso,5,10,0.5909090638160706,0.48772727251052855,0.023181818688620175,0.103181791305542,0.047619047619047616,0.5045454502105713,0.45818181782960893,0.6148357391357422,220,1
eeg_gaze,hemisphere,loso,5,11,0.5909090638160706,0.4913636326789856,0.024933792637193333,0.09954543113708497,0.047619047619047616,0.5681818127632141,0.41909090876579286,0.4945182502269745,220,1
eeg_gaze,hemisphere,loso,5,12,0.6636363863945007,0.4849999964237213,0.02768998578745065,0.1786363899707794,0.047619047619047616,0.47727271914482117,0.4299999997019768,0.6012798547744751,220,1
eeg_gaze,hemisphere,loso,5,13,0.44545453786849976,0.49500000327825544,0.025385460103578415,-0.049545465409755685,1.0,0.4909090995788574,0.26499999538064,0.6098365783691406,220,1
eeg_gaze,hemisphere,loso,5,14,0.9045454263687134,0.49181818068027494,0.03326576775889441,0.41272724568843844,0.047619047619047616,0.5318182110786438,0.48909091055393217,0.7897018790245056,220,1
eeg_gaze,hemisphere,loso,5,15,0.7318181991577148,0.511590912938118,0.03545673385177985,0.22022728621959686,0.047619047619047616,0.5681818127632141,0.46431818008422854,0.526639997959137,220,1
eeg_gaze,hemisphere,within,5,0,0.7309659123420715,0.5066335141658783,0.009691733722701035,0.22433239817619322,0.047619047619047616,0.5045454502105713,0.4616335242986679,0.6233524680137634,3520,1
eeg_gaze,hemisphere,within,5,1,0.7363636493682861,0.5080681800842285,0.010704760545304297,0.22829546928405764,0.047619047619047616,0.5360795259475708,0.4870170444250107,0.6701819896697998,3520,1
eeg_gaze,hemisphere,within,5,2,0.7011363506317139,0.5029119372367858,0.008851100604991738,0.19822441339492802,0.047619047619047616,0.5309659242630005,0.483338063955307,0.9621573686599731,3520,1
eeg_gaze,hemisphere,within,5,3,0.6898227334022522,0.5025300204753875,0.006904570005989999,0.18729271292686467,0.047619047619047616,0.5042881369590759,0.4794311061501503,0.7186919450759888,3498,1
eeg_gaze,hemisphere,within,5,4,0.690625011920929,0.5038068205118179,0.006061462279598152,0.18681819140911105,0.047619047619047616,0.4636363685131073,0.46411931961774827,0.6184558868408203,3520,1
eeg_gaze,hemisphere,loso,10,0,0.5899999737739563,0.4955000013113022,0.034128438938746536,0.09449997246265412,0.09523809523809523,0.5,0.317500002682209,0.25887787342071533,100,1
eeg_gaze,hemisphere,loso,10,1,0.8842105269432068,0.502105264365673,0.04836381081836923,0.38210526257753374,0.047619047619047616,0.46315789222717285,0.49368421286344527,0.22491511702537537,95,1
eeg_gaze,hemisphere,loso,10,2,0.7599999904632568,0.49200000017881396,0.05706137585446788,0.2679999902844429,0.047619047619047616,0.3799999952316284,0.444999997317791,0.6618456244468689,100,1
eeg_gaze,hemisphere,loso,10,3,0.7599999904632568,0.4954999938607216,0.043182748945196046,0.26449999660253526,0.047619047619047616,0.5299999713897705,0.3924999967217445,0.7414713501930237,100,1
eeg_gaze,hemisphere,loso,10,4,0.7699999809265137,0.4950000002980232,0.05014977583293243,0.27499998062849046,0.047619047619047616,0.49000000953674316,0.45299999713897704,0.47010287642478943,100,1
eeg_gaze,hemisphere,loso,10,5,0.6899999976158142,0.5094999983906746,0.05361669579088416,0.1804999992251396,0.047619047619047616,0.46000000834465027,0.4724999964237213,0.4873814284801483,100,1
eeg_gaze,hemisphere,loso,10,6,0.7400000095367432,0.5019999951124191,0.046968067986569335,0.23800001442432406,0.047619047619047616,0.5600000023841858,0.4839999943971634,0.24472308158874512,100,1
eeg_gaze,hemisphere,loso,10,7,0.5799999833106995,0.48799999952316286,0.052877219212182566,0.0919999837875366,0.09523809523809523,0.4399999976158142,0.49699999690055846,0.3314443826675415,100,1
eeg_gaze,hemisphere,loso,10,8,0.5899999737739563,0.4990000009536743,0.04369210517198275,0.090999972820282,0.09523809523809523,0.5299999713897705,0.4149999961256981,0.548655092716217,100,1
eeg_gaze,hemisphere,loso,10,9,0.6899999976158142,0.48750000149011613,0.05982265537123538,0.20249999612569808,0.047619047619047616,0.46000000834465027,0.42449999749660494,0.36156269907951355,100,1
eeg_gaze,hemisphere,loso,10,10,0.6000000238418579,0.5284999936819077,0.04585575226311994,0.07150003015995021,0.14285714285714285,0.5099999904632568,0.4914999961853027,0.4977065622806549,100,1
eeg_gaze,hemisphere,loso,10,11,0.6100000143051147,0.48599999994039533,0.03839270883012086,0.12400001436471941,0.047619047619047616,0.4699999988079071,0.3939999982714653,0.5120968222618103,100,1
eeg_gaze,hemisphere,loso,10,12,0.7599999904632568,0.5074999958276749,0.04794527832124739,0.2524999946355819,0.047619047619047616,0.4399999976158142,0.4614999949932098,0.32959675788879395,100,1
eeg_gaze,hemisphere,loso,10,13,0.44999998807907104,0.5024999961256981,0.03519588127481349,-0.05250000804662702,0.9523809523809523,0.4300000071525574,0.3014999985694885,0.41323286294937134,100,1
eeg_gaze,hemisphere,loso,10,14,0.9100000262260437,0.4929999977350235,0.05080354688391593,0.4170000284910202,0.047619047619047616,0.5400000214576721,0.492999991774559,0.6156207323074341,100,1
eeg_gaze,hemisphere,loso,10,15,0.7900000214576721,0.5114999949932099,0.04798697150760106,0.27850002646446226,0.047619047619047616,0.5,0.49750000089406965,0.4407283365726471,100,1
eeg_gaze,hemisphere,within,10,0,0.7574999928474426,0.5147812515497208,0.012303579850683262,0.24271874129772186,0.047619047619047616,0.4906249940395355,0.4682812482118607,0.33846670389175415,1600,1
eeg_gaze,hemisphere,within,10,1,0.7549999952316284,0.5094375014305115,0.011370710694750166,0.24556249380111694,0.047619047619047616,0.5006250143051147,0.47737500071525574,0.23045046627521515,1600,1
eeg_gaze,hemisphere,within,10,2,0.7024999856948853,0.5135937511920929,0.014496598256271052,0.18890623450279231,0.047619047619047616,0.5699999928474426,0.46821875125169754,0.7370003461837769,1600,1
eeg_gaze,hemisphere,within,10,3,0.6974842548370361,0.5133333280682564,0.010266419302645467,0.18415092676877975,0.047619047619047616,0.5798742175102234,0.44371069222688675,0.7521212100982666,1590,1
eeg_gaze,hemisphere,within,10,4,0.6962500214576721,0.5134999990463257,0.016044861809780583,0.1827500224113464,0.047619047619047616,0.5774999856948853,0.4892499968409538,0.6095937490463257,1600,1
eeg_gaze,hemisphere,loso,15,0,0.6499999761581421,0.5066666692495346,0.04983305823395021,0.14333330690860746,0.047619047619047616,0.6000000238418579,0.419999997317791,0.24239595234394073,60,1
eeg_gaze,hemisphere,loso,15,1,0.859649121761322,0.49473685026168823,0.04694417178341259,0.3649122714996338,0.047619047619047616,0.5614035129547119,0.4824561432003975,0.13680729269981384,57,1
eeg_gaze,hemisphere,loso,15,2,0.7833333611488342,0.508333332836628,0.04958158766120712,0.27500002831220627,0.047619047619047616,0.6333333253860474,0.3799999997019768,0.5039241909980774,60,1
eeg_gaze,hemisphere,loso,15,3,0.800000011920929,0.5141666755080223,0.06877398774555249,0.28583333641290665,0.047619047619047616,0.46666666865348816,0.4325000002980232,0.2885131239891052,60,1
eeg_gaze,hemisphere,loso,15,4,0.7666666507720947,0.5400000020861626,0.06132789821812511,0.22666664868593212,0.047619047619047616,0.44999998807907104,0.430000002682209,0.14729633927345276,60,1
eeg_gaze,hemisphere,loso,15,5,0.7333333492279053,0.5416666686534881,0.056886828412889175,0.19166668057441716,0.047619047619047616,0.6000000238418579,0.4183333307504654,0.5029991865158081,60,1
eeg_gaze,hemisphere,loso,15,6,0.6666666865348816,0.5433333352208137,0.04636809517696144,0.12333335131406786,0.047619047619047616,0.6000000238418579,0.4383333295583725,0.5046660304069519,60,1
eeg_gaze,hemisphere,loso,15,7,0.7333333492279053,0.5158333331346512,0.05880169193699814,0.2175000160932541,0.047619047619047616,0.5166666507720947,0.46583333164453505,0.4058169722557068,60,1
eeg_gaze,hemisphere,loso,15,8,0.7166666388511658,0.5041666641831398,0.05599479379731812,0.21249997466802595,0.047619047619047616,0.6000000238418579,0.42249999940395355,0.6866152882575989,60,1
eeg_gaze,hemisphere,loso,15,9,0.5833333134651184,0.5033333361148834,0.04236089063111344,0.07999997735023501,0.09523809523809523,0.5,0.41333333104848863,0.45473116636276245,60,1
eeg_gaze,hemisphere,loso,15,10,0.5833333134651184,0.4825000002980232,0.06356864817418424,0.1008333131670952,0.09523809523809523,0.5,0.40583333373069763,0.3346085250377655,60,1
eeg_gaze,hemisphere,loso,15,11,0.5666666626930237,0.486666664481163,0.059535241125335155,0.07999999821186066,0.14285714285714285,0.5833333134651184,0.3716666653752327,0.24781857430934906,60,1
eeg_gaze,hemisphere,loso,15,12,0.6833333373069763,0.5149999976158142,0.058901994615019534,0.16833333969116215,0.047619047619047616,0.5833333134651184,0.3383333384990692,0.46976742148399353,60,1
eeg_gaze,hemisphere,loso,15,13,0.4833333194255829,0.5241666674613953,0.047864100993775804,-0.0408333480358124,0.8095238095238095,0.6166666746139526,0.30583333522081374,0.3954610526561737,60,1
eeg_gaze,hemisphere,loso,15,14,0.8500000238418579,0.5041666597127914,0.0768972939722293,0.3458333641290665,0.047619047619047616,0.5,0.45416666865348815,0.587458074092865,60,1
eeg_gaze,hemisphere,loso,15,15,0.7166666388511658,0.517500002682209,0.06529314720892056,0.1991666361689568,0.047619047619047616,0.4833333194255829,0.47416666746139524,0.21684004366397858,60,1
eeg_gaze,hemisphere,within,15,0,0.7208333611488342,0.5127604201436042,0.016214157511447252,0.20807294100523,0.047619047619047616,0.5177083611488342,0.46890625059604646,0.17861191928386688,960,1
eeg_gaze,hemisphere,within,15,1,0.7562500238418579,0.5142187461256981,0.01743749412536413,0.24203127771615984,0.047619047619047616,0.6333333253860474,0.47880208790302276,0.17620033025741577,960,1
eeg_gaze,hemisphere,within,15,2,0.71875,0.5024999976158142,0.01670373189989001,0.2162500023841858,0.047619047619047616,0.5,0.4859375014901161,0.5031700134277344,960,1
eeg_gaze,hemisphere,within,15,3,0.7148846983909607,0.5072327062487603,0.015645860201497257,0.20765199214220043,0.047619047619047616,0.49685534834861755,0.48857441991567613,0.3943006992340088,954,1
eeg_gaze,hemisphere,within,15,4,0.6989583373069763,0.5021874979138374,0.015621176220664673,0.19677083939313889,0.047619047619047616,0.4312500059604645,0.48708333522081376,0.18941625952720642,960,1
eeg_gaze,hemisphere,loso,20,0,0.5249999761581421,0.5050000011920929,0.08162414252983177,0.019999974966049217,0.38095238095238093,0.30000001192092896,0.4199999988079071,0.13807542622089386,40,1
eeg_gaze,hemisphere,loso,20,1,0.8421052694320679,0.5394736841320992,0.07960254211398574,0.3026315852999687,0.047619047619047616,0.4736842215061188,0.41578947454690934,0.2213204801082611,38,1
eeg_gaze,hemisphere,loso,20,2,0.699999988079071,0.5049999952316284,0.06451744148910524,0.19499999284744263,0.047619047619047616,0.5,0.3774999976158142,0.4219301640987396,40,1
eeg_gaze,hemisphere,loso,20,3,0.7250000238418579,0.5462499961256981,0.07469731193099381,0.17875002771615978,0.09523809523809523,0.42500001192092896,0.41624999791383743,0.3018135726451874,40,1
eeg_gaze,hemisphere,loso,20,4,0.824999988079071,0.49749999940395356,0.059634303933526596,0.3274999886751175,0.047619047619047616,0.5,0.4699999988079071,0.20690666139125824,40,1
eeg_gaze,hemisphere,loso,20,5,0.7250000238418579,0.5149999931454659,0.08492643716063301,0.21000003069639206,0.047619047619047616,0.5,0.37750000357627866,0.43672141432762146,40,1
eeg_gaze,hemisphere,loso,20,6,0.550000011920929,0.5324999943375588,0.07870037898767124,0.017500017583370164,0.5238095238095238,0.4749999940395355,0.4550000011920929,0.5187377333641052,40,1
eeg_gaze,hemisphere,loso,20,7,0.4000000059604645,0.5025000020861625,0.07862092571171489,-0.10249999612569805,1.0,0.5,0.5175000041723251,0.38171324133872986,40,1
eeg_gaze,hemisphere,loso,20,8,0.7250000238418579,0.5387499958276749,0.05672025490700732,0.186250028014183,0.047619047619047616,0.550000011920929,0.4137500002980232,0.22376807034015656,40,1
eeg_gaze,hemisphere,loso,20,9,0.699999988079071,0.5212499991059303,0.07797235197240496,0.17874998897314076,0.047619047619047616,0.6000000238418579,0.41375000178813937,0.3595726191997528,40,1
eeg_gaze,hemisphere,loso,20,10,0.574999988079071,0.5025000035762787,0.09113863678268948,0.07249998450279238,0.2857142857142857,0.42500001192092896,0.5024999991059304,0.09977313131093979,40,1
eeg_gaze,hemisphere,loso,20,11,0.6000000238418579,0.49125000089406967,0.07635239027525702,0.10875002294778824,0.19047619047619047,0.574999988079071,0.36624999940395353,0.23631443083286285,40,1
eeg_gaze,hemisphere,loso,20,12,0.6000000238418579,0.5124999955296516,0.07644442664497286,0.08750002831220627,0.19047619047619047,0.375,0.41999999433755875,0.20749077200889587,40,1
eeg_gaze,hemisphere,loso,20,13,0.5,0.49374999701976774,0.054700891149500996,0.006250002980232261,0.7142857142857143,0.4749999940395355,0.20375000089406967,0.2471788227558136,40,1
eeg_gaze,hemisphere,loso,20,14,0.800000011920929,0.49374999701976774,0.07326108983582821,0.3062500149011612,0.047619047619047616,0.6000000238418579,0.5087499991059303,0.3193640410900116,40,1
eeg_gaze,hemisphere,loso,20,15,0.75,0.47999999672174454,0.09171967783756031,0.27000000327825546,0.047619047619047616,0.5,0.5299999952316284,0.18547101318836212,40,1
eeg_gaze,hemisphere,within,20,0,0.7203124761581421,0.48820312321186066,0.01968672007906617,0.23210935294628143,0.047619047619047616,0.5,0.48820312321186066,0.2588406205177307,640,1
eeg_gaze,hemisphere,within,20,1,0.6781250238418579,0.4899999961256981,0.026582715609372868,0.1881250277161598,0.047619047619047616,0.5,0.4715624988079071,0.4434655010700226,640,1
eeg_gaze,hemisphere,within,20,2,0.7406250238418579,0.505078125,0.021946731553590473,0.23554689884185787,0.047619047619047616,0.4749999940395355,0.48835937678813934,0.46681317687034607,640,1
eeg_gaze,hemisphere,within,20,3,0.7264150977134705,0.5256289333105088,0.016810665927353377,0.2007861644029617,0.047619047619047616,0.5959119200706482,0.4720125809311867,0.44007185101509094,636,1
eeg_gaze,hemisphere,within,20,4,0.7578125,0.5155468791723251,0.011791191077823154,0.2422656208276749,0.047619047619047616,0.5249999761581421,0.47539062350988387,0.12801475822925568,640,1
eeg_gaze,hemisphere,loso,30,0,0.6000000238418579,0.492500002682209,0.08104782857714586,0.1075000211596489,0.19047619047619047,0.5,0.4525000050663948,0.2897317111492157,20,1
eeg_gaze,hemisphere,loso,30,1,0.8947368264198303,0.5000000044703483,0.10192061378663564,0.394736821949482,0.047619047619047616,0.5263158082962036,0.46315789967775345,0.1461624950170517,19,1
eeg_gaze,hemisphere,loso,30,2,0.800000011920929,0.4450000047683716,0.1082820437623809,0.35500000715255736,0.047619047619047616,0.4000000059604645,0.4850000038743019,0.3149499297142029,20,1
eeg_gaze,hemisphere,loso,30,3,0.75,0.4699999988079071,0.10049875303818664,0.2800000011920929,0.047619047619047616,0.4000000059604645,0.46500000059604646,0.30069562792778015,20,1
eeg_gaze,hemisphere,loso,30,4,0.8500000238418579,0.48250000178813934,0.11648497809670409,0.36750002205371857,0.047619047619047616,0.5,0.5025000050663948,0.23964211344718933,20,1
eeg_gaze,hemisphere,loso,30,5,0.800000011920929,0.539999994635582,0.09949874122460897,0.26000001728534694,0.047619047619047616,0.6000000238418579,0.4050000011920929,0.3048778772354126,20,1
eeg_gaze,hemisphere,loso,30,6,0.699999988079071,0.4625,0.10473179719812425,0.23749998807907102,0.047619047619047616,0.44999998807907104,0.35250000059604647,0.3597251772880554,20,1
eeg_gaze,hemisphere,loso,30,7,0.44999998807907104,0.4750000014901161,0.10428326757295255,-0.025000013411045074,0.6190476190476191,0.5,0.425,0.24162350594997406,20,1
eeg_gaze,hemisphere,loso,30,8,0.699999988079071,0.5075000017881394,0.1075581224499441,0.19249998629093168,0.14285714285714285,0.5,0.417500002682209,0.18815411627292633,20,1
eeg_gaze,hemisphere,loso,30,9,0.8500000238418579,0.5075000017881394,0.08554969265621801,0.34250002205371854,0.047619047619047616,0.5,0.44249999821186065,0.16744011640548706,20,1
eeg_gaze,hemisphere,loso,30,10,0.550000011920929,0.5025000043213368,0.11008519404802436,0.047500007599592164,0.5238095238095238,0.550000011920929,0.38749999850988387,0.2939181327819824,20,1
eeg_gaze,hemisphere,loso,30,11,0.5,0.5174999982118607,0.08104782485405428,-0.017499998211860657,0.6666666666666666,0.5,0.2575000010430813,0.24818646907806396,20,1
eeg_gaze,hemisphere,loso,30,12,0.800000011920929,0.5075000032782555,0.09908960686795006,0.29250000864267345,0.047619047619047616,0.5,0.5375000014901161,0.024188021197915077,20,1
eeg_gaze,hemisphere,loso,30,13,0.4000000059604645,0.5125000044703484,0.09984363120852612,-0.1124999985098839,0.8571428571428571,0.44999998807907104,0.39249999858438966,0.12149443477392197,20,1
eeg_gaze,hemisphere,loso,30,14,0.800000011920929,0.5850000008940697,0.11302654685976764,0.21500001102685928,0.047619047619047616,0.44999998807907104,0.36499999910593034,0.33210790157318115,20,1
eeg_gaze,hemisphere,loso,30,15,0.800000011920929,0.525,0.08874119943316866,0.27500001192092893,0.047619047619047616,0.6000000238418579,0.41500000208616256,0.11130555719137192,20,1
eeg_gaze,hemisphere,within,30,0,0.7124999761581421,0.47734374850988387,0.032639047348704174,0.23515622764825822,0.047619047619047616,0.5,0.4957812488079071,0.23738490045070648,320,1
eeg_gaze,hemisphere,within,30,1,0.6812499761581421,0.49531250149011613,0.03297578057302452,0.18593747466802596,0.047619047619047616,0.4937500059604645,0.45718750208616254,0.3998805582523346,320,1
eeg_gaze,hemisphere,within,30,2,0.731249988079071,0.5062499985098838,0.02196410534096437,0.2249999895691872,0.047619047619047616,0.44999998807907104,0.4943749994039536,0.23120737075805664,320,1
eeg_gaze,hemisphere,within,30,3,0.7735849022865295,0.48789308220148087,0.024016497362076242,0.2856918200850487,0.047619047619047616,0.606918215751648,0.48160377591848375,0.16119061410427094,318,1
eeg_gaze,hemisphere,within,30,4,0.737500011920929,0.5037500023841858,0.03259002537375769,0.2337500095367432,0.047619047619047616,0.550000011920929,0.49093749970197675,0.2115282416343689,320,1
eeg_gaze_imu,eccentricity,loso,5,0,0.581818163394928,0.509772726893425,0.034684975765281144,0.07204543650150297,0.047619047619047616,0.5,0.4797727271914482,0.39678314328193665,220,1
eeg_gaze_imu,eccentricity,loso,5,1,0.5023923516273499,0.5217703342437744,0.029551988287970152,-0.01937798261642454,0.8095238095238095,0.4736842215061188,0.38444975912570956,0.6608583331108093,209,1
eeg_gaze_imu,eccentricity,loso,5,2,0.6454545259475708,0.5131818145513535,0.029243210487218414,0.13227271139621732,0.047619047619047616,0.48636364936828613,0.40363636463880537,0.7220924496650696,220,1
eeg_gaze_imu,eccentricity,loso,5,3,0.44999998807907104,0.5065909028053284,0.02908647189959482,-0.056590914726257324,0.9523809523809523,0.47727271914482117,0.47931818217039107,0.5810422301292419,220,1
eeg_gaze_imu,eccentricity,loso,5,4,0.6818181872367859,0.5181818142533302,0.02472995045797719,0.16363637298345568,0.047619047619047616,0.550000011920929,0.3886363610625267,0.5649005770683289,220,1
eeg_gaze_imu,eccentricity,loso,5,5,0.48181816935539246,0.5224999949336052,0.031408888961549086,-0.04068182557821276,0.9523809523809523,0.5454545617103577,0.4270454585552216,0.892702579498291,220,1
eeg_gaze_imu,eccentricity,loso,5,6,0.6590909361839294,0.5068181797862052,0.028148804021507615,0.1522727563977242,0.047619047619047616,0.5,0.453181816637516,0.9039187431335449,220,1
eeg_gaze_imu,eccentricity,loso,5,7,0.5727272629737854,0.514545451104641,0.02826234711889357,0.058181811869144395,0.14285714285714285,0.5045454502105713,0.3836363658308983,0.6264125108718872,220,1
eeg_gaze_imu,eccentricity,loso,5,8,0.5136363506317139,0.5065909072756767,0.026011561654472874,0.007045443356037184,0.38095238095238093,0.5,0.27749999687075616,0.5828806161880493,220,1
eeg_gaze_imu,eccentricity,loso,5,9,0.7681818008422852,0.5263636350631714,0.03010313091356319,0.24181816577911375,0.047619047619047616,0.5,0.4281818181276321,0.5664745569229126,220,1
eeg_gaze_imu,eccentricity,loso,5,10,0.5636363625526428,0.5034090876579285,0.01985874653702298,0.060227274894714355,0.047619047619047616,0.4954545497894287,0.11159090921282769,0.49637022614479065,220,1
eeg_gaze_imu,eccentricity,loso,5,11,0.4636363685131073,0.5086363613605499,0.0373419534637665,-0.044999992847442605,0.9523809523809523,0.5,0.45409090965986254,0.8514216542243958,220,1
eeg_gaze_imu,eccentricity,loso,5,12,0.6090909242630005,0.5147727251052856,0.0250154921218227,0.09431819915771489,0.047619047619047616,0.5090909004211426,0.37613636553287505,0.5379428267478943,220,1
eeg_gaze_imu,eccentricity,loso,5,13,0.4727272689342499,0.5074999973177909,0.029988807225155893,-0.03477272838354106,0.9047619047619048,0.5,0.4015909075737,0.5154357552528381,220,1
eeg_gaze_imu,eccentricity,loso,5,14,0.5136363506317139,0.49636363983154297,0.036066970713249345,0.0172727108001709,0.42857142857142855,0.5,0.4136363655328751,0.8133169412612915,220,1
eeg_gaze_imu,eccentricity,loso,5,15,0.7045454382896423,0.49000000208616257,0.03241645020162717,0.21454543620347977,0.047619047619047616,0.5,0.47545454651117325,0.6893119812011719,220,1
eeg_gaze_imu,eccentricity,within,5,0,0.6244317889213562,0.48167613595724107,0.006414101066060925,0.14275565296411513,0.047619047619047616,0.5,0.4576704531908035,0.6040827631950378,3520,1
eeg_gaze_imu,eccentricity,within,5,1,0.5911931991577148,0.534502848982811,0.0040491395902104415,0.05669035017490387,0.047619047619047616,0.4954545497894287,0.325639209151268,0.9012812376022339,3520,1
eeg_gaze_imu,eccentricity,within,5,2,0.6289772987365723,0.516022726893425,0.00673924806957854,0.11295457184314728,0.047619047619047616,0.5176136493682861,0.4314488619565964,0.6162635087966919,3520,1
eeg_gaze_imu,eccentricity,within,5,3,0.6137793064117432,0.5108347654342651,0.0077234048461309246,0.10294454097747807,0.047619047619047616,0.5008576512336731,0.40194396674633026,0.7214606404304504,3498,1
eeg_gaze_imu,eccentricity,within,5,4,0.5980113744735718,0.49036931693553926,0.006366365031533313,0.10764205753803252,0.047619047619047616,0.5,0.4405681848526001,0.728022038936615,3520,1
eeg_gaze_imu,eccentricity,loso,10,0,0.5400000214576721,0.506999996304512,0.05187484835637215,0.03300002515316014,0.3333333333333333,0.47999998927116394,0.4899999976158142,0.293948233127594,100,1
eeg_gaze_imu,eccentricity,loso,10,1,0.6526315808296204,0.5157894760370254,0.07053417269362636,0.13684210479259495,0.047619047619047616,0.5368421077728271,0.4189473703503609,0.28769558668136597,95,1
eeg_gaze_imu,eccentricity,loso,10,2,0.699999988079071,0.5164999917149544,0.04126438701394964,0.18349999636411662,0.047619047619047616,0.5400000214576721,0.4814999982714653,0.2688885033130646,100,1
eeg_gaze_imu,eccentricity,loso,10,3,0.5299999713897705,0.48099999874830246,0.07091543681574095,0.04899997264146805,0.3333333333333333,0.5799999833106995,0.47399999797344206,0.32805150747299194,100,1
eeg_gaze_imu,eccentricity,loso,10,4,0.6700000166893005,0.5104999914765358,0.051910979627318214,0.15950002521276474,0.047619047619047616,0.49000000953674316,0.4764999970793724,0.32090577483177185,100,1
eeg_gaze_imu,eccentricity,loso,10,5,0.5199999809265137,0.511499996483326,0.04198511833907244,0.00849998444318767,0.42857142857142855,0.46000000834465027,0.3874999970197678,0.5425920486450195,100,1
eeg_gaze_imu,eccentricity,loso,10,6,0.5600000023841858,0.5205000013113021,0.04165033344940413,0.03950000107288365,0.23809523809523808,0.44999998807907104,0.4174999952316284,0.41894668340682983,100,1
eeg_gaze_imu,eccentricity,loso,10,7,0.6399999856948853,0.47899999767541884,0.0412189276057346,0.1609999880194664,0.047619047619047616,0.550000011920929,0.46200000047683715,0.2394416779279709,100,1
eeg_gaze_imu,eccentricity,loso,10,8,0.550000011920929,0.49899999499320985,0.05088221544044164,0.051000016927719105,0.19047619047619047,0.5,0.3510000050067902,0.279856413602829,100,1
eeg_gaze_imu,eccentricity,loso,10,9,0.7200000286102295,0.5169999927282334,0.03782855914819066,0.2030000358819961,0.047619047619047616,0.5,0.47799999862909315,0.22959768772125244,100,1
eeg_gaze_imu,eccentricity,loso,10,10,0.5600000023841858,0.5054999932646751,0.0389197849484357,0.054500009119510695,0.19047619047619047,0.47999998927116394,0.2424999974668026,0.27937987446784973,100,1
eeg_gaze_imu,eccentricity,loso,10,11,0.5400000214576721,0.5059999942779541,0.04882621770933282,0.03400002717971806,0.23809523809523808,0.44999998807907104,0.45399999618530273,0.2938852608203888,100,1
eeg_gaze_imu,eccentricity,loso,10,12,0.6299999952316284,0.5224999964237214,0.03909923317113655,0.10749999880790706,0.047619047619047616,0.5,0.371500001847744,0.19834840297698975,100,1
eeg_gaze_imu,eccentricity,loso,10,13,0.47999998927116394,0.519499996304512,0.03800987264258582,-0.039500007033348106,0.8571428571428571,0.47999998927116394,0.4135000005364418,0.25277018547058105,100,1
eeg_gaze_imu,eccentricity,loso,10,14,0.6399999856948853,0.5049999982118607,0.045332104697245856,0.13499998748302455,0.047619047619047616,0.5299999713897705,0.4339999958872795,0.3251093327999115,100,1
eeg_gaze_imu,eccentricity,loso,10,15,0.6200000047683716,0.4924999952316284,0.04425776755860256,0.12750000953674318,0.09523809523809523,0.46000000834465027,0.4894999980926514,0.25779011845588684,100,1
eeg_gaze_imu,eccentricity,within,10,0,0.6462500095367432,0.5085937485098839,0.009041727717265137,0.13765626102685924,0.047619047619047616,0.5099999904632568,0.45834374874830247,0.2694886028766632,1600,1
eeg_gaze_imu,eccentricity,within,10,1,0.6181250214576721,0.4913124978542328,0.008720706682542411,0.1268125236034393,0.047619047619047616,0.49000000953674316,0.4641250014305115,0.16307282447814941,1600,1
eeg_gaze_imu,eccentricity,within,10,2,0.6424999833106995,0.5087812528014183,0.009647041360535406,0.13371873050928118,0.047619047619047616,0.5274999737739563,0.45003125369548796,0.35784682631492615,1600,1
eeg_gaze_imu,eccentricity,within,10,3,0.6446540951728821,0.5166037738323211,0.01409197616069207,0.12805032134056094,0.047619047619047616,0.5729559659957886,0.4544654116034508,0.3748016059398651,1590,1
eeg_gaze_imu,eccentricity,within,10,4,0.6056249737739563,0.504781250655651,0.008977565270519112,0.10084372311830525,0.047619047619047616,0.5162500143051147,0.3907187506556511,0.399591326713562,1600,1
eeg_gaze_imu,eccentricity,loso,15,0,0.6000000238418579,0.5,0.05868939281133695,0.10000002384185791,0.09523809523809523,0.4833333194255829,0.4433333292603493,0.13747839629650116,60,1
eeg_gaze_imu,eccentricity,loso,15,1,0.5263158082962036,0.5140350952744484,0.054668205534049066,0.012280713021755263,0.5714285714285714,0.5087719559669495,0.4754385992884636,0.22898682951927185,57,1
eeg_gaze_imu,eccentricity,loso,15,2,0.75,0.5299999952316284,0.054670731295742875,0.22000000476837156,0.047619047619047616,0.4333333373069763,0.4733333334326744,0.27821817994117737,60,1
eeg_gaze_imu,eccentricity,loso,15,3,0.4833333194255829,0.5183333322405815,0.05500000123724956,-0.03500001281499865,0.8095238095238095,0.6000000238418579,0.4699999958276749,0.2308858036994934,60,1
eeg_gaze_imu,eccentricity,loso,15,4,0.6000000238418579,0.49083332568407056,0.045787857008917,0.10916669815778735,0.047619047619047616,0.4166666567325592,0.469166661798954,0.12878383696079254,60,1
eeg_gaze_imu,eccentricity,loso,15,5,0.4166666567325592,0.48083332628011705,0.04979820201093738,-0.06416666954755784,0.9523809523809523,0.5,0.3408333368599415,0.5319733023643494,60,1
eeg_gaze_imu,eccentricity,loso,15,6,0.699999988079071,0.5225000023841858,0.05756035702987735,0.17749998569488523,0.047619047619047616,0.550000011920929,0.3275000050663948,0.22379516065120697,60,1
eeg_gaze_imu,eccentricity,loso,15,7,0.6166666746139526,0.5450000002980232,0.07836878657592962,0.07166667431592944,0.19047619047619047,0.550000011920929,0.4466666653752327,0.2513013184070587,60,1
eeg_gaze_imu,eccentricity,loso,15,8,0.5833333134651184,0.49333333373069765,0.05254627891371732,0.08999997973442075,0.09523809523809523,0.5666666626930237,0.3999999985098839,0.18220561742782593,60,1
eeg_gaze_imu,eccentricity,loso,15,9,0.6499999761581421,0.45499999523162843,0.07621242001002602,0.19499998092651366,0.09523809523809523,0.5,0.4850000008940697,0.09966713935136795,60,1
eeg_gaze_imu,eccentricity,loso,15,10,0.5666666626930237,0.4916666686534882,0.04699291529928481,0.0749999940395355,0.09523809523809523,0.5666666626930237,0.25500000417232516,0.1700620800256729,60,1
eeg_gaze_imu,eccentricity,loso,15,11,0.7166666388511658,0.5150000020861626,0.05241394998485415,0.20166663676500318,0.047619047619047616,0.4333333373069763,0.41666666269302366,0.21733811497688293,60,1
eeg_gaze_imu,eccentricity,loso,15,12,0.550000011920929,0.4824999988079071,0.04199041350804437,0.06750001311302184,0.19047619047619047,0.5,0.4324999988079071,0.10670692473649979,60,1
eeg_gaze_imu,eccentricity,loso,15,13,0.6166666746139526,0.4941666677594185,0.06588605795109781,0.12250000685453416,0.09523809523809523,0.550000011920929,0.4424999997019768,0.17965984344482422,60,1
eeg_gaze_imu,eccentricity,loso,15,14,0.6333333253860474,0.510833328962326,0.06129958436399729,0.12249999642372134,0.047619047619047616,0.5666666626930237,0.43583333045244216,0.1427096575498581,60,1
eeg_gaze_imu,eccentricity,loso,15,15,0.4333333373069763,0.4899999961256981,0.06695769528459156,-0.05666665881872179,0.8571428571428571,0.44999998807907104,0.4516666650772095,0.055407509207725525,60,1
eeg_gaze_imu,eccentricity,within,15,0,0.6666666865348816,0.5085416674613953,0.017500619108651434,0.1581250190734863,0.047619047619047616,0.5,0.465312497317791,0.17811504006385803,960,1
eeg_gaze_imu,eccentricity,within,15,1,0.6291666626930237,0.5403125017881394,0.015866533115417657,0.0888541609048843,0.047619047619047616,0.5322916507720947,0.45833333432674406,0.2519877254962921,960,1
eeg_gaze_imu,eccentricity,within,15,2,0.6552083492279053,0.515104167163372,0.014603778817160918,0.14010418206453323,0.047619047619047616,0.5,0.48031249940395354,0.08929404616355896,960,1
eeg_gaze_imu,eccentricity,within,15,3,0.6844863891601562,0.5111111104488373,0.01941439157681583,0.17337527871131897,0.047619047619047616,0.5492662191390991,0.48532494753599165,0.18715274333953857,954,1
eeg_gaze_imu,eccentricity,within,15,4,0.6229166388511658,0.48645833134651184,0.011387088483186664,0.13645830750465393,0.047619047619047616,0.45104166865348816,0.4598958298563957,0.20738045871257782,960,1
eeg_gaze_imu,eccentricity,loso,20,0,0.6000000238418579,0.4887500017881393,0.07561208761536083,0.11125002205371859,0.19047619047619047,0.550000011920929,0.44374999701976775,0.16826890408992767,40,1
eeg_gaze_imu,eccentricity,loso,20,1,0.3684210479259491,0.4802631586790085,0.0801984173170769,-0.11184211075305939,0.9047619047619048,0.6315789222717285,0.4828947350382805,0.01308923028409481,38,1
eeg_gaze_imu,eccentricity,loso,20,2,0.625,0.4812499925494194,0.06931585168710795,0.14375000745058059,0.047619047619047616,0.44999998807907104,0.46875000149011614,0.10186094790697098,40,1
eeg_gaze_imu,eccentricity,loso,20,3,0.5,0.5362499967217446,0.06445686668748264,-0.03624999672174456,0.7619047619047619,0.574999988079071,0.47624999582767485,0.18181617558002472,40,1
eeg_gaze_imu,eccentricity,loso,20,4,0.4749999940395355,0.522500003874302,0.05857687756799435,-0.04750000983476643,0.7619047619047619,0.5249999761581421,0.425,0.1095627024769783,40,1
eeg_gaze_imu,eccentricity,loso,20,5,0.4749999940395355,0.49374999701976774,0.06748842819020466,-0.018750002980232217,0.7142857142857143,0.574999988079071,0.4062499970197678,0.22462588548660278,40,1
eeg_gaze_imu,eccentricity,loso,20,6,0.625,0.46624999940395356,0.06721002732250152,0.15875000059604644,0.047619047619047616,0.42500001192092896,0.4837499961256981,0.26048439741134644,40,1
eeg_gaze_imu,eccentricity,loso,20,7,0.75,0.527499994635582,0.0684196575194875,0.22250000536441805,0.047619047619047616,0.4749999940395355,0.4749999985098839,0.13442867994308472,40,1
eeg_gaze_imu,eccentricity,loso,20,8,0.625,0.4924999952316284,0.059739014629218504,0.1325000047683716,0.047619047619047616,0.6000000238418579,0.4849999979138374,0.02542765624821186,40,1
eeg_gaze_imu,eccentricity,loso,20,9,0.75,0.508749996125698,0.0694959516776299,0.24125000387430195,0.047619047619047616,0.4749999940395355,0.49124999791383744,0.15118266642093658,40,1
eeg_gaze_imu,eccentricity,loso,20,10,0.550000011920929,0.5137499988079071,0.07135956500625251,0.036250013113021895,0.3333333333333333,0.5,0.471249994635582,0.019185300916433334,40,1
eeg_gaze_imu,eccentricity,loso,20,11,0.5249999761581421,0.48999999314546583,0.0852936080828299,0.03499998301267626,0.5238095238095238,0.550000011920929,0.5074999973177909,0.11065173894166946,40,1
eeg_gaze_imu,eccentricity,loso,20,12,0.550000011920929,0.5249999985098839,0.07826237930769323,0.025000013411045074,0.38095238095238093,0.625,0.39500000327825546,0.34855952858924866,40,1
eeg_gaze_imu,eccentricity,loso,20,13,0.625,0.5149999991059303,0.09300537465059683,0.1100000008940697,0.19047619047619047,0.6000000238418579,0.43749999850988386,0.1606481671333313,40,1
eeg_gaze_imu,eccentricity,loso,20,14,0.6499999761581421,0.5474999979138374,0.06319612250892025,0.10249997824430468,0.14285714285714285,0.5249999761581421,0.5049999997019767,0.22222644090652466,40,1
eeg_gaze_imu,eccentricity,loso,20,15,0.699999988079071,0.5312499955296517,0.0770044612294644,0.16874999254941936,0.047619047619047616,0.5,0.4587499961256981,0.1185465082526207,40,1
eeg_gaze_imu,eccentricity,within,20,0,0.684374988079071,0.48914062827825544,0.015830486106737145,0.1952343598008156,0.047619047619047616,0.42500001192092896,0.49054687321186063,0.16464760899543762,640,1
eeg_gaze_imu,eccentricity,within,20,1,0.6187499761581421,0.48179687559604645,0.022351263263182475,0.13695310056209564,0.047619047619047616,0.5484374761581421,0.472578127682209,0.11671371757984161,640,1
eeg_gaze_imu,eccentricity,within,20,2,0.643750011920929,0.49609374552965163,0.018779275423518912,0.14765626639127732,0.047619047619047616,0.4937500059604645,0.47249999791383746,0.13597999513149261,640,1
eeg_gaze_imu,eccentricity,within,20,3,0.473270446062088,0.4906446531414986,0.014276821741361669,-0.017374207079410564,0.9047619047619048,0.5031446814537048,0.2629716984927654,0.36612504720687866,636,1
eeg_gaze_imu,eccentricity,within,20,4,0.653124988079071,0.46968750059604647,0.022671873349803473,0.18343748748302457,0.047619047619047616,0.4312500059604645,0.4662499979138374,0.10501116514205933,640,1
eeg_gaze_imu,eccentricity,loso,30,0,0.25,0.5,0.09219544473455545,-0.25,1.0,0.44999998807907104,0.4650000035762787,0.2610567510128021,20,1
eeg_gaze_imu,eccentricity,loso,30,1,0.3684210479259491,0.5026315823197365,0.10588631610418152,-0.13421053439378738,0.9047619047619048,0.5263158082962036,0.46578947752714156,0.15097478032112122,19,1
eeg_gaze_imu,eccentricity,loso,30,2,0.6499999761581421,0.575,0.08874119439565643,0.07499997615814213,0.3333333333333333,0.550000011920929,0.4249999985098839,0.09576473385095596,20,1
eeg_gaze_imu,eccentricity,loso,30,3,0.6000000238418579,0.5200000017881393,0.09539391851714682,0.08000002205371859,0.3333333333333333,0.44999998807907104,0.44000000059604644,0.11022122204303741,20,1
eeg_gaze_imu,eccentricity,loso,30,4,0.550000011920929,0.5124999985098839,0.11388041859437416,0.03750001341104503,0.47619047619047616,0.3499999940395355,0.4525000065565109,0.012150995433330536,20,1
eeg_gaze_imu,eccentricity,loso,30,5,0.5,0.5025000020861625,0.1298797491701896,-0.0025000020861625227,0.5714285714285714,0.44999998807907104,0.3924999997019768,0.09479372203350067,20,1
eeg_gaze_imu,eccentricity,loso,30,6,0.550000011920929,0.4875,0.0947034863551798,0.06250001192092897,0.42857142857142855,0.550000011920929,0.25250000432133674,0.1219744011759758,20,1
eeg_gaze_imu,eccentricity,loso,30,7,0.5,0.5100000008940697,0.13379087797172312,-0.010000000894069716,0.5714285714285714,0.5,0.430000002682209,0.1004784107208252,20,1
eeg_gaze_imu,eccentricity,loso,30,8,0.6499999761581421,0.4750000014901161,0.08587782027334688,0.17499997466802597,0.09523809523809523,0.5,0.45500000193715096,0.010468563064932823,20,1
eeg_gaze_imu,eccentricity,loso,30,9,0.6000000238418579,0.4775000065565109,0.10544548861806975,0.12250001728534698,0.19047619047619047,0.44999998807907104,0.35250000059604647,0.3697337210178375,20,1
eeg_gaze_imu,eccentricity,loso,30,10,0.550000011920929,0.5424999937415123,0.11861175747814033,0.007500018179416701,0.47619047619047616,0.6499999761581421,0.3425000011920929,0.17104122042655945,20,1
eeg_gaze_imu,eccentricity,loso,30,11,0.44999998807907104,0.43999999612569807,0.08602325273971555,0.009999991953372978,0.5714285714285714,0.5,0.3200000010430813,0.34841835498809814,20,1
eeg_gaze_imu,eccentricity,loso,30,12,0.5,0.5375,0.09858372046334829,-0.03749999999999998,0.6666666666666666,0.550000011920929,0.3875,0.2650053799152374,20,1
eeg_gaze_imu,eccentricity,loso,30,13,0.5,0.42500000447034836,0.09013877982018079,0.07499999552965164,0.42857142857142855,0.5,0.40000000298023225,0.1260284036397934,20,1
eeg_gaze_imu,eccentricity,loso,30,14,0.699999988079071,0.5150000005960464,0.10012492247851208,0.1849999874830246,0.14285714285714285,0.550000011920929,0.43499999940395356,0.11966283619403839,20,1
eeg_gaze_imu,eccentricity,loso,30,15,0.75,0.5050000071525573,0.09069178977800166,0.24499999284744267,0.047619047619047616,0.6499999761581421,0.5049999967217446,0.10506217181682587,20,1
eeg_gaze_imu,eccentricity,within,30,0,0.671875,0.5337500005960465,0.024238400455160063,0.1381249994039535,0.047619047619047616,0.546875,0.43750000149011614,0.15243315696716309,320,1
eeg_gaze_imu,eccentricity,within,30,1,0.4937500059604645,0.4970312535762787,0.02159361874310275,-0.00328124761581422,0.5714285714285714,0.5843750238418579,0.34921875,0.2206452339887619,320,1
eeg_gaze_imu,eccentricity,within,30,2,0.5687500238418579,0.5345312535762787,0.012122219733527305,0.03421877026557918,0.047619047619047616,0.5,0.3582812488079071,0.19495856761932373,320,1
eeg_gaze_imu,eccentricity,within,30,3,0.5660377144813538,0.5114779949188233,0.02759915997923576,0.05455971956253047,0.047619047619047616,0.4654088020324707,0.44040880650281905,0.22354266047477722,318,1
eeg_gaze_imu,eccentricity,within,30,4,0.4625000059604645,0.4939062535762787,0.02199687149855948,-0.03140624761581423,0.9047619047619048,0.6499999761581421,0.39671875089406966,0.07014919072389603,320,1
eeg_gaze_imu,hemisphere,loso,5,0,0.4636363685131073,0.4997727289795876,0.02683262592510967,-0.03613636046648028,0.9523809523809523,0.48636364936828613,0.32795454263687135,0.5046908855438232,220,1
eeg_gaze_imu,hemisphere,loso,5,1,0.8229665160179138,0.4861244037747383,0.026828411482846697,0.3368421122431755,0.047619047619047616,0.5167464017868042,0.4827751204371452,0.5206192135810852,209,1
eeg_gaze_imu,hemisphere,loso,5,2,0.7954545617103577,0.49613636285066604,0.03029725529537689,0.29931819885969163,0.047619047619047616,0.5,0.44977272897958753,0.7857854962348938,220,1
eeg_gaze_imu,hemisphere,loso,5,3,0.800000011920929,0.48909091055393217,0.026441889659104868,0.3109091013669968,0.047619047619047616,0.44545453786849976,0.4331818178296089,0.9375513792037964,220,1
eeg_gaze_imu,hemisphere,loso,5,4,0.7818182110786438,0.4943181797862053,0.03261581253100451,0.2875000312924385,0.047619047619047616,0.5,0.48477272391319276,0.5979663133621216,220,1
eeg_gaze_imu,hemisphere,loso,5,5,0.7363636493682861,0.4943181827664375,0.03482171442417665,0.2420454666018486,0.047619047619047616,0.5,0.48068182468414306,0.5273269414901733,220,1
eeg_gaze_imu,hemisphere,loso,5,6,0.7545454502105713,0.4868181824684143,0.037782000921936884,0.267727267742157,0.047619047619047616,0.5,0.49545454829931257,0.9398267269134521,220,1
eeg_gaze_imu,hemisphere,loso,5,7,0.40909090638160706,0.5084090918302536,0.023848484244487277,-0.09931818544864657,1.0,0.5,0.41659091114997865,0.6595979332923889,220,1
eeg_gaze_imu,hemisphere,loso,5,8,0.6772727370262146,0.48772727251052855,0.03792391214028086,0.18954546451568605,0.047619047619047616,0.5,0.4086363673210144,0.6161653995513916,220,1
eeg_gaze_imu,hemisphere,loso,5,9,0.6909090876579285,0.5127272710204125,0.030647286115253095,0.17818181663751598,0.047619047619047616,0.5045454502105713,0.4322727292776108,0.8087739944458008,220,1
eeg_gaze_imu,hemisphere,loso,5,10,0.5636363625526428,0.488863630592823,0.03801573470901873,0.07477273195981982,0.047619047619047616,0.48636364936828613,0.4584090903401375,0.7457858324050903,220,1
eeg_gaze_imu,hemisphere,loso,5,11,0.6590909361839294,0.49477272629737856,0.028213873846420774,0.16431820988655088,0.047619047619047616,0.4681818187236786,0.46931818276643755,0.5215380191802979,220,1
eeg_gaze_imu,hemisphere,loso,5,12,0.7181817889213562,0.5002272740006447,0.024666161165075307,0.2179545149207115,0.047619047619047616,0.5,0.40522727370262146,0.777202844619751,220,1
eeg_gaze_imu,hemisphere,loso,5,13,0.4545454680919647,0.4899999961256981,0.021493802698043876,-0.03545452803373339,0.9523809523809523,0.5,0.2586363635957241,0.8223792910575867,220,1
eeg_gaze_imu,hemisphere,loso,5,14,0.9227272868156433,0.49136362969875336,0.036417565500334266,0.43136365711688995,0.047619047619047616,0.5,0.49727272540330886,0.9193592667579651,220,1
eeg_gaze_imu,hemisphere,loso,5,15,0.7272727489471436,0.4861363634467125,0.039272177697257146,0.24113638550043104,0.047619047619047616,0.5,0.4956818163394928,0.5480473637580872,220,1
eeg_gaze_imu,hemisphere,within,5,0,0.7363636493682861,0.501107956469059,0.00760966622237674,0.2352556928992271,0.047619047619047616,0.5090909004211426,0.46039772778749466,0.6422879099845886,3520,1
eeg_gaze_imu,hemisphere,within,5,1,0.7485795617103577,0.5068465888500213,0.009116576880348585,0.24173297286033635,0.047619047619047616,0.5,0.478125,0.7642537951469421,3520,1
eeg_gaze_imu,hemisphere,within,5,2,0.7241477370262146,0.5119460210204124,0.008823971342236487,0.21220171600580218,0.047619047619047616,0.5,0.48052557110786437,0.8476378321647644,3520,1
eeg_gaze_imu,hemisphere,within,5,3,0.7204116582870483,0.5067467167973518,0.006711982386190365,0.2136649414896965,0.047619047619047616,0.5031446814537048,0.4806746706366539,0.5889009237289429,3498,1
eeg_gaze_imu,hemisphere,within,5,4,0.7142045497894287,0.5140767052769661,0.007117863171026745,0.20012784451246257,0.047619047619047616,0.5,0.47526988536119463,0.5431609153747559,3520,1
eeg_gaze_imu,hemisphere,loso,10,0,0.5699999928474426,0.5044999986886978,0.03917588691419729,0.06549999415874486,0.09523809523809523,0.44999998807907104,0.4714999973773956,0.7751554846763611,100,1
eeg_gaze_imu,hemisphere,loso,10,1,0.8631578683853149,0.4831578955054283,0.040069190147555826,0.3799999728798866,0.047619047619047616,0.4526315927505493,0.4831578955054283,0.23404249548912048,95,1
eeg_gaze_imu,hemisphere,loso,10,2,0.7900000214576721,0.49849999994039534,0.05350467119869913,0.2915000215172768,0.047619047619047616,0.5,0.45649999678134917,0.6531097888946533,100,1
eeg_gaze_imu,hemisphere,loso,10,3,0.8600000143051147,0.4869999960064888,0.04267317559360154,0.37300001829862595,0.047619047619047616,0.36000001430511475,0.4619999974966049,0.4913289248943329,100,1
eeg_gaze_imu,hemisphere,loso,10,4,0.75,0.5154999941587448,0.044212554304831515,0.2345000058412552,0.047619047619047616,0.5,0.48749999701976776,0.2828368842601776,100,1
eeg_gaze_imu,hemisphere,loso,10,5,0.7099999785423279,0.48649999797344207,0.0507222862573892,0.22349998056888581,0.047619047619047616,0.46000000834465027,0.4725000008940697,0.36525270342826843,100,1
eeg_gaze_imu,hemisphere,loso,10,6,0.7699999809265137,0.4879999980330467,0.051633327646063605,0.28199998289346695,0.047619047619047616,0.47999998927116394,0.5129999950528145,0.3905840218067169,100,1
eeg_gaze_imu,hemisphere,loso,10,7,0.6700000166893005,0.4999999970197678,0.05186520700053695,0.17000001966953276,0.047619047619047616,0.5,0.4989999994635582,0.5789757966995239,100,1
eeg_gaze_imu,hemisphere,loso,10,8,0.7099999785423279,0.5094999983906746,0.05004748012249754,0.20049998015165327,0.047619047619047616,0.5,0.48849999606609346,0.27419862151145935,100,1
eeg_gaze_imu,hemisphere,loso,10,9,0.6700000166893005,0.5054999962449074,0.04620335480043233,0.16450002044439316,0.047619047619047616,0.5,0.4074999958276749,0.5591989755630493,100,1
eeg_gaze_imu,hemisphere,loso,10,10,0.5899999737739563,0.5134999945759773,0.03863612674039648,0.07649997919797902,0.09523809523809523,0.5299999713897705,0.3854999989271164,0.3431246280670166,100,1
eeg_gaze_imu,hemisphere,loso,10,11,0.5899999737739563,0.49699999392032623,0.03522783150484519,0.09299997985363007,0.047619047619047616,0.5,0.3799999997019768,0.28323253989219666,100,1
eeg_gaze_imu,hemisphere,loso,10,12,0.7400000095367432,0.4889999985694885,0.048466486296927014,0.25100001096725466,0.047619047619047616,0.47999998927116394,0.4499999970197678,0.2986755669116974,100,1
eeg_gaze_imu,hemisphere,loso,10,13,0.4699999988079071,0.5104999974370003,0.0382720509114643,-0.04049999862909315,0.8095238095238095,0.5,0.33449999839067457,0.6151725053787231,100,1
eeg_gaze_imu,hemisphere,loso,10,14,0.9399999976158142,0.4984999969601631,0.051017152217773115,0.4415000006556511,0.047619047619047616,0.49000000953674316,0.5074999928474426,0.767839252948761,100,1
eeg_gaze_imu,hemisphere,loso,10,15,0.8100000023841858,0.4954999968409538,0.04306680615920848,0.314500005543232,0.047619047619047616,0.5299999713897705,0.4704999938607216,0.22824659943580627,100,1
eeg_gaze_imu,hemisphere,within,10,0,0.7881249785423279,0.5124687492847443,0.011044076832259124,0.2756562292575836,0.047619047619047616,0.5462499856948853,0.4670937478542328,0.5092485547065735,1600,1
eeg_gaze_imu,hemisphere,within,10,1,0.7556250095367432,0.5081562504172326,0.012728349156462123,0.2474687591195106,0.047619047619047616,0.5,0.47984375059604645,0.41167041659355164,1600,1
eeg_gaze_imu,hemisphere,within,10,2,0.737500011920929,0.5113124996423721,0.010628488535259552,0.22618751227855682,0.047619047619047616,0.4806250035762787,0.4725625038146973,0.32636430859565735,1600,1
eeg_gaze_imu,hemisphere,within,10,3,0.7176100611686707,0.5020440295338631,0.015116437343175361,0.2155660316348076,0.047619047619047616,0.49685534834861755,0.48669811338186264,0.35194382071495056,1590,1
eeg_gaze_imu,hemisphere,within,10,4,0.6931250095367432,0.5093437448143959,0.011665042624757212,0.18378126472234724,0.047619047619047616,0.49125000834465027,0.48540625125169756,0.6393911838531494,1600,1
eeg_gaze_imu,hemisphere,loso,15,0,0.550000011920929,0.4849999979138374,0.053202970989701615,0.06500001400709154,0.14285714285714285,0.550000011920929,0.425,0.24971790611743927,60,1
eeg_gaze_imu,hemisphere,loso,15,1,0.859649121761322,0.5035087808966636,0.04902873663121909,0.3561403408646584,0.047619047619047616,0.5789473652839661,0.4877193048596382,0.23426453769207,57,1
eeg_gaze_imu,hemisphere,loso,15,2,0.7333333492279053,0.48666666746139525,0.05044248940297836,0.24666668176651002,0.047619047619047616,0.4333333373069763,0.43333333134651186,0.32794517278671265,60,1
eeg_gaze_imu,hemisphere,loso,15,3,0.8333333134651184,0.5125,0.055496496266573554,0.32083331346511845,0.047619047619047616,0.5,0.4441666632890701,0.42998969554901123,60,1
eeg_gaze_imu,hemisphere,loso,15,4,0.75,0.529166667163372,0.06006362417738071,0.22083333283662798,0.047619047619047616,0.5,0.4591666653752327,0.13648675382137299,60,1
eeg_gaze_imu,hemisphere,loso,15,5,0.75,0.5091666668653488,0.0850612526911258,0.24083333313465116,0.047619047619047616,0.44999998807907104,0.48583333045244215,0.23263253271579742,60,1
eeg_gaze_imu,hemisphere,loso,15,6,0.75,0.5283333331346511,0.06563790008366487,0.22166666686534886,0.047619047619047616,0.4833333194255829,0.47333332896232605,0.3251327872276306,60,1
eeg_gaze_imu,hemisphere,loso,15,7,0.4166666567325592,0.5349999979138375,0.06474308581147493,-0.11833334118127825,1.0,0.5,0.5,0.18205712735652924,60,1
eeg_gaze_imu,hemisphere,loso,15,8,0.6833333373069763,0.49833333641290667,0.04179979566865213,0.18500000089406965,0.047619047619047616,0.5333333611488342,0.44999999552965164,0.2270825207233429,60,1
eeg_gaze_imu,hemisphere,loso,15,9,0.8500000238418579,0.5266666606068611,0.06267198573782007,0.32333336323499684,0.047619047619047616,0.5333333611488342,0.4799999982118607,0.2264043241739273,60,1
eeg_gaze_imu,hemisphere,loso,15,10,0.5833333134651184,0.5049999982118607,0.07455422914224291,0.07833331525325771,0.2857142857142857,0.5,0.47999999672174454,0.17810095846652985,60,1
eeg_gaze_imu,hemisphere,loso,15,11,0.699999988079071,0.48666666746139525,0.05763872845817757,0.2133333206176758,0.047619047619047616,0.5,0.4949999988079071,0.3852362036705017,60,1
eeg_gaze_imu,hemisphere,loso,15,12,0.75,0.5133333340287208,0.065954534972713,0.23666666597127917,0.047619047619047616,0.4833333194255829,0.4433333337306976,0.415937602519989,60,1
eeg_gaze_imu,hemisphere,loso,15,13,0.5,0.48749999701976776,0.04044028378269132,0.012500002980232239,0.47619047619047616,0.4833333194255829,0.33250000327825546,0.18353621661663055,60,1
eeg_gaze_imu,hemisphere,loso,15,14,0.8999999761581421,0.5216666623950005,0.0565439821780937,0.3783333137631416,0.047619047619047616,0.4833333194255829,0.4783333346247673,0.26149165630340576,60,1
eeg_gaze_imu,hemisphere,loso,15,15,0.8833333253860474,0.5341666638851166,0.06861223289460493,0.3491666615009308,0.047619047619047616,0.46666666865348816,0.4758333325386047,0.18097591400146484,60,1
eeg_gaze_imu,hemisphere,within,15,0,0.7520833611488342,0.5053645849227906,0.014754481107840433,0.24671877622604366,0.047619047619047616,0.518750011920929,0.4801562502980232,0.28162682056427,960,1
eeg_gaze_imu,hemisphere,within,15,1,0.7697916626930237,0.5263541728258133,0.01741515949283673,0.24343748986721037,0.047619047619047616,0.5489583611488342,0.46312500089406966,0.31035980582237244,960,1
eeg_gaze_imu,hemisphere,within,15,2,0.7197916507720947,0.514635419845581,0.01212759066607948,0.2051562309265137,0.047619047619047616,0.5166666507720947,0.435677082836628,0.6935200095176697,960,1
eeg_gaze_imu,hemisphere,within,15,3,0.7358490824699402,0.5114779844880104,0.015481988132857123,0.22437109798192978,0.047619047619047616,0.4811320900917053,0.48946540653705595,0.2756941616535187,954,1
eeg_gaze_imu,hemisphere,within,15,4,0.684374988079071,0.49093750268220904,0.018808068550034203,0.193437485396862,0.047619047619047616,0.5,0.4926041692495346,0.45350733399391174,960,1
eeg_gaze_imu,hemisphere,loso,20,0,0.550000011920929,0.5174999937415123,0.08066133065943504,0.03250001817941661,0.38095238095238093,0.574999988079071,0.37249999716877935,0.297667920589447,40,1
eeg_gaze_imu,hemisphere,loso,20,1,0.8157894611358643,0.5184210509061813,0.09418699414483804,0.29736841022968297,0.047619047619047616,0.4736842215061188,0.42631579264998437,0.39865434169769287,38,1
eeg_gaze_imu,hemisphere,loso,20,2,0.75,0.5249999970197677,0.07115124861036622,0.22500000298023226,0.047619047619047616,0.625,0.3899999991059303,0.545665979385376,40,1
eeg_gaze_imu,hemisphere,loso,20,3,0.875,0.5137499958276749,0.08041882281777199,0.3612500041723251,0.047619047619047616,0.5,0.4887500017881393,0.203359454870224,40,1
eeg_gaze_imu,hemisphere,loso,20,4,0.8500000238418579,0.48749999403953553,0.08891709688923381,0.3625000298023224,0.047619047619047616,0.5,0.5025000005960465,0.21553775668144226,40,1
eeg_gaze_imu,hemisphere,loso,20,5,0.699999988079071,0.5112499952316284,0.07884914632073979,0.18874999284744265,0.09523809523809523,0.5,0.386250002682209,0.34770339727401733,40,1
eeg_gaze_imu,hemisphere,loso,20,6,0.824999988079071,0.49874999821186067,0.06913528649146226,0.3262499898672104,0.047619047619047616,0.5,0.5087500005960465,0.6991044878959656,40,1
eeg_gaze_imu,hemisphere,loso,20,7,0.5,0.49250000566244123,0.07031180880524787,0.0074999943375587685,0.6666666666666666,0.5249999761581421,0.43499999642372134,0.5495820641517639,40,1
eeg_gaze_imu,hemisphere,loso,20,8,0.7250000238418579,0.5162499979138374,0.07955933466107701,0.2087500259280205,0.047619047619047616,0.5249999761581421,0.4837499976158142,0.28615450859069824,40,1
eeg_gaze_imu,hemisphere,loso,20,9,0.6499999761581421,0.4912499934434891,0.06767338525843657,0.15874998271465302,0.047619047619047616,0.44999998807907104,0.43374999761581423,0.1979915201663971,40,1
eeg_gaze_imu,hemisphere,loso,20,10,0.5249999761581421,0.50625,0.06608470406189178,0.018749976158142112,0.47619047619047616,0.5,0.4637500002980232,0.1818164736032486,40,1
eeg_gaze_imu,hemisphere,loso,20,11,0.6000000238418579,0.4799999952316284,0.10111874040084588,0.12000002861022951,0.14285714285714285,0.625,0.4224999979138374,0.46139973402023315,40,1
eeg_gaze_imu,hemisphere,loso,20,12,0.875,0.4900000005960464,0.07390872989470083,0.3849999994039536,0.047619047619047616,0.550000011920929,0.46749999821186067,0.21527473628520966,40,1
eeg_gaze_imu,hemisphere,loso,20,13,0.5249999761581421,0.49499999582767484,0.05947688766986039,0.029999980330467246,0.47619047619047616,0.5,0.355000002682209,0.1961253434419632,40,1
eeg_gaze_imu,hemisphere,loso,20,14,0.875,0.4849999934434891,0.08192984111135365,0.3900000065565109,0.047619047619047616,0.42500001192092896,0.4874999955296516,0.10358411073684692,40,1
eeg_gaze_imu,hemisphere,loso,20,15,0.800000011920929,0.49375,0.08619563408947943,0.30625001192092893,0.047619047619047616,0.5,0.4912499949336052,0.1537315547466278,40,1
eeg_gaze_imu,hemisphere,within,20,0,0.7671874761581421,0.49820313304662706,0.019252861995373547,0.26898434311151503,0.047619047619047616,0.5,0.4757031261920929,0.2450021654367447,640,1
eeg_gaze_imu,hemisphere,within,20,1,0.729687511920929,0.5081250056624412,0.013707320675015395,0.22156250625848772,0.047619047619047616,0.4671874940395355,0.4590625002980232,0.20324517786502838,640,1
eeg_gaze_imu,hemisphere,within,20,2,0.7281249761581421,0.5111718773841858,0.021601388121764223,0.2169530987739563,0.047619047619047616,0.5249999761581421,0.4778906241059303,0.5080991387367249,640,1
eeg_gaze_imu,hemisphere,within,20,3,0.7358490824699402,0.5285377368330956,0.01904577340462288,0.2073113456368446,0.047619047619047616,0.597484290599823,0.47256289422512054,0.2888772785663605,636,1
eeg_gaze_imu,hemisphere,within,20,4,0.7109375,0.5053906217217445,0.022385097410133333,0.20554687827825546,0.047619047619047616,0.4984374940395355,0.48914062827825544,0.23979151248931885,640,1
eeg_gaze_imu,hemisphere,loso,30,0,0.6000000238418579,0.497500005364418,0.10662434306227507,0.10250001847743989,0.23809523809523808,0.550000011920929,0.42750000208616257,0.05859076976776123,20,1
eeg_gaze_imu,hemisphere,loso,30,1,0.8947368264198303,0.49736842662096026,0.09772339024475336,0.39736839979887006,0.047619047619047616,0.4736842215061188,0.4763157919049263,0.23373332619667053,19,1
eeg_gaze_imu,hemisphere,loso,30,2,0.699999988079071,0.4875000029802322,0.0849632388274618,0.21249998509883883,0.047619047619047616,0.44999998807907104,0.47749999836087226,0.020046550780534744,20,1
eeg_gaze_imu,hemisphere,loso,30,3,0.8500000238418579,0.5025000035762787,0.09549214633634075,0.34750002026557925,0.047619047619047616,0.5,0.5024999991059304,0.3285036087036133,20,1
eeg_gaze_imu,hemisphere,loso,30,4,0.800000011920929,0.49750000089406965,0.1198697209660157,0.3025000110268593,0.09523809523809523,0.4000000059604645,0.48250000178813934,0.2072162628173828,20,1
eeg_gaze_imu,hemisphere,loso,30,5,0.75,0.5074999988079071,0.07462405989963834,0.24250000119209292,0.047619047619047616,0.44999998807907104,0.4574999988079071,0.17298448085784912,20,1
eeg_gaze_imu,hemisphere,loso,30,6,0.800000011920929,0.5300000041723252,0.07810250126170777,0.2700000077486038,0.047619047619047616,0.5,0.47000000104308126,0.2549487352371216,20,1
eeg_gaze_imu,hemisphere,loso,30,7,0.75,0.5374999970197678,0.11497282436613825,0.2125000029802322,0.09523809523809523,0.44999998807907104,0.4525000050663948,0.08628498762845993,20,1
eeg_gaze_imu,hemisphere,loso,30,8,0.699999988079071,0.46250000298023225,0.11166355977285236,0.2374999850988388,0.09523809523809523,0.550000011920929,0.5075000002980232,0.23557795584201813,20,1
eeg_gaze_imu,hemisphere,loso,30,9,0.800000011920929,0.47750000059604647,0.09807522363155984,0.3225000113248825,0.047619047619047616,0.4000000059604645,0.4524999961256981,0.17654792964458466,20,1
eeg_gaze_imu,hemisphere,loso,30,10,0.6499999761581421,0.5274999976158142,0.10059199819731222,0.12249997854232786,0.23809523809523808,0.5,0.4475000023841858,0.2386268824338913,20,1
eeg_gaze_imu,hemisphere,loso,30,11,0.6499999761581421,0.5499999985098839,0.09874208391427086,0.09999997764825819,0.3333333333333333,0.5,0.4050000004470348,0.1005573496222496,20,1
eeg_gaze_imu,hemisphere,loso,30,12,0.800000011920929,0.5449999988079071,0.11608186144944335,0.2550000131130219,0.047619047619047616,0.4000000059604645,0.48000000417232513,0.08359860628843307,20,1
eeg_gaze_imu,hemisphere,loso,30,13,0.44999998807907104,0.5400000080466271,0.062449986283277095,-0.09000001996755602,0.9523809523809523,0.5,0.1850000023841858,0.13424862921237946,20,1
eeg_gaze_imu,hemisphere,loso,30,14,0.8999999761581421,0.5050000049173832,0.12539936208143593,0.3949999712407589,0.047619047619047616,0.44999998807907104,0.5150000005960464,0.09199546277523041,20,1
eeg_gaze_imu,hemisphere,loso,30,15,0.8500000238418579,0.5050000041723252,0.12835497741224464,0.34500001966953275,0.047619047619047616,0.550000011920929,0.4750000014901161,0.2449866384267807,20,1
eeg_gaze_imu,hemisphere,within,30,0,0.762499988079071,0.5139062508940697,0.026340524559796578,0.24859373718500133,0.047619047619047616,0.550000011920929,0.46171875298023224,0.5656827688217163,320,1
eeg_gaze_imu,hemisphere,within,30,1,0.7406250238418579,0.5193749949336052,0.028239349035293335,0.22125002890825274,0.047619047619047616,0.4937500059604645,0.46624999642372134,0.24052263796329498,320,1
eeg_gaze_imu,hemisphere,within,30,2,0.7562500238418579,0.5103125050663948,0.0240259450557503,0.2459375187754631,0.047619047619047616,0.4000000059604645,0.48718750178813935,0.2663334012031555,320,1
eeg_gaze_imu,hemisphere,within,30,3,0.7232704162597656,0.5160377353429795,0.020133151879174017,0.20723268091678615,0.047619047619047616,0.5943396091461182,0.4106918230652809,0.2989181876182556,318,1
eeg_gaze_imu,hemisphere,within,30,4,0.7250000238418579,0.5062500029802323,0.029281770181974368,0.21875002086162565,0.047619047619047616,0.4906249940395355,0.4890625,0.2591439187526703,320,1
eeg_gaze_imu_video,eccentricity,loso,5,0,0.5545454621315002,0.5036363646388053,0.025936992552562783,0.0509090974926949,0.047619047619047616,0.5,0.4577272742986679,0.5486093163490295,220,1
eeg_gaze_imu_video,eccentricity,loso,5,1,0.7224880456924438,0.5145933017134666,0.0230200207285016,0.20789474397897723,0.047619047619047616,0.4880382716655731,0.3968899518251419,0.5542954802513123,209,1
eeg_gaze_imu_video,eccentricity,loso,5,2,0.6727272868156433,0.5068181768059731,0.02648482494381076,0.16590911000967024,0.047619047619047616,0.5,0.43681818544864653,0.546005368232727,220,1
eeg_gaze_imu_video,eccentricity,loso,5,3,0.6772727370262146,0.5059090927243233,0.027465233726216506,0.17136364430189133,0.047619047619047616,0.5,0.4177272766828537,0.7283234596252441,220,1
eeg_gaze_imu_video,eccentricity,loso,5,4,0.7545454502105713,0.5124999970197678,0.02546570324198778,0.2420454531908035,0.047619047619047616,0.5,0.43977272808551787,0.5264998078346252,220,1
eeg_gaze_imu_video,eccentricity,loso,5,5,0.5545454621315002,0.494999997317791,0.03252144719463629,0.05954546481370926,0.09523809523809523,0.5,0.4509090930223465,0.677424967288971,220,1
eeg_gaze_imu_video,eccentricity,loso,5,6,0.8090909123420715,0.49363636076450346,0.023636361612725976,0.3154545515775681,0.047619047619047616,0.47727271914482117,0.42681818157434465,0.5553783774375916,220,1
eeg_gaze_imu_video,eccentricity,loso,5,7,0.7181817889213562,0.505909088253975,0.029775330103307802,0.21227270066738124,0.047619047619047616,0.5,0.4822727248072624,0.554624080657959,220,1
eeg_gaze_imu_video,eccentricity,loso,5,8,0.4954545497894287,0.504772724211216,0.020250241722658525,-0.009318174421787284,0.7142857142857143,0.5,0.239772729575634,0.578639805316925,220,1
eeg_gaze_imu_video,eccentricity,loso,5,9,0.7863636612892151,0.49249999672174455,0.021621985831705486,0.29386366456747054,0.047619047619047616,0.5,0.4311363652348518,0.9399415850639343,220,1
eeg_gaze_imu_video,eccentricity,loso,5,10,0.6136363744735718,0.5150000005960464,0.025148321147313094,0.09863637387752533,0.047619047619047616,0.4909090995788574,0.42136363834142687,0.445476770401001,220,1
eeg_gaze_imu_video,eccentricity,loso,5,11,0.5045454502105713,0.5193181708455086,0.031389151271668886,-0.014772720634937286,0.7619047619047619,0.5,0.44977272897958753,0.7943355441093445,220,1
eeg_gaze_imu_video,eccentricity,loso,5,12,0.7409090995788574,0.5095454514026642,0.020118452439926583,0.23136364817619326,0.047619047619047616,0.5590909123420715,0.4040909126400948,0.501617968082428,220,1
eeg_gaze_imu_video,eccentricity,loso,5,13,0.44999998807907104,0.5013636410236358,0.030291288869059827,-0.0513636529445648,0.9523809523809523,0.5,0.31954545378684995,0.5815879106521606,220,1
eeg_gaze_imu_video,eccentricity,loso,5,14,0.7181817889213562,0.4997727259993553,0.028221197022995356,0.2184090629220009,0.047619047619047616,0.5,0.49113636165857316,0.5780567526817322,220,1
eeg_gaze_imu_video,eccentricity,loso,5,15,0.6636363863945007,0.514545452594757,0.039694077834174064,0.1490909337997437,0.047619047619047616,0.5,0.4659090906381607,0.5248859524726868,220,1
eeg_gaze_imu_video,eccentricity,within,5,0,0.6389204263687134,0.4801704570651054,0.009454977785938358,0.15874996930360796,0.047619047619047616,0.4954545497894287,0.42948863804340365,0.6614477038383484,3520,1
eeg_gaze_imu_video,eccentricity,within,5,1,0.6840909123420715,0.5115198835730552,0.010261337378750809,0.1725710287690163,0.047619047619047616,0.4857954680919647,0.45325283855199816,0.6812617778778076,3520,1
eeg_gaze_imu_video,eccentricity,within,5,2,0.6974431872367859,0.5154687449336052,0.008207956410920203,0.18197444230318072,0.047619047619047616,0.5278409123420715,0.4810937479138374,0.5205563902854919,3520,1
eeg_gaze_imu_video,eccentricity,within,5,3,0.6500857472419739,0.5069039449095726,0.007511715905311657,0.1431818023324013,0.047619047619047616,0.5045740604400635,0.44972841888666154,0.6819409132003784,3498,1
eeg_gaze_imu_video,eccentricity,within,5,4,0.628125011920929,0.4849715903401375,0.006775970220661697,0.14315342158079147,0.047619047619047616,0.48153409361839294,0.4553124994039536,0.5934171080589294,3520,1
eeg_gaze_imu_video,eccentricity,loso,10,0,0.6200000047683716,0.5185000017285347,0.04693346575570068,0.10150000303983686,0.047619047619047616,0.46000000834465027,0.469499996304512,0.2736240327358246,100,1
eeg_gaze_imu_video,eccentricity,loso,10,1,0.7263157963752747,0.5426315814256668,0.04269001608937104,0.18368421494960785,0.047619047619047616,0.5263158082962036,0.4152631625533104,0.41956275701522827,95,1
eeg_gaze_imu_video,eccentricity,loso,10,2,0.6700000166893005,0.5030000001192093,0.04313931277668824,0.16700001657009123,0.047619047619047616,0.5699999928474426,0.4509999960660934,0.42730507254600525,100,1
eeg_gaze_imu_video,eccentricity,loso,10,3,0.6299999952316284,0.49999999552965163,0.04472135555159611,0.1299999997019768,0.047619047619047616,0.5,0.4439999982714653,0.6552795171737671,100,1
eeg_gaze_imu_video,eccentricity,loso,10,4,0.5600000023841858,0.5494999974966049,0.040183953932647766,0.01050000488758085,0.47619047619047616,0.5099999904632568,0.39649999886751175,0.7798123955726624,100,1
eeg_gaze_imu_video,eccentricity,loso,10,5,0.699999988079071,0.5039999946951866,0.0454312685060814,0.1959999933838844,0.047619047619047616,0.47999998927116394,0.4609999984502792,0.19139470160007477,100,1
eeg_gaze_imu_video,eccentricity,loso,10,6,0.7200000286102295,0.5250000014901162,0.03398529645175277,0.19500002712011333,0.047619047619047616,0.4699999988079071,0.3799999952316284,0.2712533473968506,100,1
eeg_gaze_imu_video,eccentricity,loso,10,7,0.6499999761581421,0.5440000042319297,0.048826227658451855,0.10599997192621236,0.09523809523809523,0.5,0.4709999978542328,0.25155869126319885,100,1
eeg_gaze_imu_video,eccentricity,loso,10,8,0.47999998927116394,0.4979999974370003,0.0342928594997493,-0.018000008165836356,0.6666666666666666,0.49000000953674316,0.26300000324845313,0.5169345736503601,100,1
eeg_gaze_imu_video,eccentricity,loso,10,9,0.8199999928474426,0.5084999948740005,0.05534212135339821,0.3114999979734421,0.047619047619047616,0.5,0.4264999970793724,0.8040958046913147,100,1
eeg_gaze_imu_video,eccentricity,loso,10,10,0.6600000262260437,0.49849999994039534,0.05833309423471594,0.16150002628564836,0.047619047619047616,0.5099999904632568,0.4795000031590462,0.3572040796279907,100,1
eeg_gaze_imu_video,eccentricity,loso,10,11,0.5899999737739563,0.5209999904036522,0.034336571094975434,0.06899998337030411,0.047619047619047616,0.5,0.46299999952316284,0.2565534710884094,100,1
eeg_gaze_imu_video,eccentricity,loso,10,12,0.6600000262260437,0.5124999910593033,0.04470737746785284,0.14750003516674037,0.047619047619047616,0.49000000953674316,0.49449999928474425,0.3226635158061981,100,1
eeg_gaze_imu_video,eccentricity,loso,10,13,0.5199999809265137,0.5514999970793724,0.0407768356528427,-0.03150001615285869,0.8095238095238095,0.49000000953674316,0.4614999979734421,0.17014078795909882,100,1
eeg_gaze_imu_video,eccentricity,loso,10,14,0.7200000286102295,0.5184999987483024,0.04441565488847916,0.20150002986192705,0.047619047619047616,0.5,0.42349999845027925,0.32564011216163635,100,1
eeg_gaze_imu_video,eccentricity,loso,10,15,0.7099999785423279,0.5149999961256981,0.04780167026290256,0.19499998241662975,0.047619047619047616,0.5,0.46499999761581423,0.5011917948722839,100,1
eeg_gaze_imu_video,eccentricity,within,10,0,0.7024999856948853,0.5008437484502792,0.01164124276391758,0.20165623724460602,0.047619047619047616,0.49687498807907104,0.482093745470047,0.22512321174144745,1600,1
eeg_gaze_imu_video,eccentricity,within,10,1,0.6943749785423279,0.5001562431454658,0.012493550623897594,0.19421873539686207,0.047619047619047616,0.5,0.49396875202655793,0.3659305274486542,1600,1
eeg_gaze_imu_video,eccentricity,within,10,2,0.6737499833106995,0.5030937492847443,0.011996867671344827,0.1706562340259552,0.047619047619047616,0.518750011920929,0.46440624743700026,0.33750417828559875,1600,1
eeg_gaze_imu_video,eccentricity,within,10,3,0.6748427748680115,0.5058805033564567,0.01807152921424985,0.16896227151155474,0.047619047619047616,0.48993709683418274,0.4636163577437401,0.2962334454059601,1590,1
eeg_gaze_imu_video,eccentricity,within,10,4,0.6368749737739563,0.5009375035762786,0.015958324678783553,0.13593747019767766,0.047619047619047616,0.5,0.4697500005364418,0.3420308828353882,1600,1
eeg_gaze_imu_video,eccentricity,loso,15,0,0.5333333611488342,0.5133333325386047,0.06091889372315112,0.020000028610229537,0.42857142857142855,0.5833333134651184,0.4216666653752327,0.1164010763168335,60,1
eeg_gaze_imu_video,eccentricity,loso,15,1,0.7017543911933899,0.4815789520740509,0.062144649704273414,0.220175439119339,0.047619047619047616,0.4736842215061188,0.45701754838228226,0.21159684658050537,57,1
eeg_gaze_imu_video,eccentricity,loso,15,2,0.6666666865348816,0.49333333373069765,0.060644686371269484,0.17333335280418394,0.047619047619047616,0.550000011920929,0.49666666984558105,0.17681869864463806,60,1
eeg_gaze_imu_video,eccentricity,loso,15,3,0.7666666507720947,0.514999994635582,0.06869821150733194,0.25166665613651273,0.047619047619047616,0.4833333194255829,0.46999999731779096,0.14225254952907562,60,1
eeg_gaze_imu_video,eccentricity,loso,15,4,0.6499999761581421,0.5175000011920929,0.06111805880191952,0.13249997496604915,0.09523809523809523,0.5833333134651184,0.37416666746139526,0.14983634650707245,60,1
eeg_gaze_imu_video,eccentricity,loso,15,5,0.5666666626930237,0.4925000011920929,0.0484409752217793,0.07416666150093076,0.09523809523809523,0.5333333611488342,0.3808333337306976,0.23230555653572083,60,1
eeg_gaze_imu_video,eccentricity,loso,15,6,0.7833333611488342,0.5041666701436043,0.07048936370035565,0.27916669100522995,0.047619047619047616,0.44999998807907104,0.40250000059604646,0.35974201560020447,60,1
eeg_gaze_imu_video,eccentricity,loso,15,7,0.699999988079071,0.5166666701436042,0.061689185829236694,0.1833333179354668,0.047619047619047616,0.5,0.4566666692495346,0.177001491189003,60,1
eeg_gaze_imu_video,eccentricity,loso,15,8,0.46666666865348816,0.4916666656732559,0.04487638095613059,-0.02499999701976774,0.8095238095238095,0.5,0.17000000290572642,0.1950284093618393,60,1
eeg_gaze_imu_video,eccentricity,loso,15,9,0.6666666865348816,0.49249999821186063,0.08587377518092572,0.17416668832302096,0.047619047619047616,0.5166666507720947,0.47916666716337203,0.15099051594734192,60,1
eeg_gaze_imu_video,eccentricity,loso,15,10,0.699999988079071,0.5066666677594185,0.05562773320392282,0.19333332031965256,0.047619047619047616,0.5166666507720947,0.4000000014901161,0.18123053014278412,60,1
eeg_gaze_imu_video,eccentricity,loso,15,11,0.6166666746139526,0.49499999135732653,0.06413960209902239,0.12166668325662611,0.09523809523809523,0.5,0.4749999985098839,0.1624075323343277,60,1
eeg_gaze_imu_video,eccentricity,loso,15,12,0.75,0.4883333325386047,0.07092641266727946,0.2616666674613953,0.047619047619047616,0.5166666507720947,0.519999997317791,0.26839953660964966,60,1
eeg_gaze_imu_video,eccentricity,loso,15,13,0.5333333611488342,0.4883333325386047,0.05941848150458306,0.0450000286102295,0.3333333333333333,0.5,0.28666667118668554,0.2907431423664093,60,1
eeg_gaze_imu_video,eccentricity,loso,15,14,0.7333333492279053,0.492500002682209,0.056880725517388354,0.24083334654569627,0.047619047619047616,0.5166666507720947,0.49416667222976685,0.1665419340133667,60,1
eeg_gaze_imu_video,eccentricity,loso,15,15,0.7333333492279053,0.49333333075046537,0.03958114056620623,0.2400000184774399,0.047619047619047616,0.550000011920929,0.4766666695475578,0.25585779547691345,60,1
eeg_gaze_imu_video,eccentricity,within,15,0,0.7239583134651184,0.49906249940395353,0.01611690317285741,0.22489581406116488,0.047619047619047616,0.515625,0.4893749997019768,0.12448366731405258,960,1
eeg_gaze_imu_video,eccentricity,within,15,1,0.7145833373069763,0.5234895899891854,0.020213366821314804,0.19109374731779094,0.047619047619047616,0.46666666865348816,0.4793229177594185,0.16008536517620087,960,1
eeg_gaze_imu_video,eccentricity,within,15,2,0.7072916626930237,0.5226041734218597,0.010618360207952562,0.18468748927116396,0.047619047619047616,0.5333333611488342,0.46822916716337204,0.15117213129997253,960,1
eeg_gaze_imu_video,eccentricity,within,15,3,0.704402506351471,0.507966460287571,0.01210862047709766,0.19643604606389997,0.047619047619047616,0.4664570093154907,0.48301886916160586,0.1880803406238556,954,1
eeg_gaze_imu_video,eccentricity,within,15,4,0.5708333253860474,0.4881250008940697,0.011896909904984558,0.08270832449197768,0.047619047619047616,0.5,0.372604164481163,0.7353278398513794,960,1
eeg_gaze_imu_video,eccentricity,loso,20,0,0.699999988079071,0.49625000059604646,0.07469730726797812,0.20374998748302459,0.047619047619047616,0.5249999761581421,0.4787499964237213,0.10295160859823227,40,1
eeg_gaze_imu_video,eccentricity,loso,20,1,0.6578947305679321,0.561842106282711,0.07267875691069366,0.0960526242852211,0.23809523809523808,0.5263158082962036,0.4223684214055538,0.15391698479652405,38,1
eeg_gaze_imu_video,eccentricity,loso,20,2,0.7749999761581421,0.5099999904632568,0.06585969537949081,0.26499998569488525,0.047619047619047616,0.5,0.4125,0.18694859743118286,40,1
eeg_gaze_imu_video,eccentricity,loso,20,3,0.675000011920929,0.48125,0.08361930456567175,0.19375001192092894,0.047619047619047616,0.5,0.43624999970197675,0.4444286525249481,40,1
eeg_gaze_imu_video,eccentricity,loso,20,4,0.6499999761581421,0.476249997317791,0.08002929378879735,0.1737499788403511,0.047619047619047616,0.44999998807907104,0.3912500008940697,0.5280711650848389,40,1
eeg_gaze_imu_video,eccentricity,loso,20,5,0.625,0.4962499961256981,0.05983048449491663,0.1287500038743019,0.047619047619047616,0.42500001192092896,0.4512499958276749,0.13324542343616486,40,1
eeg_gaze_imu_video,eccentricity,loso,20,6,0.800000011920929,0.4462499961256981,0.06721002518853866,0.35375001579523085,0.047619047619047616,0.5,0.5112499937415123,0.07261216640472412,40,1
eeg_gaze_imu_video,eccentricity,loso,20,7,0.699999988079071,0.514999994635582,0.09565562812692856,0.18499999344348905,0.09523809523809523,0.5,0.47749999910593033,0.13464918732643127,40,1
eeg_gaze_imu_video,eccentricity,loso,20,8,0.4749999940395355,0.5224999934434891,0.05471517045400361,-0.04749999940395355,0.8095238095238095,0.5,0.2999999992549419,0.2811007499694824,40,1
eeg_gaze_imu_video,eccentricity,loso,20,9,0.800000011920929,0.5400000005960465,0.06910137596989485,0.2600000113248825,0.047619047619047616,0.5,0.4749999940395355,0.2418699860572815,40,1
eeg_gaze_imu_video,eccentricity,loso,20,10,0.574999988079071,0.478749991953373,0.05930587442054944,0.09624999612569807,0.09523809523809523,0.5,0.48874999582767487,0.1919085532426834,40,1
eeg_gaze_imu_video,eccentricity,loso,20,11,0.5,0.5337499991059304,0.07385585472545707,-0.03374999910593035,0.7142857142857143,0.5,0.4762499988079071,0.5674846172332764,40,1
eeg_gaze_imu_video,eccentricity,loso,20,12,0.75,0.49624999314546586,0.06627357930941,0.25375000685453414,0.047619047619047616,0.574999988079071,0.476249997317791,0.15892517566680908,40,1
eeg_gaze_imu_video,eccentricity,loso,20,13,0.4000000059604645,0.4987499967217445,0.059411172244759156,-0.09874999076128005,1.0,0.5,0.2687500029802322,0.319355845451355,40,1
eeg_gaze_imu_video,eccentricity,loso,20,14,0.824999988079071,0.5312499985098839,0.0778118735646316,0.2937499895691872,0.047619047619047616,0.5249999761581421,0.4787500023841858,0.17272250354290009,40,1
eeg_gaze_imu_video,eccentricity,loso,20,15,0.675000011920929,0.5412499889731407,0.06859072524876919,0.13375002294778826,0.047619047619047616,0.5,0.4062499970197678,0.51763916015625,40,1
eeg_gaze_imu_video,eccentricity,within,20,0,0.598437488079071,0.4749218747019768,0.022077607564330134,0.12351561337709427,0.047619047619047616,0.5,0.4572656244039536,0.5050917267799377,640,1
eeg_gaze_imu_video,eccentricity,within,20,1,0.6875,0.5028906226158142,0.014012709441686293,0.1846093773841858,0.047619047619047616,0.4749999940395355,0.4767968744039536,0.1705601066350937,640,1
eeg_gaze_imu_video,eccentricity,within,20,2,0.706250011920929,0.51953125,0.020907746407570447,0.18671876192092896,0.047619047619047616,0.6000000238418579,0.48421874940395354,0.11770640313625336,640,1
eeg_gaze_imu_video,eccentricity,within,20,3,0.606918215751648,0.5050314486026763,0.015743697307788435,0.1018867671489716,0.047619047619047616,0.5,0.45220125615596773,0.30353569984436035,636,1
eeg_gaze_imu_video,eccentricity,within,20,4,0.573437511920929,0.49124999791383744,0.01829793361852204,0.08218751400709151,0.047619047619047616,0.5249999761581421,0.428593747317791,0.3280218243598938,640,1
eeg_gaze_imu_video,eccentricity,loso,30,0,0.5,0.4925000011920929,0.09256754429226347,0.007499998807907082,0.5714285714285714,0.550000011920929,0.4575000025331974,0.21709363162517548,20,1
eeg_gaze_imu_video,eccentricity,loso,30,1,0.7368420958518982,0.4868421137332916,0.09968788612940326,0.24999998211860658,0.047619047619047616,0.5789473652839661,0.44999999850988387,0.1479111611843109,19,1
eeg_gaze_imu_video,eccentricity,loso,30,2,0.75,0.5450000077486038,0.11390785443781257,0.2049999922513962,0.047619047619047616,0.44999998807907104,0.325,0.23548881709575653,20,1
eeg_gaze_imu_video,eccentricity,loso,30,3,0.699999988079071,0.47749999910593033,0.08135570279334739,0.22249998897314072,0.09523809523809523,0.6000000238418579,0.4025000002235174,0.12384137511253357,20,1
eeg_gaze_imu_video,eccentricity,loso,30,4,0.5,0.492500002682209,0.0779021849992891,0.007499997317790996,0.6190476190476191,0.6499999761581421,0.3025000043213367,0.3790068030357361,20,1
eeg_gaze_imu_video,eccentricity,loso,30,5,0.6000000238418579,0.4775000065565109,0.0928372305054752,0.12250001728534698,0.2857142857142857,0.44999998807907104,0.43250000327825544,0.3519853949546814,20,1
eeg_gaze_imu_video,eccentricity,loso,30,6,0.6499999761581421,0.44749999791383743,0.09010410838134489,0.20249997824430466,0.047619047619047616,0.5,0.34750000238418577,0.3820316195487976,20,1
eeg_gaze_imu_video,eccentricity,loso,30,7,0.5,0.5449999988079071,0.10111874128502427,-0.04499999880790706,0.7142857142857143,0.550000011920929,0.4150000035762787,0.1376717984676361,20,1
eeg_gaze_imu_video,eccentricity,loso,30,8,0.550000011920929,0.4974999979138374,0.08135570242702671,0.05250001400709153,0.38095238095238093,0.44999998807907104,0.2825000058859587,0.09104051440954208,20,1
eeg_gaze_imu_video,eccentricity,loso,30,9,0.699999988079071,0.530000002682209,0.11224972566537174,0.169999985396862,0.14285714285714285,0.550000011920929,0.41500000581145285,0.3289712071418762,20,1
eeg_gaze_imu_video,eccentricity,loso,30,10,0.6000000238418579,0.4849999979138374,0.09096702435598725,0.1150000259280205,0.19047619047619047,0.5,0.5450000002980232,0.05922219157218933,20,1
eeg_gaze_imu_video,eccentricity,loso,30,11,0.6000000238418579,0.4500000037252903,0.13416407815018766,0.1500000201165676,0.14285714285714285,0.550000011920929,0.42000000476837157,0.1637219488620758,20,1
eeg_gaze_imu_video,eccentricity,loso,30,12,0.6000000238418579,0.4824999995529652,0.12676257292650278,0.11750002428889272,0.23809523809523808,0.44999998807907104,0.3375000014901161,0.14907178282737732,20,1
eeg_gaze_imu_video,eccentricity,loso,30,13,0.699999988079071,0.492500002682209,0.07119515503064724,0.20749998539686204,0.047619047619047616,0.5,0.43250000178813935,0.1421079784631729,20,1
eeg_gaze_imu_video,eccentricity,loso,30,14,0.699999988079071,0.4675000041723251,0.09781999597375673,0.23249998390674592,0.047619047619047616,0.5,0.3875000007450581,0.1851879060268402,20,1
eeg_gaze_imu_video,eccentricity,loso,30,15,0.800000011920929,0.4500000044703484,0.10606601577308779,0.3500000074505806,0.047619047619047616,0.5,0.4500000081956387,0.392756849527359,20,1
eeg_gaze_imu_video,eccentricity,within,30,0,0.6656249761581421,0.4992187485098839,0.024324364365313707,0.1664062276482582,0.047619047619047616,0.44999998807907104,0.4979687497019768,0.14783510565757751,320,1
eeg_gaze_imu_video,eccentricity,within,30,1,0.643750011920929,0.47187500149011613,0.024145558109367526,0.17187501043081282,0.047619047619047616,0.48750001192092896,0.4703124985098839,0.13971734046936035,320,1
eeg_gaze_imu_video,eccentricity,within,30,2,0.675000011920929,0.5212500005960464,0.027450236776490406,0.15375001132488253,0.047619047619047616,0.550000011920929,0.4515624985098839,0.19862066209316254,320,1
eeg_gaze_imu_video,eccentricity,within,30,3,0.6320754885673523,0.4977987438440323,0.026123348277933542,0.13427674472332002,0.047619047619047616,0.44968554377555847,0.4358490541577339,0.20027600228786469,318,1
eeg_gaze_imu_video,eccentricity,within,30,4,0.653124988079071,0.5129687517881394,0.022562305190544918,0.14015623629093166,0.047619047619047616,0.5,0.48421875536441805,0.24618566036224365,320,1
eeg_gaze_imu_video,hemisphere,loso,5,0,0.5090909004211426,0.49659091234207153,0.032647471930993634,0.012499988079071045,0.42857142857142855,0.5,0.3520454540848732,0.7760795950889587,220,1
eeg_gaze_imu_video,hemisphere,loso,5,1,0.8947368264198303,0.4830143555998802,0.023560646749346794,0.4117224708199501,0.047619047619047616,0.5358851552009583,0.5050239264965057,0.5768404006958008,209,1
eeg_gaze_imu_video,hemisphere,loso,5,2,0.7454545497894287,0.48636363446712494,0.027723544931002056,0.25909091532230377,0.047619047619047616,0.4954545497894287,0.41863636672496796,0.9831603169441223,220,1
eeg_gaze_imu_video,hemisphere,loso,5,3,0.8636363744735718,0.48795454651117326,0.02780818593298319,0.3756818279623985,0.047619047619047616,0.4636363685131073,0.48295454680919647,0.6154279112815857,220,1
eeg_gaze_imu_video,hemisphere,loso,5,4,0.800000011920929,0.48954545259475707,0.03392687960774128,0.3104545593261719,0.047619047619047616,0.5,0.494999997317791,0.6405084133148193,220,1
eeg_gaze_imu_video,hemisphere,loso,5,5,0.6818181872367859,0.4931818187236786,0.040388101352295376,0.18863636851310728,0.047619047619047616,0.5045454502105713,0.4772727280855179,0.5758167505264282,220,1
eeg_gaze_imu_video,hemisphere,loso,5,6,0.7681818008422852,0.5034090861678123,0.03194374385838775,0.26477271467447283,0.047619047619047616,0.48636364936828613,0.4956818163394928,0.6219227313995361,220,1
eeg_gaze_imu_video,hemisphere,loso,5,7,0.37272727489471436,0.49954545497894287,0.02409091198219714,-0.12681818008422852,1.0,0.5,0.43863636553287505,0.3829343616962433,220,1
eeg_gaze_imu_video,hemisphere,loso,5,8,0.6545454263687134,0.5004545465111733,0.041183427078113774,0.1540908798575401,0.047619047619047616,0.5,0.452727273106575,0.6292200088500977,220,1
eeg_gaze_imu_video,hemisphere,loso,5,9,0.7636363506317139,0.5009090960025787,0.026683018644461924,0.26272725462913515,0.047619047619047616,0.4909090995788574,0.4504545494914055,0.6241341233253479,220,1
eeg_gaze_imu_video,hemisphere,loso,5,10,0.5409091114997864,0.49613636285066604,0.028469025382768406,0.04477274864912034,0.14285714285714285,0.48181816935539246,0.4465909108519554,0.8134972453117371,220,1
eeg_gaze_imu_video,hemisphere,loso,5,11,0.7136363387107849,0.49113636165857316,0.02985761571590205,0.22249997705221175,0.047619047619047616,0.5045454502105713,0.47931817919015884,0.5251115560531616,220,1
eeg_gaze_imu_video,hemisphere,loso,5,12,0.7909091114997864,0.5063636362552643,0.022147145379363117,0.2845454752445221,0.047619047619047616,0.5,0.47318181991577146,0.7261912226676941,220,1
eeg_gaze_imu_video,hemisphere,loso,5,13,0.5227272510528564,0.49340908974409103,0.022520649375355327,0.02931816130876541,0.19047619047619047,0.5136363506317139,0.226590908318758,0.4981845021247864,220,1
eeg_gaze_imu_video,hemisphere,loso,5,14,0.9409090876579285,0.4897727265954018,0.031716559264789716,0.4511363610625267,0.047619047619047616,0.4681818187236786,0.5102272689342499,0.700957179069519,220,1
eeg_gaze_imu_video,hemisphere,loso,5,15,0.6909090876579285,0.48659090548753736,0.039534347924974664,0.2043181821703911,0.047619047619047616,0.48636364936828613,0.48477272540330885,0.42855706810951233,220,1
eeg_gaze_imu_video,hemisphere,within,5,0,0.7579545378684998,0.48977273106575014,0.006252585220735693,0.2681818068027496,0.047619047619047616,0.5,0.5000852271914482,0.4181641936302185,3520,1
eeg_gaze_imu_video,hemisphere,within,5,1,0.7411931753158569,0.5022301122546196,0.00753364410068482,0.23896306306123738,0.047619047619047616,0.5,0.4938210189342499,0.5568852424621582,3520,1
eeg_gaze_imu_video,hemisphere,within,5,2,0.7329545617103577,0.5095028385519982,0.008291109130363525,0.22345172315835948,0.047619047619047616,0.5360795259475708,0.4825994327664375,0.872682511806488,3520,1
eeg_gaze_imu_video,hemisphere,within,5,3,0.6872498393058777,0.4999571219086647,0.009826992804689674,0.18729271739721298,0.047619047619047616,0.49685534834861755,0.49183818995952605,0.8940666913986206,3498,1
eeg_gaze_imu_video,hemisphere,within,5,4,0.6971591114997864,0.49957386702299117,0.006339430947263352,0.1975852444767952,0.047619047619047616,0.5,0.49443182200193403,0.6081027984619141,3520,1
eeg_gaze_imu_video,hemisphere,loso,10,0,0.5400000214576721,0.5049999997019767,0.04201191213395903,0.03500002175569539,0.3333333333333333,0.5099999904632568,0.4629999965429306,0.3626284897327423,100,1
eeg_gaze_imu_video,hemisphere,loso,10,1,0.8421052694320679,0.49578947126865386,0.04156228429063936,0.346315798163414,0.047619047619047616,0.43157893419265747,0.452631576359272,0.6094327569007874,95,1
eeg_gaze_imu_video,hemisphere,loso,10,2,0.7599999904632568,0.48849999606609346,0.05032643511759035,0.2714999943971634,0.047619047619047616,0.5099999904632568,0.40249999761581423,0.6139926314353943,100,1
eeg_gaze_imu_video,hemisphere,loso,10,3,0.8199999928474426,0.49049999564886093,0.047273140723691896,0.3294999971985817,0.047619047619047616,0.5,0.4474999949336052,0.42331647872924805,100,1
eeg_gaze_imu_video,hemisphere,loso,10,4,0.8500000238418579,0.4959999918937683,0.048414873988942814,0.3540000319480896,0.047619047619047616,0.5199999809265137,0.48999999463558197,0.22917962074279785,100,1
eeg_gaze_imu_video,hemisphere,loso,10,5,0.7200000286102295,0.5039999961853028,0.04140047707962536,0.2160000324249267,0.047619047619047616,0.5,0.5089999929070472,0.2852054536342621,100,1
eeg_gaze_imu_video,hemisphere,loso,10,6,0.7400000095367432,0.4869999960064888,0.047759814408422724,0.25300001353025436,0.047619047619047616,0.47999998927116394,0.47099999636411666,0.4381319582462311,100,1
eeg_gaze_imu_video,hemisphere,loso,10,7,0.4000000059604645,0.5049999922513961,0.04790615550590201,-0.10499998629093166,1.0,0.49000000953674316,0.4499999970197678,0.527292788028717,100,1
eeg_gaze_imu_video,hemisphere,loso,10,8,0.699999988079071,0.484000001847744,0.056868268733929805,0.21599998623132705,0.047619047619047616,0.5,0.4879999980330467,0.44763991236686707,100,1
eeg_gaze_imu_video,hemisphere,loso,10,9,0.7200000286102295,0.5089999988675118,0.04570558174638102,0.2110000297427177,0.047619047619047616,0.47999998927116394,0.4339999988675117,0.4727450907230377,100,1
eeg_gaze_imu_video,hemisphere,loso,10,10,0.550000011920929,0.5099999994039536,0.0630872377054972,0.04000001251697538,0.38095238095238093,0.49000000953674316,0.4989999979734421,0.45424968004226685,100,1
eeg_gaze_imu_video,hemisphere,loso,10,11,0.6700000166893005,0.5114999935030937,0.05284646809195827,0.15850002318620682,0.047619047619047616,0.5,0.41749999970197677,0.32738423347473145,100,1
eeg_gaze_imu_video,hemisphere,loso,10,12,0.8199999928474426,0.5139999970793724,0.04543126450456208,0.30599999576807024,0.047619047619047616,0.5,0.4859999969601631,0.20400050282478333,100,1
eeg_gaze_imu_video,hemisphere,loso,10,13,0.4699999988079071,0.5025000020861625,0.047526310914902795,-0.03250000327825542,0.7619047619047619,0.4399999976158142,0.34150000363588334,0.3534102439880371,100,1
eeg_gaze_imu_video,hemisphere,loso,10,14,0.8999999761581421,0.5164999976754189,0.05909949279055737,0.3834999784827232,0.047619047619047616,0.6399999856948853,0.49749999642372134,0.7254456877708435,100,1
eeg_gaze_imu_video,hemisphere,loso,10,15,0.7200000286102295,0.48750000149011613,0.04515251857361802,0.23250002712011336,0.047619047619047616,0.4699999988079071,0.5034999921917915,0.23951271176338196,100,1
eeg_gaze_imu_video,hemisphere,within,10,0,0.7443749904632568,0.5049687564373017,0.01348100217915772,0.23940623402595518,0.047619047619047616,0.5,0.46484375,0.5271012187004089,1600,1
eeg_gaze_imu_video,hemisphere,within,10,1,0.7362499833106995,0.5054374992847442,0.012967961589570316,0.23081248402595522,0.047619047619047616,0.5,0.465250001847744,0.49930185079574585,1600,1
eeg_gaze_imu_video,hemisphere,within,10,2,0.7393749952316284,0.5117500022053718,0.012133043702113294,0.2276249930262566,0.047619047619047616,0.5699999928474426,0.471562497317791,0.44830214977264404,1600,1
eeg_gaze_imu_video,hemisphere,within,10,3,0.7012578845024109,0.5006289348006249,0.012517142374535328,0.20062894970178602,0.047619047619047616,0.5,0.48446540981531144,0.6877228021621704,1590,1
eeg_gaze_imu_video,hemisphere,within,10,4,0.7106249928474426,0.5017187461256981,0.010707168023465226,0.20890624672174452,0.047619047619047616,0.5400000214576721,0.4939062505960464,0.24386504292488098,1600,1
eeg_gaze_imu_video,hemisphere,loso,15,0,0.550000011920929,0.486666664481163,0.04521553843518338,0.06333334743976593,0.19047619047619047,0.5,0.4833333343267441,0.4768284559249878,60,1
eeg_gaze_imu_video,hemisphere,loso,15,1,0.8771929740905762,0.48771930634975436,0.05808051207854441,0.3894736677408218,0.047619047619047616,0.5438596606254578,0.48421053141355513,0.23197992146015167,57,1
eeg_gaze_imu_video,hemisphere,loso,15,2,0.6833333373069763,0.49916666746139526,0.051227979316361826,0.18416666984558105,0.047619047619047616,0.5166666507720947,0.31916666850447656,0.6791029572486877,60,1
eeg_gaze_imu_video,hemisphere,loso,15,3,0.9333333373069763,0.5224999979138374,0.0673455067329497,0.41083333939313893,0.047619047619047616,0.4833333194255829,0.46916666626930237,0.10694803297519684,60,1
eeg_gaze_imu_video,hemisphere,loso,15,4,0.7833333611488342,0.5283333316445351,0.06304759809448961,0.2550000295042991,0.047619047619047616,0.5666666626930237,0.45166666358709334,0.3361981511116028,60,1
eeg_gaze_imu_video,hemisphere,loso,15,5,0.6833333373069763,0.5066666588187217,0.058783974349534335,0.17666667848825457,0.047619047619047616,0.4833333194255829,0.47000000476837156,0.2954657971858978,60,1
eeg_gaze_imu_video,hemisphere,loso,15,6,0.7333333492279053,0.5225000008940697,0.060386487423735716,0.2108333483338356,0.047619047619047616,0.5,0.47583332657814026,0.27971693873405457,60,1
eeg_gaze_imu_video,hemisphere,loso,15,7,0.6166666746139526,0.5208333298563957,0.06430720480379643,0.0958333447575569,0.19047619047619047,0.5166666507720947,0.49583333283662795,0.1690489500761032,60,1
eeg_gaze_imu_video,hemisphere,loso,15,8,0.6666666865348816,0.5016666665673256,0.042130751070542455,0.16500001996755598,0.047619047619047616,0.5,0.43500000089406965,0.2307329624891281,60,1
eeg_gaze_imu_video,hemisphere,loso,15,9,0.7833333611488342,0.5174999952316284,0.052301211214294686,0.26583336591720585,0.047619047619047616,0.550000011920929,0.44416666477918626,0.5943424701690674,60,1
eeg_gaze_imu_video,hemisphere,loso,15,10,0.5166666507720947,0.5183333262801171,0.056248457566649444,-0.0016666755080223528,0.5714285714285714,0.5833333134651184,0.4500000014901161,0.12664411962032318,60,1
eeg_gaze_imu_video,hemisphere,loso,15,11,0.6000000238418579,0.48999999910593034,0.05661762658683904,0.11000002473592757,0.047619047619047616,0.5166666507720947,0.3783333331346512,0.5327471494674683,60,1
eeg_gaze_imu_video,hemisphere,loso,15,12,0.7666666507720947,0.5366666629910469,0.051261858821584835,0.2299999877810478,0.047619047619047616,0.5666666626930237,0.4583333283662796,0.30705878138542175,60,1
eeg_gaze_imu_video,hemisphere,loso,15,13,0.550000011920929,0.4866666615009308,0.04301163404938828,0.06333335041999816,0.19047619047619047,0.5333333611488342,0.38666666895151136,0.32240572571754456,60,1
eeg_gaze_imu_video,hemisphere,loso,15,14,0.8833333253860474,0.5100000098347663,0.06485025857844495,0.373333315551281,0.047619047619047616,0.4833333194255829,0.4783333301544189,0.4834749698638916,60,1
eeg_gaze_imu_video,hemisphere,loso,15,15,0.800000011920929,0.5116666629910469,0.06238322346838136,0.28833334892988205,0.047619047619047616,0.4833333194255829,0.4966666683554649,0.2556152045726776,60,1
eeg_gaze_imu_video,hemisphere,within,15,0,0.7406250238418579,0.5099479138851166,0.012978995406572717,0.2306771099567413,0.047619047619047616,0.5,0.4817187488079071,0.5088450908660889,960,1
eeg_gaze_imu_video,hemisphere,within,15,1,0.7447916865348816,0.5046354189515114,0.01667146402875417,0.24015626758337016,0.047619047619047616,0.5,0.4878645807504654,0.6021202206611633,960,1
eeg_gaze_imu_video,hemisphere,within,15,2,0.7447916865348816,0.5065624967217446,0.017195705719395993,0.238229189813137,0.047619047619047616,0.5,0.4841666668653488,0.3436201214790344,960,1
eeg_gaze_imu_video,hemisphere,within,15,3,0.7368972897529602,0.5063941270112992,0.012786111883370506,0.23050316274166105,0.047619047619047616,0.5639412999153137,0.4852201253175735,0.15883460640907288,954,1
eeg_gaze_imu_video,hemisphere,within,15,4,0.7208333611488342,0.5013020843267441,0.017887801884511233,0.21953127682209017,0.047619047619047616,0.44999998807907104,0.49244791120290754,0.16476336121559143,960,1
eeg_gaze_imu_video,hemisphere,loso,20,0,0.574999988079071,0.5162500023841858,0.06859073260802738,0.05874998569488521,0.38095238095238093,0.5,0.35625000223517417,0.4076186716556549,40,1
eeg_gaze_imu_video,hemisphere,loso,20,1,0.8947368264198303,0.5355263136327266,0.10201399297780878,0.3592105127871037,0.047619047619047616,0.4736842215061188,0.45921052247285843,0.16621269285678864,38,1
eeg_gaze_imu_video,hemisphere,loso,20,2,0.824999988079071,0.5062499940395355,0.0693158526276229,0.3187499940395355,0.047619047619047616,0.5,0.4037499979138374,0.5030085444450378,40,1
eeg_gaze_imu_video,hemisphere,loso,20,3,0.925000011920929,0.5112499937415123,0.07135956346621931,0.4137500181794167,0.047619047619047616,0.5,0.46374999433755876,0.3390929102897644,40,1
eeg_gaze_imu_video,hemisphere,loso,20,4,0.800000011920929,0.49374999701976774,0.09044162527263934,0.3062500149011612,0.047619047619047616,0.550000011920929,0.5012500002980232,0.27184632420539856,40,1
eeg_gaze_imu_video,hemisphere,loso,20,5,0.7250000238418579,0.5162499994039536,0.0703895414758047,0.20875002443790436,0.047619047619047616,0.625,0.4462499976158142,0.1962539404630661,40,1
eeg_gaze_imu_video,hemisphere,loso,20,6,0.75,0.5150000005960464,0.07044502140038908,0.23499999940395355,0.047619047619047616,0.5,0.4850000008940697,0.48354461789131165,40,1
eeg_gaze_imu_video,hemisphere,loso,20,7,0.574999988079071,0.5149999961256981,0.06393355935595206,0.05999999195337291,0.2857142857142857,0.5249999761581421,0.4699999958276749,0.16254372894763947,40,1
eeg_gaze_imu_video,hemisphere,loso,20,8,0.7749999761581421,0.5212500020861626,0.08149961620241254,0.2537499740719795,0.047619047619047616,0.44999998807907104,0.49874999225139616,0.1691715121269226,40,1
eeg_gaze_imu_video,hemisphere,loso,20,9,0.7250000238418579,0.5074999928474426,0.05539630182873343,0.21750003099441528,0.047619047619047616,0.5,0.4374999970197678,0.4121653139591217,40,1
eeg_gaze_imu_video,hemisphere,loso,20,10,0.5249999761581421,0.49750000089406965,0.06656763783402453,0.02749997526407244,0.47619047619047616,0.4749999940395355,0.4574999988079071,0.35122808814048767,40,1
eeg_gaze_imu_video,hemisphere,loso,20,11,0.7250000238418579,0.4975000023841858,0.09417404138894002,0.22750002145767212,0.047619047619047616,0.4749999940395355,0.4800000011920929,0.26633045077323914,40,1
eeg_gaze_imu_video,hemisphere,loso,20,12,0.75,0.4924999937415123,0.07163274023789087,0.2575000062584877,0.047619047619047616,0.5,0.46000000089406967,0.4029329717159271,40,1
eeg_gaze_imu_video,hemisphere,loso,20,13,0.5249999761581421,0.47374999672174456,0.07047826880831724,0.05124997943639753,0.3333333333333333,0.4749999940395355,0.44625000059604647,0.1751224547624588,40,1
eeg_gaze_imu_video,hemisphere,loso,20,14,0.925000011920929,0.5112499982118607,0.07223009835310781,0.4137500137090683,0.047619047619047616,0.574999988079071,0.4937499985098839,0.3787524104118347,40,1
eeg_gaze_imu_video,hemisphere,loso,20,15,0.75,0.4549999967217445,0.07968688848672313,0.2950000032782555,0.047619047619047616,0.4749999940395355,0.5424999982118607,0.11542735993862152,40,1
eeg_gaze_imu_video,hemisphere,within,20,0,0.762499988079071,0.5016406267881394,0.016539454692117424,0.2608593612909317,0.047619047619047616,0.4609375,0.48820312023162843,0.23024356365203857,640,1
eeg_gaze_imu_video,hemisphere,within,20,1,0.7328125238418579,0.4982812449336052,0.020473517008866488,0.2345312789082527,0.047619047619047616,0.5,0.48843750208616254,0.3102754056453705,640,1
eeg_gaze_imu_video,hemisphere,within,20,2,0.7578125,0.5048437550663948,0.025915373459882766,0.2529687449336052,0.047619047619047616,0.44999998807907104,0.47890624701976775,0.3644569218158722,640,1
eeg_gaze_imu_video,hemisphere,within,20,3,0.7437106966972351,0.5368710666894912,0.01760356731529748,0.20683963000774386,0.047619047619047616,0.49685534834861755,0.46580188572406767,0.4851178228855133,636,1
eeg_gaze_imu_video,hemisphere,within,20,4,0.7171875238418579,0.5430468738079071,0.016940514179971052,0.17414065003395085,0.047619047619047616,0.598437488079071,0.44632812589406967,0.7074239253997803,640,1
eeg_gaze_imu_video,hemisphere,loso,30,0,0.550000011920929,0.45999999791383744,0.10198038974583207,0.09000001400709151,0.2857142857142857,0.30000001192092896,0.4550000011920929,0.11266544461250305,20,1
eeg_gaze_imu_video,hemisphere,loso,30,1,0.9473684430122375,0.5026315808296203,0.11467767527060693,0.4447368621826172,0.047619047619047616,0.6315789222717285,0.4815789505839348,0.22178630530834198,19,1
eeg_gaze_imu_video,hemisphere,loso,30,2,0.699999988079071,0.5075000062584877,0.06571720549609296,0.19249998182058337,0.047619047619047616,0.550000011920929,0.367500002682209,0.209531769156456,20,1
eeg_gaze_imu_video,hemisphere,loso,30,3,0.8999999761581421,0.5,0.1072380514191423,0.3999999761581421,0.047619047619047616,0.44999998807907104,0.4950000047683716,0.13952162861824036,20,1
eeg_gaze_imu_video,hemisphere,loso,30,4,0.75,0.49750000461935995,0.13179055169646073,0.25249999538064005,0.09523809523809523,0.44999998807907104,0.4625000014901161,0.14420773088932037,20,1
eeg_gaze_imu_video,hemisphere,loso,30,5,0.75,0.5024999961256981,0.11453710611966417,0.24750000387430193,0.047619047619047616,0.550000011920929,0.5175000086426735,0.21662458777427673,20,1
eeg_gaze_imu_video,hemisphere,loso,30,6,0.8500000238418579,0.5175000071525574,0.0912071882045057,0.3325000166893005,0.047619047619047616,0.5,0.46249999701976774,0.18844372034072876,20,1
eeg_gaze_imu_video,hemisphere,loso,30,7,0.4000000059604645,0.46000000089406967,0.11357816946123579,-0.059999994933605194,0.8095238095238095,0.44999998807907104,0.4550000011920929,0.3358190953731537,20,1
eeg_gaze_imu_video,hemisphere,loso,30,8,0.8500000238418579,0.4824999988079071,0.10985786157422064,0.3675000250339508,0.047619047619047616,0.44999998807907104,0.47250000238418577,0.11009196192026138,20,1
eeg_gaze_imu_video,hemisphere,loso,30,9,0.8500000238418579,0.4875000029802322,0.09730750633821468,0.3625000208616257,0.047619047619047616,0.6000000238418579,0.5025000020861625,0.18207381665706635,20,1
eeg_gaze_imu_video,hemisphere,loso,30,10,0.5,0.5000000029802323,0.10246950809585792,-2.9802322831784522e-09,0.6666666666666666,0.44999998807907104,0.47000000178813933,0.3375111520290375,20,1
eeg_gaze_imu_video,hemisphere,loso,30,11,0.699999988079071,0.5124999985098839,0.1094017736158781,0.18749998956918712,0.047619047619047616,0.5,0.5025000080466271,0.18551099300384521,20,1
eeg_gaze_imu_video,hemisphere,loso,30,12,0.8500000238418579,0.5674999982118607,0.13626719944782234,0.2825000256299972,0.09523809523809523,0.6000000238418579,0.42250000312924385,0.15626230835914612,20,1
eeg_gaze_imu_video,hemisphere,loso,30,13,0.44999998807907104,0.4675000011920929,0.061796039233241395,-0.01750001311302185,0.7142857142857143,0.44999998807907104,0.2625000014901161,0.05179784819483757,20,1
eeg_gaze_imu_video,hemisphere,loso,30,14,0.949999988079071,0.5249999955296516,0.12499999672174524,0.42499999254941945,0.047619047619047616,0.550000011920929,0.4600000023841858,0.10356700420379639,20,1
eeg_gaze_imu_video,hemisphere,loso,30,15,0.800000011920929,0.4924999997019768,0.10401321656726802,0.3075000122189522,0.047619047619047616,0.4000000059604645,0.4475000001490116,0.18589206039905548,20,1
eeg_gaze_imu_video,hemisphere,within,30,0,0.721875011920929,0.4603124976158142,0.02550466881025683,0.26156251430511473,0.047619047619047616,0.2718749940395355,0.48781249970197677,0.3683386445045471,320,1
eeg_gaze_imu_video,hemisphere,within,30,1,0.7593749761581421,0.5157812476158142,0.02842676604000336,0.24359372854232786,0.047619047619047616,0.44999998807907104,0.4835937529802322,0.09285815060138702,320,1
eeg_gaze_imu_video,hemisphere,within,30,2,0.7875000238418579,0.5262499958276748,0.021250002612090514,0.26125002801418307,0.047619047619047616,0.5531250238418579,0.47531249821186067,0.2049049288034439,320,1
eeg_gaze_imu_video,hemisphere,within,30,3,0.7138364911079407,0.514937111735344,0.022564399316870955,0.19889937937259672,0.047619047619047616,0.44968554377555847,0.47028301656246185,0.15530626475811005,318,1
eeg_gaze_imu_video,hemisphere,within,30,4,0.7281249761581421,0.526875002682209,0.024435030127314197,0.2012499734759331,0.047619047619047616,0.5406249761581421,0.479374997317791,0.31362950801849365,320,1
eeg_gaze_video,eccentricity,loso,5,0,0.5090909004211426,0.5011363610625267,0.037945014737241024,0.007954539358615897,0.47619047619047616,0.5,0.4447727262973785,0.7694463729858398,220,1
eeg_gaze_video,eccentricity,loso,5,1,0.7703348994255066,0.5155502334237099,0.02866323810256175,0.2547846660017967,0.047619047619047616,0.4736842215061188,0.4174641102552414,0.6428267359733582,209,1
eeg_gaze_video,eccentricity,loso,5,2,0.6227272748947144,0.49363635927438737,0.021387794881287562,0.12909091562032698,0.047619047619047616,0.5,0.3404545456171036,0.7060849070549011,220,1
eeg_gaze_video,eccentricity,loso,5,3,0.7136363387107849,0.5015909075737,0.03393220613188233,0.21204543113708496,0.047619047619047616,0.5,0.43613636791706084,0.4546704888343811,220,1
eeg_gaze_video,eccentricity,loso,5,4,0.5954545736312866,0.5072727277874947,0.029785737384030477,0.08818184584379196,0.047619047619047616,0.5,0.43681818097829817,0.8134724497795105,220,1
eeg_gaze_video,eccentricity,loso,5,5,0.5272727012634277,0.49068181663751603,0.025772164819493647,0.0365908846259117,0.09523809523809523,0.5,0.48022727519273756,0.8215145468711853,220,1
eeg_gaze_video,eccentricity,loso,5,6,0.7954545617103577,0.5063636347651481,0.024155145259531503,0.28909092694520955,0.047619047619047616,0.5181818008422852,0.4559090882539749,0.6292021870613098,220,1
eeg_gaze_video,eccentricity,loso,5,7,0.7454545497894287,0.5120454475283622,0.021669715128588885,0.23340910226106648,0.047619047619047616,0.4909090995788574,0.48840909004211425,0.4047694206237793,220,1
eeg_gaze_video,eccentricity,loso,5,8,0.4909090995788574,0.500454543530941,0.020775263529162404,-0.009545443952083565,0.6666666666666666,0.5,0.1822727292776108,0.598461925983429,220,1
eeg_gaze_video,eccentricity,loso,5,9,0.8500000238418579,0.4988636299967766,0.027830464739783033,0.35113639384508133,0.047619047619047616,0.5,0.49340908974409103,0.4117107093334198,220,1
eeg_gaze_video,eccentricity,loso,5,10,0.5909090638160706,0.5147727236151696,0.03799942462863362,0.07613634020090099,0.047619047619047616,0.5,0.44840909242630006,0.5795835256576538,220,1
eeg_gaze_video,eccentricity,loso,5,11,0.4727272689342499,0.506136366724968,0.033379700774678334,-0.0334090977907181,0.8571428571428571,0.5,0.4770454540848732,0.8925283551216125,220,1
eeg_gaze_video,eccentricity,loso,5,12,0.7090908885002136,0.5047727301716805,0.03409015451105878,0.20431815832853317,0.047619047619047616,0.4909090995788574,0.4525000035762787,0.596511960029602,220,1
eeg_gaze_video,eccentricity,loso,5,13,0.44999998807907104,0.5027272731065751,0.02487157522207543,-0.05272728502750401,1.0,0.5,0.2409090891480446,0.8574651479721069,220,1
eeg_gaze_video,eccentricity,loso,5,14,0.7272727489471436,0.4886363625526428,0.028585810166018324,0.23863638639450074,0.047619047619047616,0.5,0.46909090876579285,0.6194874048233032,220,1
eeg_gaze_video,eccentricity,loso,5,15,0.6954545378684998,0.5188636437058449,0.020034843118184178,0.17659089416265483,0.047619047619047616,0.5,0.35795454382896424,0.922270655632019,220,1
eeg_gaze_video,eccentricity,within,5,0,0.6715909242630005,0.4946590945124626,0.008390833641165007,0.1769318297505379,0.047619047619047616,0.5,0.4514488637447357,0.7546788454055786,3520,1
eeg_gaze_video,eccentricity,within,5,1,0.6670454740524292,0.5188636362552643,0.008870923573270718,0.14818183779716487,0.047619047619047616,0.5,0.41207386255264283,0.9818770885467529,3520,1
eeg_gaze_video,eccentricity,within,5,2,0.6892045736312866,0.5009232938289643,0.007127157019596554,0.18828127980232234,0.047619047619047616,0.5090909004211426,0.4775142058730125,0.39135491847991943,3520,1
eeg_gaze_video,eccentricity,within,5,3,0.6729559898376465,0.5060463145375251,0.008554997285077023,0.16690967530012135,0.047619047619047616,0.4957118332386017,0.4748284727334976,0.5499948263168335,3498,1
eeg_gaze_video,eccentricity,within,5,4,0.5971590876579285,0.49887783378362655,0.005634369528490301,0.09828125387430192,0.047619047619047616,0.5,0.4224573880434036,0.9564452767372131,3520,1
eeg_gaze_video,eccentricity,loso,10,0,0.5899999737739563,0.4989999920129776,0.05374941208762022,0.09099998176097868,0.09523809523809523,0.5,0.4499999970197678,0.2953069806098938,100,1
eeg_gaze_video,eccentricity,loso,10,1,0.6842105388641357,0.5357894688844681,0.0510173508801649,0.14842106997966764,0.047619047619047616,0.4736842215061188,0.47473684400320054,0.41491806507110596,95,1
eeg_gaze_video,eccentricity,loso,10,2,0.6000000238418579,0.4959999963641167,0.029393873721657714,0.10400002747774123,0.047619047619047616,0.5199999809265137,0.3999999985098839,0.5037703514099121,100,1
eeg_gaze_video,eccentricity,loso,10,3,0.6299999952316284,0.502999997138977,0.050803542249627,0.1269999980926514,0.047619047619047616,0.5,0.4029999941587448,0.2272491455078125,100,1
eeg_gaze_video,eccentricity,loso,10,4,0.7099999785423279,0.5035000011324883,0.05746955938168713,0.2064999774098396,0.047619047619047616,0.49000000953674316,0.43949999660253525,0.21935595571994781,100,1
eeg_gaze_video,eccentricity,loso,10,5,0.5899999737739563,0.4974999979138374,0.046890830828589206,0.09249997586011888,0.047619047619047616,0.6399999856948853,0.4474999964237213,0.32664954662323,100,1
eeg_gaze_video,eccentricity,loso,10,6,0.8299999833106995,0.5174999967217445,0.04414464574072973,0.31249998658895495,0.047619047619047616,0.550000011920929,0.4444999977946281,0.2563801109790802,100,1
eeg_gaze_video,eccentricity,loso,10,7,0.6600000262260437,0.5155000016093254,0.04421255708536773,0.1445000246167183,0.047619047619047616,0.5400000214576721,0.4754999980330467,0.3002117872238159,100,1
eeg_gaze_video,eccentricity,loso,10,8,0.5199999809265137,0.5094999998807908,0.03891979251009009,0.010499981045722917,0.5238095238095238,0.5099999904632568,0.3865000009536743,0.2017238587141037,100,1
eeg_gaze_video,eccentricity,loso,10,9,0.7699999809265137,0.5219999939203263,0.053254107122128955,0.24799998700618742,0.047619047619047616,0.5099999904632568,0.4649999961256981,0.38537508249282837,100,1
eeg_gaze_video,eccentricity,loso,10,10,0.6100000143051147,0.49899999648332594,0.03858755905751361,0.11100001782178881,0.047619047619047616,0.550000011920929,0.36499999910593034,0.3316397964954376,100,1
eeg_gaze_video,eccentricity,loso,10,11,0.5400000214576721,0.5150000005960464,0.0387943312801627,0.02500002086162567,0.3333333333333333,0.4699999988079071,0.48400000035762786,0.43316614627838135,100,1
eeg_gaze_video,eccentricity,loso,10,12,0.7799999713897705,0.5344999939203262,0.04620335204294925,0.2454999774694443,0.047619047619047616,0.5600000023841858,0.45049999952316283,0.32332220673561096,100,1
eeg_gaze_video,eccentricity,loso,10,13,0.4699999988079071,0.5330000013113022,0.0432550611787078,-0.0630000025033951,0.9523809523809523,0.47999998927116394,0.3639999985694885,0.4140351712703705,100,1
eeg_gaze_video,eccentricity,loso,10,14,0.6600000262260437,0.5284999951720237,0.043849173036438725,0.13150003105401997,0.047619047619047616,0.5,0.43649999648332594,0.4170457422733307,100,1
eeg_gaze_video,eccentricity,loso,10,15,0.6000000238418579,0.510999995470047,0.05611595273110137,0.08900002837181087,0.09523809523809523,0.5,0.49499999433755876,0.2951650619506836,100,1
eeg_gaze_video,eccentricity,within,10,0,0.6862499713897705,0.48809375464916227,0.009835515524155682,0.19815621674060824,0.047619047619047616,0.5099999904632568,0.4798437491059303,0.25587835907936096,1600,1
eeg_gaze_video,eccentricity,within,10,1,0.6524999737739563,0.48984374552965165,0.011136362671723328,0.16265622824430465,0.047619047619047616,0.5,0.45090624690055847,0.3089812695980072,1600,1
eeg_gaze_video,eccentricity,within,10,2,0.6474999785423279,0.4760312527418137,0.010724305879966188,0.1714687258005142,0.047619047619047616,0.46937501430511475,0.44740624725818634,0.33207088708877563,1600,1
eeg_gaze_video,eccentricity,within,10,3,0.6729559898376465,0.4994339644908905,0.012066455357569552,0.17352202534675598,0.047619047619047616,0.5,0.47320754528045655,0.31875139474868774,1590,1
eeg_gaze_video,eccentricity,within,10,4,0.5806249976158142,0.47921875268220904,0.010472948325854574,0.10140624493360517,0.047619047619047616,0.46937501430511475,0.4389687478542328,0.3431563377380371,1600,1
eeg_gaze_video,eccentricity,loso,15,0,0.550000011920929,0.5024999961256981,0.04159160365666818,0.04750001579523089,0.19047619047619047,0.4833333194255829,0.4308333322405815,0.18671125173568726,60,1
eeg_gaze_video,eccentricity,loso,15,1,0.6842105388641357,0.5114035189151764,0.04716493058310509,0.1728070199489593,0.047619047619047616,0.5263158082962036,0.4692982479929924,0.2071402221918106,57,1
eeg_gaze_video,eccentricity,loso,15,2,0.7333333492279053,0.5141666650772094,0.05992471852049906,0.21916668415069585,0.047619047619047616,0.4833333194255829,0.47250000238418577,0.16856065392494202,60,1
eeg_gaze_video,eccentricity,loso,15,3,0.6333333253860474,0.5266666680574417,0.05562773552548875,0.1066666573286057,0.047619047619047616,0.4833333194255829,0.46833332926034926,0.2024921327829361,60,1
eeg_gaze_video,eccentricity,loso,15,4,0.699999988079071,0.5124999955296516,0.05574620642220209,0.1874999925494194,0.047619047619047616,0.5333333611488342,0.45416666120290755,0.13362547755241394,60,1
eeg_gaze_video,eccentricity,loso,15,5,0.699999988079071,0.52333332747221,0.05333333862945518,0.1766666606068611,0.047619047619047616,0.5666666626930237,0.4883333325386047,0.12092126905918121,60,1
eeg_gaze_video,eccentricity,loso,15,6,0.8666666746139526,0.5008333295583725,0.07311995328794046,0.3658333450555802,0.047619047619047616,0.5333333611488342,0.4574999943375587,0.22918745875358582,60,1
eeg_gaze_video,eccentricity,loso,15,7,0.7833333611488342,0.5341666623950004,0.07480994708099774,0.2491666987538338,0.047619047619047616,0.46666666865348816,0.4625,0.1730736345052719,60,1
eeg_gaze_video,eccentricity,loso,15,8,0.6000000238418579,0.47416666001081464,0.04985395387363014,0.12583336383104327,0.047619047619047616,0.5,0.31416666582226754,0.11240214854478836,60,1
eeg_gaze_video,eccentricity,loso,15,9,0.7166666388511658,0.4749999985098839,0.08763877984496286,0.24166664034128188,0.047619047619047616,0.4833333194255829,0.47666666507720945,0.17587719857692719,60,1
eeg_gaze_video,eccentricity,loso,15,10,0.6833333373069763,0.4933333322405815,0.06940221332947204,0.1900000050663948,0.047619047619047616,0.5,0.4816666692495346,0.14668940007686615,60,1
eeg_gaze_video,eccentricity,loso,15,11,0.5666666626930237,0.5083333343267441,0.04844814610815015,0.05833332836627958,0.19047619047619047,0.4166666567325592,0.48166666775941847,0.21881528198719025,60,1
eeg_gaze_video,eccentricity,loso,15,12,0.6833333373069763,0.4975000023841858,0.05780114752050537,0.18583333492279053,0.047619047619047616,0.5833333134651184,0.49083333015441893,0.24725688993930817,60,1
eeg_gaze_video,eccentricity,loso,15,13,0.6333333253860474,0.517500002682209,0.055396300640686034,0.11583332270383839,0.09523809523809523,0.5,0.45583333522081376,0.11596740037202835,60,1
eeg_gaze_video,eccentricity,loso,15,14,0.7666666507720947,0.5008333340287209,0.05903742218717295,0.26583331674337385,0.047619047619047616,0.5,0.4708333298563957,0.22649501264095306,60,1
eeg_gaze_video,eccentricity,loso,15,15,0.6833333373069763,0.5333333358168602,0.05000000447035071,0.15000000149011616,0.047619047619047616,0.5666666626930237,0.47666666358709336,0.0968717411160469,60,1
eeg_gaze_video,eccentricity,within,15,0,0.6302083134651184,0.4783333331346512,0.011399467015856079,0.1518749803304672,0.047619047619047616,0.5,0.40374999642372134,0.608113706111908,960,1
eeg_gaze_video,eccentricity,within,15,1,0.6072916388511658,0.5106249988079071,0.009863432233651017,0.09666664004325864,0.047619047619047616,0.5,0.3743749991059303,0.856755793094635,960,1
eeg_gaze_video,eccentricity,within,15,2,0.6635416746139526,0.5337499931454659,0.013280325221617637,0.12979168146848674,0.047619047619047616,0.5666666626930237,0.4454166665673256,0.2662585377693176,960,1
eeg_gaze_video,eccentricity,within,15,3,0.6687631011009216,0.49308176040649415,0.015738635147005953,0.17568134069442748,0.047619047619047616,0.4318658411502838,0.5001048237085343,0.1579064279794693,954,1
eeg_gaze_video,eccentricity,within,15,4,0.625,0.5333333373069763,0.016947508703007395,0.0916666626930237,0.047619047619047616,0.5,0.44291666597127916,0.665011465549469,960,1
eeg_gaze_video,eccentricity,loso,20,0,0.5249999761581421,0.508749996125698,0.07214352051916546,0.016249980032444045,0.47619047619047616,0.4749999940395355,0.4587499976158142,0.11936894059181213,40,1
eeg_gaze_video,eccentricity,loso,20,1,0.7105262875556946,0.5302631616592407,0.07315363669091832,0.18026312589645388,0.047619047619047616,0.4736842215061188,0.3960526317358017,0.6467329859733582,38,1
eeg_gaze_video,eccentricity,loso,20,2,0.800000011920929,0.5262499988079071,0.06198538485089962,0.27375001311302183,0.047619047619047616,0.5,0.43874999731779096,0.25557607412338257,40,1
eeg_gaze_video,eccentricity,loso,20,3,0.699999988079071,0.5250000044703483,0.08403868476149551,0.1749999836087227,0.047619047619047616,0.5,0.4649999991059303,0.27318882942199707,40,1
eeg_gaze_video,eccentricity,loso,20,4,0.574999988079071,0.5162499964237213,0.06238739926000255,0.058749991655349776,0.23809523809523808,0.4749999940395355,0.44874999970197677,0.1482604593038559,40,1
eeg_gaze_video,eccentricity,loso,20,5,0.550000011920929,0.5099999994039536,0.06773108600872355,0.04000001251697538,0.42857142857142855,0.5249999761581421,0.42749999910593034,0.12480387836694717,40,1
eeg_gaze_video,eccentricity,loso,20,6,0.75,0.46625000089406965,0.06387243391064382,0.28374999910593035,0.047619047619047616,0.6000000238418579,0.448750002682209,0.1400575488805771,40,1
eeg_gaze_video,eccentricity,loso,20,7,0.625,0.5274999991059304,0.09871043581395525,0.09750000089406963,0.23809523809523808,0.5,0.4749999985098839,0.2044917196035385,40,1
eeg_gaze_video,eccentricity,loso,20,8,0.675000011920929,0.5112500011920929,0.06445686775669138,0.1637500107288361,0.047619047619047616,0.5249999761581421,0.35625,0.11321216821670532,40,1
eeg_gaze_video,eccentricity,loso,20,9,0.675000011920929,0.5224999949336052,0.0679613860186017,0.15250001698732374,0.047619047619047616,0.550000011920929,0.45499999821186066,0.16989994049072266,40,1
eeg_gaze_video,eccentricity,loso,20,10,0.7250000238418579,0.5037499949336052,0.09194937656625218,0.22125002890825274,0.047619047619047616,0.5,0.5037499964237213,0.12459879368543625,40,1
eeg_gaze_video,eccentricity,loso,20,11,0.5,0.5187499985098839,0.07326109352241772,-0.018749998509883903,0.6666666666666666,0.6499999761581421,0.49625000059604646,0.11299986392259598,40,1
eeg_gaze_video,eccentricity,loso,20,12,0.675000011920929,0.5162499979138374,0.0791655714430896,0.15875001400709154,0.09523809523809523,0.5,0.41625000089406966,0.20870476961135864,40,1
eeg_gaze_video,eccentricity,loso,20,13,0.550000011920929,0.5162499949336052,0.08848552015571684,0.03375001698732372,0.38095238095238093,0.5,0.41874999850988387,0.18387891352176666,40,1
eeg_gaze_video,eccentricity,loso,20,14,0.824999988079071,0.521249994635582,0.08451146180634296,0.3037499934434891,0.047619047619047616,0.5249999761581421,0.46374999582767484,0.10568691045045853,40,1
eeg_gaze_video,eccentricity,loso,20,15,0.699999988079071,0.5174999952316284,0.0565132745175456,0.18249999284744267,0.047619047619047616,0.574999988079071,0.4575000017881393,0.1496555060148239,40,1
eeg_gaze_video,eccentricity,within,20,0,0.640625,0.4739843785762787,0.019132015992663214,0.16664062142372132,0.047619047619047616,0.42500001192092896,0.45289062708616257,0.15532904863357544,640,1
eeg_gaze_video,eccentricity,within,20,1,0.651562511920929,0.49164062589406965,0.016508422878252417,0.1599218860268593,0.047619047619047616,0.41718751192092896,0.47570312321186065,0.16537751257419586,640,1
eeg_gaze_video,eccentricity,within,20,2,0.628125011920929,0.4999218761920929,0.020441150758823457,0.12820313572883607,0.047619047619047616,0.5,0.472734372317791,0.29821184277534485,640,1
eeg_gaze_video,eccentricity,within,20,3,0.599056601524353,0.5130503132939339,0.01729631395995697,0.08600628823041911,0.047619047619047616,0.5786163806915283,0.44418238997459414,0.2251380831003189,636,1
eeg_gaze_video,eccentricity,within,20,4,0.645312488079071,0.47421874552965165,0.01917168934360603,0.1710937425494194,0.047619047619047616,0.4749999940395355,0.47281250059604646,0.20361514389514923,640,1
eeg_gaze_video,eccentricity,loso,30,0,0.550000011920929,0.44249999672174456,0.09908960476262056,0.1075000151991844,0.23809523809523808,0.5,0.367500002682209,0.23499976098537445,20,1
eeg_gaze_video,eccentricity,loso,30,1,0.5789473652839661,0.5184210583567619,0.0785516382975997,0.060526306927204176,0.38095238095238093,0.5263158082962036,0.31315789371728897,0.4446829557418823,19,1
eeg_gaze_video,eccentricity,loso,30,2,0.699999988079071,0.46749999970197675,0.12173228864947018,0.2324999883770943,0.09523809523809523,0.550000011920929,0.4875,0.13229888677597046,20,1
eeg_gaze_video,eccentricity,loso,30,3,0.6499999761581421,0.5200000017881393,0.0764852961327934,0.12999997437000277,0.14285714285714285,0.5,0.430000002682209,0.10322500765323639,20,1
eeg_gaze_video,eccentricity,loso,30,4,0.550000011920929,0.5249999955296516,0.07499999552965263,0.025000016391277358,0.47619047619047616,0.6000000238418579,0.3950000017881393,0.06459888815879822,20,1
eeg_gaze_video,eccentricity,loso,30,5,0.6000000238418579,0.44750000089406966,0.12295832617056958,0.15250002294778825,0.23809523809523808,0.5,0.4424999997019768,0.12660431861877441,20,1
eeg_gaze_video,eccentricity,loso,30,6,0.6000000238418579,0.4875000029802322,0.08042854869642219,0.1125000208616257,0.19047619047619047,0.4000000059604645,0.30250000171363356,0.39545488357543945,20,1
eeg_gaze_video,eccentricity,loso,30,7,0.699999988079071,0.46000000089406967,0.07000000455549824,0.23999998718500137,0.047619047619047616,0.44999998807907104,0.43499999940395356,0.3769645392894745,20,1
eeg_gaze_video,eccentricity,loso,30,8,0.30000001192092896,0.5274999991059304,0.06977642690157468,-0.22749998718500142,1.0,0.5,0.26250000335276125,0.35693198442459106,20,1
eeg_gaze_video,eccentricity,loso,30,9,0.699999988079071,0.4649999991059303,0.11842718928757404,0.23499998897314073,0.09523809523809523,0.699999988079071,0.4450000010430813,0.06404579430818558,20,1
eeg_gaze_video,eccentricity,loso,30,10,0.6000000238418579,0.5075000047683715,0.09390820613861227,0.09250001907348637,0.23809523809523808,0.5,0.3775000013411045,0.15924569964408875,20,1
eeg_gaze_video,eccentricity,loso,30,11,0.44999998807907104,0.5024999991059304,0.11562330682262327,-0.052500011026859306,0.7142857142857143,0.5,0.3375000022351742,0.25152885913848877,20,1
eeg_gaze_video,eccentricity,loso,30,12,0.6000000238418579,0.5349999994039536,0.11302654824406307,0.06500002443790431,0.3333333333333333,0.550000011920929,0.4500000007450581,0.1850760281085968,20,1
eeg_gaze_video,eccentricity,loso,30,13,0.4000000059604645,0.46999999731779096,0.0430116293146405,-0.06999999135732649,1.0,0.5,0.13500000350177288,0.03273353725671768,20,1
eeg_gaze_video,eccentricity,loso,30,14,0.550000011920929,0.45499999523162843,0.12237237977757924,0.09500001668930053,0.2857142857142857,0.6499999761581421,0.43000000454485415,0.25010955333709717,20,1
eeg_gaze_video,eccentricity,loso,30,15,0.699999988079071,0.5075000002980232,0.09653367054295107,0.19249998778104782,0.047619047619047616,0.550000011920929,0.3575000002980232,0.21469514071941376,20,1
eeg_gaze_video,eccentricity,within,30,0,0.762499988079071,0.48890624940395355,0.025816263990232687,0.2735937386751175,0.047619047619047616,0.35624998807907104,0.4760937511920929,0.09629912674427032,320,1
eeg_gaze_video,eccentricity,within,30,1,0.628125011920929,0.48937499672174456,0.019699896162552702,0.1387500151991844,0.047619047619047616,0.5,0.4249999985098839,0.37489768862724304,320,1
eeg_gaze_video,eccentricity,within,30,2,0.659375011920929,0.5378124982118606,0.027914135471075227,0.12156251370906834,0.047619047619047616,0.5,0.4056249991059303,0.18221977353096008,320,1
eeg_gaze_video,eccentricity,within,30,3,0.6477987170219421,0.4977987468242645,0.018606684559542012,0.14999997019767763,0.047619047619047616,0.5251572132110596,0.48773585110902784,0.09067141264677048,318,1
eeg_gaze_video,eccentricity,within,30,4,0.578125,0.4943749994039536,0.0222643925175157,0.08375000059604643,0.047619047619047616,0.49687498807907104,0.43343749940395354,0.2818949818611145,320,1
eeg_gaze_video,hemisphere,loso,5,0,0.5090909004211426,0.495454540848732,0.027760778781561562,0.013636359572410606,0.2857142857142857,0.4727272689342499,0.42863636612892153,0.44708919525146484,220,1
eeg_gaze_video,hemisphere,loso,5,1,0.8277512192726135,0.4863636389374733,0.02827726590222222,0.3413875803351402,0.047619047619047616,0.5358851552009583,0.49258373081684115,0.6341097950935364,209,1
eeg_gaze_video,hemisphere,loso,5,2,0.7272727489471436,0.49795454144477846,0.031111468702934807,0.2293182075023651,0.047619047619047616,0.4909090995788574,0.45159090906381605,0.7824991941452026,220,1
eeg_gaze_video,hemisphere,loso,5,3,0.8590909242630005,0.49431817680597306,0.028272394276109437,0.3647727474570274,0.047619047619047616,0.5,0.47295454144477844,0.8958912491798401,220,1
eeg_gaze_video,hemisphere,loso,5,4,0.7772727012634277,0.49136363714933395,0.03883371568854631,0.2859090641140938,0.047619047619047616,0.5,0.492272724211216,0.8265631198883057,220,1
eeg_gaze_video,hemisphere,loso,5,5,0.699999988079071,0.48704545497894286,0.04076426271735564,0.21295453310012818,0.047619047619047616,0.47727271914482117,0.4747727259993553,0.941789984703064,220,1
eeg_gaze_video,hemisphere,loso,5,6,0.831818163394928,0.4931818187236786,0.029684986793797767,0.33863634467124937,0.047619047619047616,0.5,0.49181818068027494,0.4748847782611847,220,1
eeg_gaze_video,hemisphere,loso,5,7,0.48636364936828613,0.5020454570651054,0.020754121335064105,-0.01568180769681926,0.8571428571428571,0.5,0.3220454528927803,0.6459269523620605,220,1
eeg_gaze_video,hemisphere,loso,5,8,0.6272727251052856,0.4979545474052429,0.028584910473845843,0.12931817770004272,0.047619047619047616,0.5,0.4779545471072197,0.42576339840888977,220,1
eeg_gaze_video,hemisphere,loso,5,9,0.7454545497894287,0.48704545497894286,0.032085730098175246,0.25840909481048585,0.047619047619047616,0.5,0.4465909093618393,0.671855628490448,220,1
eeg_gaze_video,hemisphere,loso,5,10,0.5409091114997864,0.4890909045934677,0.025809215612083172,0.051818206906318665,0.09523809523809523,0.5,0.474545456469059,0.44303369522094727,220,1
eeg_gaze_video,hemisphere,loso,5,11,0.6636363863945007,0.4881818160414696,0.032695690193414936,0.17545457035303114,0.047619047619047616,0.5136363506317139,0.44863636791706085,0.5606557726860046,220,1
eeg_gaze_video,hemisphere,loso,5,12,0.6818181872367859,0.49136363714933395,0.02570895732797506,0.19045455008745193,0.047619047619047616,0.5,0.4300000011920929,0.9350479245185852,220,1
eeg_gaze_video,hemisphere,loso,5,13,0.5090909004211426,0.4845454528927803,0.02576916120938498,0.024545447528362296,0.23809523809523808,0.4681818187236786,0.28909090906381607,0.5441685318946838,220,1
eeg_gaze_video,hemisphere,loso,5,14,0.9090909361839294,0.49318182170391084,0.03463207141092106,0.4159091144800186,0.047619047619047616,0.5,0.4950000002980232,0.7590999603271484,220,1
eeg_gaze_video,hemisphere,loso,5,15,0.7636363506317139,0.49704545438289643,0.032437956170431284,0.26659089624881743,0.047619047619047616,0.5227272510528564,0.4815909072756767,0.7896281480789185,220,1
eeg_gaze_video,hemisphere,within,5,0,0.7394886612892151,0.5065767049789429,0.0076050845394640765,0.23291195631027217,0.047619047619047616,0.5127840638160706,0.47203125059604645,0.6951044797897339,3520,1
eeg_gaze_video,hemisphere,within,5,1,0.7369318008422852,0.5036221578717232,0.0076698563110133185,0.233309642970562,0.047619047619047616,0.5,0.47904829531908033,0.7784143090248108,3520,1
eeg_gaze_video,hemisphere,within,5,2,0.7517045736312866,0.5109375029802322,0.007854736190868917,0.2407670706510544,0.047619047619047616,0.5045454502105713,0.4812499970197678,0.650152325630188,3520,1
eeg_gaze_video,hemisphere,within,5,3,0.7304173707962036,0.5089050859212876,0.00696584222588655,0.22151228487491603,0.047619047619047616,0.5037164092063904,0.4893224686384201,0.6261615753173828,3498,1
eeg_gaze_video,hemisphere,within,5,4,0.6829545497894287,0.5013068154454231,0.004886359114992992,0.1816477343440056,0.047619047619047616,0.5318182110786438,0.4905965909361839,0.8046916127204895,3520,1
eeg_gaze_video,hemisphere,loso,10,0,0.49000000953674316,0.506999996304512,0.03318132100531763,-0.016999986767768815,0.8095238095238095,0.4699999988079071,0.4419999986886978,0.42190292477607727,100,1
eeg_gaze_video,hemisphere,loso,10,1,0.8105263113975525,0.48421052694320676,0.04515286702816269,0.3263157844543457,0.047619047619047616,0.4736842215061188,0.48526316285133364,0.34533292055130005,95,1
eeg_gaze_video,hemisphere,loso,10,2,0.7099999785423279,0.4949999988079071,0.04883646342376428,0.21499997973442075,0.047619047619047616,0.5,0.3859999984502792,0.5243579745292664,100,1
eeg_gaze_video,hemisphere,loso,10,3,0.8700000047683716,0.5044999942183495,0.052770730869847494,0.3655000105500221,0.047619047619047616,0.5199999809265137,0.46750000268220904,0.4304064214229584,100,1
eeg_gaze_video,hemisphere,loso,10,4,0.8399999737739563,0.49099999368190766,0.04614108434513838,0.34899998009204863,0.047619047619047616,0.5,0.5039999946951866,0.28986573219299316,100,1
eeg_gaze_video,hemisphere,loso,10,5,0.75,0.5049999997019767,0.045771170102119146,0.24500000029802327,0.047619047619047616,0.5,0.5079999953508377,0.26235106587409973,100,1
eeg_gaze_video,hemisphere,loso,10,6,0.8500000238418579,0.48749999701976776,0.06556485370324025,0.36250002682209015,0.047619047619047616,0.5,0.5134999945759773,0.35815000534057617,100,1
eeg_gaze_video,hemisphere,loso,10,7,0.4099999964237213,0.5069999933242798,0.04691481583091385,-0.0969999969005585,1.0,0.5299999713897705,0.48699999749660494,0.4936482608318329,100,1
eeg_gaze_video,hemisphere,loso,10,8,0.7200000286102295,0.5049999952316284,0.057835974427784854,0.21500003337860107,0.047619047619047616,0.5099999904632568,0.47799999713897706,0.24093298614025116,100,1
eeg_gaze_video,hemisphere,loso,10,9,0.75,0.48299999684095385,0.033481335484645415,0.26700000315904615,0.047619047619047616,0.47999998927116394,0.48299999684095385,0.27610141038894653,100,1
eeg_gaze_video,hemisphere,loso,10,10,0.5600000023841858,0.49849999845027926,0.035815499273338866,0.06150000393390653,0.047619047619047616,0.46000000834465027,0.44049999862909317,0.4540218710899353,100,1
eeg_gaze_video,hemisphere,loso,10,11,0.5600000023841858,0.5059999987483025,0.026907250234024415,0.05400000363588331,0.047619047619047616,0.5,0.3800000011920929,0.7376388311386108,100,1
eeg_gaze_video,hemisphere,loso,10,12,0.6600000262260437,0.4914999961853027,0.042693676885633726,0.168500030040741,0.047619047619047616,0.5,0.3145000025629997,0.7086308598518372,100,1
eeg_gaze_video,hemisphere,loso,10,13,0.46000000834465027,0.49799999594688416,0.0341467402273586,-0.03799998760223389,0.9047619047619048,0.5,0.25200000032782555,0.5569857954978943,100,1
eeg_gaze_video,hemisphere,loso,10,14,0.8899999856948853,0.49949999898672104,0.05995623649484591,0.3904999867081642,0.047619047619047616,0.5,0.4884999990463257,0.6604251861572266,100,1
eeg_gaze_video,hemisphere,loso,10,15,0.7200000286102295,0.478999999165535,0.0556686645832667,0.2410000294446945,0.047619047619047616,0.49000000953674316,0.476999993622303,0.3788272440433502,100,1
eeg_gaze_video,hemisphere,within,10,0,0.7362499833106995,0.5024374991655349,0.011475003177474137,0.23381248414516453,0.047619047619047616,0.49125000834465027,0.4773749992251396,0.601666271686554,1600,1
eeg_gaze_video,hemisphere,within,10,1,0.7549999952316284,0.5026562556624412,0.015038852373742174,0.2523437395691872,0.047619047619047616,0.5,0.48865624964237214,0.5543209314346313,1600,1
eeg_gaze_video,hemisphere,within,10,2,0.7174999713897705,0.5069062501192093,0.011119866324871108,0.2105937212705612,0.047619047619047616,0.5,0.46821875125169754,0.3961692750453949,1600,1
eeg_gaze_video,hemisphere,within,10,3,0.6748427748680115,0.4916981115937233,0.014057129452926751,0.1831446632742882,0.047619047619047616,0.5031446814537048,0.47899371236562727,0.6450530290603638,1590,1
eeg_gaze_video,hemisphere,within,10,4,0.6937500238418579,0.5125625029206275,0.014621394046305976,0.18118752092123036,0.047619047619047616,0.5293750166893005,0.4644999995827675,0.5917236804962158,1600,1
eeg_gaze_video,hemisphere,loso,15,0,0.5666666626930237,0.5124999940395355,0.051874578626166,0.05416666865348818,0.3333333333333333,0.5,0.41416666507720945,0.20224815607070923,60,1
eeg_gaze_video,hemisphere,loso,15,1,0.8070175647735596,0.4842105329036713,0.07305496290239516,0.3228070318698883,0.047619047619047616,0.4736842215061188,0.48947369009256364,0.15434648096561432,57,1
eeg_gaze_video,hemisphere,loso,15,2,0.7166666388511658,0.5091666609048844,0.05614342057688856,0.2074999779462814,0.047619047619047616,0.5166666507720947,0.37916666865348814,0.3911244571208954,60,1
eeg_gaze_video,hemisphere,loso,15,3,0.8166666626930237,0.5116666689515114,0.06103277875415162,0.3049999937415123,0.047619047619047616,0.5,0.4349999979138374,0.7382976412773132,60,1
eeg_gaze_video,hemisphere,loso,15,4,0.7833333611488342,0.5191666662693024,0.07135104840372884,0.2641666948795318,0.047619047619047616,0.5,0.49249999672174455,0.36407992243766785,60,1
eeg_gaze_video,hemisphere,loso,15,5,0.699999988079071,0.49916666746139526,0.05335286598601411,0.20083332061767578,0.047619047619047616,0.5,0.4891666665673256,0.4206319749355316,60,1
eeg_gaze_video,hemisphere,loso,15,6,0.699999988079071,0.5041666686534881,0.05549650432176371,0.1958333194255829,0.047619047619047616,0.5,0.49916666448116304,0.7453372478485107,60,1
eeg_gaze_video,hemisphere,loso,15,7,0.8166666626930237,0.5249999970197677,0.05489890116540955,0.29166666567325594,0.047619047619047616,0.5,0.5100000023841857,0.24186596274375916,60,1
eeg_gaze_video,hemisphere,loso,15,8,0.8333333134651184,0.5283333346247673,0.05085382266516534,0.3049999788403511,0.047619047619047616,0.6666666865348816,0.45833332985639574,0.32177892327308655,60,1
eeg_gaze_video,hemisphere,loso,15,9,0.6666666865348816,0.5149999976158142,0.07525881709034747,0.15166668891906743,0.09523809523809523,0.44999998807907104,0.3766666650772095,0.5105390548706055,60,1
eeg_gaze_video,hemisphere,loso,15,10,0.6166666746139526,0.5358333304524422,0.05922532603848224,0.08083334416151045,0.23809523809523808,0.5333333611488342,0.38916666954755785,0.341045081615448,60,1
eeg_gaze_video,hemisphere,loso,15,11,0.6666666865348816,0.5066666677594185,0.06041523350188848,0.1600000187754631,0.047619047619047616,0.46666666865348816,0.46500000059604646,0.11064126342535019,60,1
eeg_gaze_video,hemisphere,loso,15,12,0.800000011920929,0.5350000023841858,0.0516128806645909,0.2650000095367432,0.047619047619047616,0.5333333611488342,0.39000000059604645,0.7535840272903442,60,1
eeg_gaze_video,hemisphere,loso,15,13,0.6000000238418579,0.486666664481163,0.05542763409086865,0.11333335936069489,0.09523809523809523,0.4333333373069763,0.4016666665673256,0.17078664898872375,60,1
eeg_gaze_video,hemisphere,loso,15,14,0.8500000238418579,0.515833331644535,0.08291143543328586,0.33416669219732287,0.047619047619047616,0.5333333611488342,0.4658333346247673,0.47127917408943176,60,1
eeg_gaze_video,hemisphere,loso,15,15,0.75,0.5141666650772094,0.05277704877378023,0.23583333492279057,0.047619047619047616,0.5333333611488342,0.5008333340287209,0.15017235279083252,60,1
eeg_gaze_video,hemisphere,within,15,0,0.753125011920929,0.5109375,0.01556759818558761,0.2421875119209289,0.047619047619047616,0.515625,0.4742708384990692,0.1350524127483368,960,1
eeg_gaze_video,hemisphere,within,15,1,0.746874988079071,0.5168229192495346,0.015338614571718227,0.23005206882953644,0.047619047619047616,0.5,0.4834895834326744,0.7216479182243347,960,1
eeg_gaze_video,hemisphere,within,15,2,0.7510416507720947,0.5153125032782555,0.020428618658321105,0.23572914749383922,0.047619047619047616,0.5,0.48218749910593034,0.45632609724998474,960,1
eeg_gaze_video,hemisphere,within,15,3,0.7893081903457642,0.523951779305935,0.01600472923997086,0.2653564110398292,0.047619047619047616,0.6362683176994324,0.4760482177138329,0.13398410379886627,954,1
eeg_gaze_video,hemisphere,within,15,4,0.6875,0.4858333319425583,0.01615557930708928,0.2016666680574417,0.047619047619047616,0.39895832538604736,0.487916661798954,0.24097417294979095,960,1
eeg_gaze_video,hemisphere,loso,20,0,0.574999988079071,0.49624999761581423,0.08848552097667772,0.07874999046325681,0.2857142857142857,0.42500001192092896,0.40874999910593035,0.39295095205307007,40,1
eeg_gaze_video,hemisphere,loso,20,1,0.8421052694320679,0.5263157889246941,0.08196005792006472,0.31578948050737377,0.047619047619047616,0.4736842215061188,0.38421052917838094,0.3447723090648651,38,1
eeg_gaze_video,hemisphere,loso,20,2,0.699999988079071,0.48874999284744264,0.04143895721606423,0.2112499952316284,0.047619047619047616,0.6000000238418579,0.37625000178813933,0.19329503178596497,40,1
eeg_gaze_video,hemisphere,loso,20,3,0.8500000238418579,0.5037499949336052,0.07676057894528741,0.34625002890825274,0.047619047619047616,0.6000000238418579,0.43374999687075616,0.5965856909751892,40,1
eeg_gaze_video,hemisphere,loso,20,4,0.699999988079071,0.4987499967217445,0.07643420435978061,0.20124999135732652,0.047619047619047616,0.5249999761581421,0.50625,0.20498980581760406,40,1
eeg_gaze_video,hemisphere,loso,20,5,0.75,0.5025000020861625,0.08511022714356799,0.24749999791383748,0.047619047619047616,0.550000011920929,0.49750000089406965,0.18899685144424438,40,1
eeg_gaze_video,hemisphere,loso,20,6,0.7749999761581421,0.5274999976158142,0.07066647516521363,0.24749997854232786,0.047619047619047616,0.4749999940395355,0.47499999701976775,0.3208625614643097,40,1
eeg_gaze_video,hemisphere,loso,20,7,0.824999988079071,0.5362499997019767,0.08233885827002646,0.2887499883770943,0.047619047619047616,0.5249999761581421,0.4662499979138374,0.13576656579971313,40,1
eeg_gaze_video,hemisphere,loso,20,8,0.75,0.5199999913573266,0.06451743767821036,0.23000000864267345,0.047619047619047616,0.4749999940395355,0.47000000029802325,0.14890089631080627,40,1
eeg_gaze_video,hemisphere,loso,20,9,0.75,0.5212499991059303,0.07127192901713629,0.22875000089406972,0.047619047619047616,0.4749999940395355,0.42374999821186066,0.2018444985151291,40,1
eeg_gaze_video,hemisphere,loso,20,10,0.5249999761581421,0.4912500023841858,0.0919493791794425,0.03374997377395628,0.47619047619047616,0.4749999940395355,0.4762499988079071,0.13883240520954132,40,1
eeg_gaze_video,hemisphere,loso,20,11,0.7749999761581421,0.4924999952316284,0.0818153405137191,0.2824999809265137,0.047619047619047616,0.4000000059604645,0.5049999982118607,0.28133881092071533,40,1
eeg_gaze_video,hemisphere,loso,20,12,0.75,0.5037499979138375,0.0667434447068643,0.24625000208616254,0.047619047619047616,0.4749999940395355,0.4312499985098839,0.17413917183876038,40,1
eeg_gaze_video,hemisphere,loso,20,13,0.4000000059604645,0.48250000476837157,0.06475917213421886,-0.0824999988079071,0.9523809523809523,0.5,0.35250000059604647,0.3983800709247589,40,1
eeg_gaze_video,hemisphere,loso,20,14,0.875,0.5037500008940696,0.058242494996793646,0.3712499991059304,0.047619047619047616,0.574999988079071,0.49124999046325685,0.2498241364955902,40,1
eeg_gaze_video,hemisphere,loso,20,15,0.7749999761581421,0.4875000029802322,0.06590713151927488,0.2874999731779099,0.047619047619047616,0.5,0.5000000029802323,0.13997916877269745,40,1
eeg_gaze_video,hemisphere,within,20,0,0.768750011920929,0.5118750005960464,0.02315138237387895,0.25687501132488255,0.047619047619047616,0.5015624761581421,0.4657812535762787,0.2073022872209549,640,1
eeg_gaze_video,hemisphere,within,20,1,0.721875011920929,0.5032812505960464,0.0218744433153399,0.2185937613248825,0.047619047619047616,0.5234375,0.47234374582767485,0.20726312696933746,640,1
eeg_gaze_video,hemisphere,within,20,2,0.7124999761581421,0.5160156220197678,0.01688566853297886,0.19648435413837428,0.047619047619047616,0.543749988079071,0.47773437947034836,0.30018213391304016,640,1
eeg_gaze_video,hemisphere,within,20,3,0.7248427867889404,0.5470911890268326,0.01806107440229381,0.1777515977621078,0.047619047619047616,0.5220125913619995,0.4008647814393044,0.5337368249893188,636,1
eeg_gaze_video,hemisphere,within,20,4,0.7203124761581421,0.5151562541723251,0.020150194787950236,0.20515622198581696,0.047619047619047616,0.4984374940395355,0.4620312511920929,0.18436190485954285,640,1
eeg_gaze_video,hemisphere,loso,30,0,0.5,0.49249999821186063,0.12477479404158527,0.0075000017881393655,0.5238095238095238,0.44999998807907104,0.48750000149011613,0.15483547747135162,20,1
eeg_gaze_video,hemisphere,loso,30,1,0.8947368264198303,0.5000000044703483,0.07894736379385121,0.394736821949482,0.047619047619047616,0.4736842215061188,0.4526315823197365,0.22868849337100983,19,1
eeg_gaze_video,hemisphere,loso,30,2,0.75,0.4649999991059303,0.0634428940203913,0.2850000008940697,0.047619047619047616,0.44999998807907104,0.41500000208616256,0.25421589612960815,20,1
eeg_gaze_video,hemisphere,loso,30,3,0.8500000238418579,0.4849999979138374,0.09233092461029507,0.3650000259280205,0.047619047619047616,0.4000000059604645,0.4950000062584877,0.4236050546169281,20,1
eeg_gaze_video,hemisphere,loso,30,4,0.800000011920929,0.47500000298023226,0.15206906815692742,0.3250000089406967,0.09523809523809523,0.5,0.5049999982118607,0.20678500831127167,20,1
eeg_gaze_video,hemisphere,loso,30,5,0.75,0.49000000208616257,0.11247221950745297,0.25999999791383743,0.09523809523809523,0.44999998807907104,0.4950000077486038,0.1913427710533142,20,1
eeg_gaze_video,hemisphere,loso,30,6,0.699999988079071,0.5325000062584877,0.09120718522287505,0.16749998182058334,0.047619047619047616,0.44999998807907104,0.3874999977648258,0.21189840137958527,20,1
eeg_gaze_video,hemisphere,loso,30,7,0.6000000238418579,0.4925000011920929,0.10034316307307335,0.10750002264976499,0.23809523809523808,0.44999998807907104,0.4625,0.21135112643241882,20,1
eeg_gaze_video,hemisphere,loso,30,8,0.75,0.5000000022351742,0.11067971958685877,0.24999999776482584,0.09523809523809523,0.5,0.39500000029802323,0.2536786198616028,20,1
eeg_gaze_video,hemisphere,loso,30,9,0.800000011920929,0.4950000002980232,0.07889866732053945,0.30500001162290574,0.047619047619047616,0.5,0.40499999821186067,0.27675944566726685,20,1
eeg_gaze_video,hemisphere,loso,30,10,0.6000000238418579,0.5100000001490116,0.1290348764534954,0.09000002369284632,0.2857142857142857,0.5,0.47000000029802325,0.2853495478630066,20,1
eeg_gaze_video,hemisphere,loso,30,11,0.550000011920929,0.5124999955296516,0.1010878315848467,0.03750001639127731,0.38095238095238093,0.550000011920929,0.47250000238418577,0.21918943524360657,20,1
eeg_gaze_video,hemisphere,loso,30,12,0.75,0.5275000005960464,0.11344050935426432,0.2224999994039536,0.047619047619047616,0.550000011920929,0.4425000011920929,0.18773171305656433,20,1
eeg_gaze_video,hemisphere,loso,30,13,0.6000000238418579,0.5399999991059303,0.07842193122249234,0.06000002473592758,0.23809523809523808,0.5,0.3000000022351742,0.2493867725133896,20,1
eeg_gaze_video,hemisphere,loso,30,14,0.800000011920929,0.5275000020861625,0.11344051162016591,0.2725000098347664,0.047619047619047616,0.6000000238418579,0.43250000178813935,0.2863636612892151,20,1
eeg_gaze_video,hemisphere,loso,30,15,0.8500000238418579,0.48750000447034836,0.12336429909245548,0.36250001937150955,0.047619047619047616,0.4000000059604645,0.47750000059604647,0.17549237608909607,20,1
eeg_gaze_video,hemisphere,within,30,0,0.7718750238418579,0.4937499985098839,0.03224963575950633,0.27812502533197403,0.047619047619047616,0.5,0.49374999701976774,0.4838610887527466,320,1
eeg_gaze_video,hemisphere,within,30,1,0.753125011920929,0.5200000032782555,0.034733923506282925,0.2331250086426735,0.047619047619047616,0.550000011920929,0.46968750208616256,0.22023539245128632,320,1
eeg_gaze_video,hemisphere,within,30,2,0.75,0.5035937502980232,0.02307585381657439,0.24640624970197678,0.047619047619047616,0.4000000059604645,0.48546875566244124,0.16514693200588226,320,1
eeg_gaze_video,hemisphere,within,30,3,0.7295597195625305,0.5122641548514366,0.02083318592905176,0.2172955647110939,0.047619047619047616,0.5566037893295288,0.45943396240472795,0.2245027869939804,318,1
eeg_gaze_video,hemisphere,within,30,4,0.6875,0.5087499991059303,0.02522554318320377,0.17875000089406967,0.047619047619047616,0.44999998807907104,0.44968750029802323,0.27812835574150085,320,1
eeg_imu,eccentricity,loso,5,0,0.5545454621315002,0.5272727221250534,0.017721450295213957,0.02727274000644686,0.14285714285714285,0.5,0.3690909072756767,0.8868572115898132,220,1
eeg_imu,eccentricity,loso,5,1,0.6124401688575745,0.5337320521473885,0.028163702365894883,0.07870811671018596,0.047619047619047616,0.4736842215061188,0.3968899518251419,0.5674630403518677,209,1
eeg_imu,eccentricity,loso,5,2,0.6136363744735718,0.5213636383414268,0.02701010533537819,0.09227273613214493,0.047619047619047616,0.5045454502105713,0.4140909120440483,0.7063722610473633,220,1
eeg_imu,eccentricity,loso,5,3,0.5454545617103577,0.5136363640427589,0.03808429276815154,0.03181819766759875,0.14285714285714285,0.4954545497894287,0.3763636350631714,0.6391501426696777,220,1
eeg_imu,eccentricity,loso,5,4,0.6000000238418579,0.5077272713184356,0.02765265607657766,0.09227275252342226,0.047619047619047616,0.44999998807907104,0.4431818172335625,0.39793068170547485,220,1
eeg_imu,eccentricity,loso,5,5,0.5227272510528564,0.5375,0.022992770275154895,-0.014772748947143532,0.7619047619047619,0.5181818008422852,0.37840909212827684,0.7249390482902527,220,1
eeg_imu,eccentricity,loso,5,6,0.75,0.4936363622546196,0.020348208009335574,0.2563636377453804,0.047619047619047616,0.5,0.4172727257013321,0.3722573518753052,220,1
eeg_imu,eccentricity,loso,5,7,0.5318182110786438,0.5024999961256981,0.02796377792139626,0.02931821495294573,0.14285714285714285,0.5,0.3984090879559517,0.8852324485778809,220,1
eeg_imu,eccentricity,loso,5,8,0.5181818008422852,0.5129545480012894,0.02886542965468178,0.005227252840995789,0.5238095238095238,0.4954545497894287,0.4243181854486465,0.5966202020645142,220,1
eeg_imu,eccentricity,loso,5,9,0.6818181872367859,0.5099999979138374,0.023775813389981675,0.17181818932294846,0.047619047619047616,0.5227272510528564,0.47318181991577146,0.6018802523612976,220,1
eeg_imu,eccentricity,loso,5,10,0.581818163394928,0.5072727188467979,0.022608774726923592,0.07454544454813006,0.047619047619047616,0.4909090995788574,0.4431818202137947,0.5432167649269104,220,1
eeg_imu,eccentricity,loso,5,11,0.5318182110786438,0.5113636285066605,0.021198585155224714,0.020454582571983293,0.14285714285714285,0.5,0.41227272897958755,0.5756465196609497,220,1
eeg_imu,eccentricity,loso,5,12,0.6363636255264282,0.5313636407256126,0.02913704095676209,0.10499998480081563,0.047619047619047616,0.5,0.3831818222999573,0.44214460253715515,220,1
eeg_imu,eccentricity,loso,5,13,0.5181818008422852,0.5034090861678123,0.026770949678288133,0.014772714674472831,0.3333333333333333,0.5272727012634277,0.3638636335730553,0.6454653739929199,220,1
eeg_imu,eccentricity,loso,5,14,0.581818163394928,0.5261363580822944,0.03675569544990552,0.05568180531263356,0.047619047619047616,0.5045454502105713,0.4397727265954018,0.639503002166748,220,1
eeg_imu,eccentricity,loso,5,15,0.6545454263687134,0.5065909042954445,0.02869312476698645,0.14795452207326887,0.047619047619047616,0.5,0.4720454603433609,0.9328817129135132,220,1
eeg_imu,eccentricity,within,5,0,0.550568163394928,0.4850426107645035,0.006847868554618529,0.06552555263042448,0.047619047619047616,0.5,0.4219744324684143,0.7999874353408813,3520,1
eeg_imu,eccentricity,within,5,1,0.5943182110786438,0.5008522748947144,0.006977316072047098,0.0934659361839294,0.047619047619047616,0.4727272689342499,0.38349431604146955,0.6073999404907227,3520,1
eeg_imu,eccentricity,within,5,2,0.6269886493682861,0.5002840921282768,0.00804584166067402,0.12670455724000929,0.047619047619047616,0.5090909004211426,0.46238636374473574,0.8133507370948792,3520,1
eeg_imu,eccentricity,within,5,3,0.6129216551780701,0.5059605449438095,0.009684156711352553,0.10696111023426058,0.047619047619047616,0.5137221217155457,0.42954545468091965,0.69271320104599,3498,1
eeg_imu,eccentricity,within,5,4,0.5247159004211426,0.48728692829608916,0.0059005321258831485,0.03742897212505342,0.047619047619047616,0.5045454502105713,0.35151988863945005,0.8724668622016907,3520,1
eeg_imu,eccentricity,loso,10,0,0.6100000143051147,0.5175000011920929,0.05058409260217304,0.0925000131130218,0.14285714285714285,0.5,0.4204999953508377,0.23148353397846222,100,1
eeg_imu,eccentricity,loso,10,1,0.75789475440979,0.5147368490695954,0.052935966722456304,0.24315790534019466,0.047619047619047616,0.49473685026168823,0.4536842077970505,0.4262557923793793,95,1
eeg_imu,eccentricity,loso,10,2,0.5199999809265137,0.5034999936819077,0.035252654471115884,0.016499987244605996,0.38095238095238093,0.5299999713897705,0.22649999856948852,0.6695086359977722,100,1
eeg_imu,eccentricity,loso,10,3,0.6000000238418579,0.4919999971985817,0.05211525847751212,0.10800002664327624,0.09523809523809523,0.47999998927116394,0.44699999690055847,0.41235774755477905,100,1
eeg_imu,eccentricity,loso,10,4,0.699999988079071,0.5084999963641167,0.055792022178380925,0.19149999171495435,0.047619047619047616,0.5199999809265137,0.47249999940395354,0.24911315739154816,100,1
eeg_imu,eccentricity,loso,10,5,0.5899999737739563,0.4719999969005585,0.04728636321300579,0.1179999768733978,0.047619047619047616,0.46000000834465027,0.4149999976158142,0.2290591150522232,100,1
eeg_imu,eccentricity,loso,10,6,0.7400000095367432,0.5265000015497208,0.043275285224427786,0.2135000079870224,0.047619047619047616,0.41999998688697815,0.4394999951124191,0.2684319317340851,100,1
eeg_imu,eccentricity,loso,10,7,0.699999988079071,0.5154999971389771,0.039303304994824394,0.18449999094009395,0.047619047619047616,0.47999998927116394,0.4604999959468842,0.31762340664863586,100,1
eeg_imu,eccentricity,loso,10,8,0.5600000023841858,0.5074999958276749,0.034767084335389754,0.05250000655651088,0.09523809523809523,0.47999998927116394,0.3774999976158142,0.2509704530239105,100,1
eeg_imu,eccentricity,loso,10,9,0.7200000286102295,0.5149999976158142,0.04376071380494077,0.20500003099441533,0.047619047619047616,0.4699999988079071,0.4399999976158142,0.27071407437324524,100,1
eeg_imu,eccentricity,loso,10,10,0.6000000238418579,0.5079999968409539,0.05878775291834735,0.09200002700090404,0.09523809523809523,0.46000000834465027,0.42199999690055845,0.38711321353912354,100,1
eeg_imu,eccentricity,loso,10,11,0.5600000023841858,0.5034999951720238,0.04819491572223856,0.05650000721216197,0.19047619047619047,0.5,0.4375,0.29342859983444214,100,1
eeg_imu,eccentricity,loso,10,12,0.5799999833106995,0.5264999970793725,0.04126439550013588,0.05349998623132701,0.14285714285714285,0.5600000023841858,0.4875000029802322,0.28426915407180786,100,1
eeg_imu,eccentricity,loso,10,13,0.6100000143051147,0.5314999997615815,0.035535199770318646,0.07850001454353328,0.09523809523809523,0.5,0.4125,0.21810364723205566,100,1
eeg_imu,eccentricity,loso,10,14,0.6100000143051147,0.5325000002980232,0.056910016292412845,0.0775000140070915,0.09523809523809523,0.5099999904632568,0.4864999935030937,0.3045927882194519,100,1
eeg_imu,eccentricity,loso,10,15,0.6299999952316284,0.5549999922513962,0.04043513853026278,0.07500000298023224,0.047619047619047616,0.5,0.4189999967813492,0.24757643043994904,100,1
eeg_imu,eccentricity,within,10,0,0.6118749976158142,0.4819687485694885,0.009587742296708281,0.1299062490463257,0.047619047619047616,0.5099999904632568,0.4365937516093254,0.3333224952220917,1600,1
eeg_imu,eccentricity,within,10,1,0.5212500095367432,0.5074687495827674,0.00829268318297219,0.013781259953975722,0.09523809523809523,0.4906249940395355,0.2919687494635582,0.5707310438156128,1600,1
eeg_imu,eccentricity,within,10,2,0.6412500143051147,0.5002499967813492,0.011870720756759205,0.14100001752376556,0.047619047619047616,0.5,0.4355000004172325,0.37338006496429443,1600,1
eeg_imu,eccentricity,within,10,3,0.6188679337501526,0.5044339582324028,0.014906418554832017,0.11443397551774981,0.047619047619047616,0.49056604504585266,0.4282704383134842,0.41402027010917664,1590,1
eeg_imu,eccentricity,within,10,4,0.5350000262260437,0.459781251847744,0.01007835521749604,0.07521877437829971,0.047619047619047616,0.47999998927116394,0.4190937548875809,0.28674352169036865,1600,1
eeg_imu,eccentricity,loso,15,0,0.46666666865348816,0.4750000014901161,0.05639641718931691,-0.00833333283662796,0.5714285714285714,0.4833333194255829,0.45166666656732557,0.34990042448043823,60,1
eeg_imu,eccentricity,loso,15,1,0.7017543911933899,0.5114035159349442,0.04482276109438498,0.19035087525844574,0.047619047619047616,0.5263158082962036,0.474561408162117,0.17209164798259735,57,1
eeg_imu,eccentricity,loso,15,2,0.6166666746139526,0.4991666615009308,0.04929362316392476,0.11750001311302183,0.047619047619047616,0.5666666626930237,0.4991666689515114,0.10442376136779785,60,1
eeg_imu,eccentricity,loso,15,3,0.6000000238418579,0.49750000089406965,0.05756035722403545,0.10250002294778826,0.09523809523809523,0.46666666865348816,0.47416666746139524,0.19737201929092407,60,1
eeg_imu,eccentricity,loso,15,4,0.550000011920929,0.48166667073965075,0.05079917813928756,0.0683333411812782,0.14285714285714285,0.5333333611488342,0.4849999904632568,0.09987137466669083,60,1
eeg_imu,eccentricity,loso,15,5,0.6499999761581421,0.5558333322405815,0.06588605636793901,0.09416664391756058,0.09523809523809523,0.5166666507720947,0.4125,0.3129757046699524,60,1
eeg_imu,eccentricity,loso,15,6,0.699999988079071,0.49416666477918625,0.057318558235287656,0.2058333232998848,0.047619047619047616,0.5833333134651184,0.4341666638851166,0.1672830730676651,60,1
eeg_imu,eccentricity,loso,15,7,0.6833333373069763,0.5116666689515114,0.06348666079019342,0.17166666835546496,0.047619047619047616,0.5,0.46000000089406967,0.18422925472259521,60,1
eeg_imu,eccentricity,loso,15,8,0.6000000238418579,0.4933333322405815,0.0571061432470976,0.1066666916012764,0.09523809523809523,0.5833333134651184,0.4483333334326744,0.2697112560272217,60,1
eeg_imu,eccentricity,loso,15,9,0.6499999761581421,0.5000000014901161,0.07852812602666634,0.14999997466802595,0.09523809523809523,0.5,0.47499999701976775,0.12535598874092102,60,1
eeg_imu,eccentricity,loso,15,10,0.7333333492279053,0.4933333292603493,0.05011099277162596,0.240000019967556,0.047619047619047616,0.6000000238418579,0.4683333322405815,0.20471873879432678,60,1
eeg_imu,eccentricity,loso,15,11,0.6666666865348816,0.5208333268761635,0.06006362128300089,0.14583335965871813,0.047619047619047616,0.6166666746139526,0.4591666623950005,0.1355716735124588,60,1
eeg_imu,eccentricity,loso,15,12,0.5,0.48166666328907015,0.05624846078980365,0.01833333671092985,0.38095238095238093,0.6000000238418579,0.4433333307504654,0.16103801131248474,60,1
eeg_imu,eccentricity,loso,15,13,0.5666666626930237,0.5083333373069763,0.06902093658397519,0.05833332538604741,0.23809523809523808,0.4833333194255829,0.4183333322405815,0.13252761960029602,60,1
eeg_imu,eccentricity,loso,15,14,0.6000000238418579,0.5158333271741867,0.06779769479723435,0.08416669666767118,0.14285714285714285,0.5166666507720947,0.5224999949336052,0.11020977050065994,60,1
eeg_imu,eccentricity,loso,15,15,0.6499999761581421,0.4899999961256981,0.0628932058516935,0.15999998003244398,0.047619047619047616,0.5333333611488342,0.45166666954755785,0.10272763669490814,60,1
eeg_imu,eccentricity,within,15,0,0.6552083492279053,0.49333333373069765,0.013169573065362287,0.16187501549720762,0.047619047619047616,0.43020832538604736,0.46989583075046537,0.172157421708107,960,1
eeg_imu,eccentricity,within,15,1,0.5322916507720947,0.5626562535762787,0.014340515564996568,-0.03036460280418396,1.0,0.5833333134651184,0.3750520795583725,0.43990474939346313,960,1
eeg_imu,eccentricity,within,15,2,0.6802083253860474,0.5432812482118606,0.017190572848685453,0.13692707717418673,0.047619047619047616,0.5708333253860474,0.45859375298023225,0.21803122758865356,960,1
eeg_imu,eccentricity,within,15,3,0.6268343925476074,0.488417187333107,0.015332223991441575,0.1384172052145004,0.047619047619047616,0.5,0.47929768860340116,0.1441204845905304,954,1
eeg_imu,eccentricity,within,15,4,0.53125,0.500052085518837,0.011512535623529373,0.031197914481163047,0.047619047619047616,0.48750001192092896,0.37046875059604645,0.23794852197170258,960,1
eeg_imu,eccentricity,loso,20,0,0.375,0.45749999582767487,0.06475916442582913,-0.08249999582767487,0.9523809523809523,0.4000000059604645,0.4549999997019768,0.2904359996318817,40,1
eeg_imu,eccentricity,loso,20,1,0.7105262875556946,0.5749999955296516,0.07993894375278232,0.13552629202604294,0.09523809523809523,0.4736842215061188,0.4223684199154377,0.1301628053188324,38,1
eeg_imu,eccentricity,loso,20,2,0.6000000238418579,0.44000000059604644,0.06393355411181811,0.16000002324581147,0.047619047619047616,0.375,0.4425000011920929,0.36472761631011963,40,1
eeg_imu,eccentricity,loso,20,3,0.625,0.5262500002980233,0.06298561970018846,0.09874999970197673,0.09523809523809523,0.550000011920929,0.4462499976158142,0.20223556458950043,40,1
eeg_imu,eccentricity,loso,20,4,0.800000011920929,0.5112499907612801,0.07436186157012042,0.2887500211596489,0.047619047619047616,0.5249999761581421,0.4862499967217445,0.15972188115119934,40,1
eeg_imu,eccentricity,loso,20,5,0.4749999940395355,0.5024999946355819,0.06417748696472252,-0.027500000596046403,0.8571428571428571,0.4749999940395355,0.3850000038743019,0.20542661845684052,40,1
eeg_imu,eccentricity,loso,20,6,0.699999988079071,0.46749999523162844,0.07504165392744466,0.2324999928474426,0.047619047619047616,0.5249999761581421,0.4675000011920929,0.1117306724190712,40,1
eeg_imu,eccentricity,loso,20,7,0.574999988079071,0.47249999791383746,0.0585768701907878,0.10249999016523359,0.09523809523809523,0.42500001192092896,0.4424999937415123,0.418303906917572,40,1
eeg_imu,eccentricity,loso,20,8,0.5,0.47999999672174454,0.07648529135960828,0.020000003278255463,0.47619047619047616,0.5,0.3899999976158142,0.32579490542411804,40,1
eeg_imu,eccentricity,loso,20,9,0.6499999761581421,0.49749999642372134,0.06841965860844064,0.15249997973442075,0.047619047619047616,0.5249999761581421,0.47249999791383746,0.15904633700847626,40,1
eeg_imu,eccentricity,loso,20,10,0.550000011920929,0.5274999976158142,0.08584142736855586,0.022500014305114724,0.47619047619047616,0.42500001192092896,0.4274999976158142,0.4166240990161896,40,1
eeg_imu,eccentricity,loso,20,11,0.6000000238418579,0.5099999979138374,0.08492643496738762,0.09000002592802048,0.14285714285714285,0.5,0.4424999952316284,0.12517505884170532,40,1
eeg_imu,eccentricity,loso,20,12,0.6000000238418579,0.5749999970197678,0.059160803120385345,0.025000026822090127,0.2857142857142857,0.6000000238418579,0.36250000149011613,0.3228064775466919,40,1
eeg_imu,eccentricity,loso,20,13,0.550000011920929,0.482499997317791,0.07504165794852553,0.06750001460313798,0.2857142857142857,0.3499999940395355,0.4125,0.19729870557785034,40,1
eeg_imu,eccentricity,loso,20,14,0.625,0.5337500020861625,0.08149962155040034,0.09124999791383748,0.19047619047619047,0.6000000238418579,0.46624999195337297,0.3027733564376831,40,1
eeg_imu,eccentricity,loso,20,15,0.675000011920929,0.5462499931454659,0.060350544393156805,0.1287500187754631,0.09523809523809523,0.5249999761581421,0.4712499976158142,0.11067488044500351,40,1
eeg_imu,eccentricity,within,20,0,0.5703125,0.5514843761920929,0.0167302438129544,0.018828123807907104,0.19047619047619047,0.5765625238418579,0.41617187261581423,0.16740237176418304,640,1
eeg_imu,eccentricity,within,20,1,0.692187488079071,0.5105468720197678,0.01794410756024943,0.18164061605930326,0.047619047619047616,0.574999988079071,0.47226562052965165,0.16859537363052368,640,1
eeg_imu,eccentricity,within,20,2,0.6640625,0.5153906181454658,0.01881028349363355,0.14867188185453417,0.047619047619047616,0.5,0.48210937082767485,0.1169198602437973,640,1
eeg_imu,eccentricity,within,20,3,0.6132075190544128,0.511163517832756,0.019894130290339627,0.1020440012216568,0.047619047619047616,0.5,0.4657232746481895,0.1743542104959488,636,1
eeg_imu,eccentricity,within,20,4,0.5328124761581421,0.4754687488079071,0.020077362560944778,0.05734372735023496,0.047619047619047616,0.3765625059604645,0.4301562517881393,0.3292771577835083,640,1
eeg_imu,eccentricity,loso,30,0,0.5,0.5024999991059304,0.09417403818478189,-0.0024999991059303506,0.5714285714285714,0.550000011920929,0.31750000230968,0.16369381546974182,20,1
eeg_imu,eccentricity,loso,30,1,0.5263158082962036,0.5236842095851898,0.12170874723895103,0.002631598711013816,0.6190476190476191,0.5263158082962036,0.4605263158679008,0.007207725662738085,19,1
eeg_imu,eccentricity,loso,30,2,0.550000011920929,0.5025000005960465,0.09148087458180774,0.04750001132488246,0.42857142857142855,0.44999998807907104,0.39750000163912774,0.15905848145484924,20,1
eeg_imu,eccentricity,loso,30,3,0.550000011920929,0.5549999997019768,0.10943034192928214,-0.004999987781047821,0.6666666666666666,0.5,0.46000000089406967,0.1281946897506714,20,1
eeg_imu,eccentricity,loso,30,4,0.550000011920929,0.5050000056624413,0.11821590633083123,0.04500000625848766,0.5714285714285714,0.550000011920929,0.4050000011920929,0.21660804748535156,20,1
eeg_imu,eccentricity,loso,30,5,0.44999998807907104,0.4474999994039536,0.08728545447704324,0.0024999886751174705,0.7142857142857143,0.4000000059604645,0.44750000536441803,0.03448343649506569,20,1
eeg_imu,eccentricity,loso,30,6,0.6499999761581421,0.5200000002980232,0.11768602202242617,0.1299999758601189,0.23809523809523808,0.550000011920929,0.3449999988079071,0.1857326179742813,20,1
eeg_imu,eccentricity,loso,30,7,0.550000011920929,0.5075000032782555,0.11861176218925451,0.04250000864267345,0.5714285714285714,0.550000011920929,0.40750000178813933,0.04706709831953049,20,1
eeg_imu,eccentricity,loso,30,8,0.6000000238418579,0.5250000029802322,0.08732125059035113,0.07500002086162572,0.3333333333333333,0.550000011920929,0.4550000049173832,0.08215108513832092,20,1
eeg_imu,eccentricity,loso,30,9,0.550000011920929,0.4575000047683716,0.10158125305171148,0.09250000715255735,0.42857142857142855,0.4000000059604645,0.47750000059604647,0.06706468015909195,20,1
eeg_imu,eccentricity,loso,30,10,0.6000000238418579,0.5025000050663948,0.08135570416705237,0.0975000187754631,0.23809523809523808,0.44999998807907104,0.46749999821186067,0.058550816029310226,20,1
eeg_imu,eccentricity,loso,30,11,0.6000000238418579,0.47500000298023226,0.09682458673315678,0.12500002086162565,0.23809523809523808,0.6499999761581421,0.36000000312924385,0.18887414038181305,20,1
eeg_imu,eccentricity,loso,30,12,0.699999988079071,0.5450000047683716,0.061032782375712705,0.15499998331069942,0.047619047619047616,0.6499999761581421,0.41000000238418577,0.2875780165195465,20,1
eeg_imu,eccentricity,loso,30,13,0.44999998807907104,0.5525000020861626,0.11669939948670587,-0.10250001400709152,0.9047619047619048,0.6000000238418579,0.4425000011920929,0.007066018879413605,20,1
eeg_imu,eccentricity,loso,30,14,0.6000000238418579,0.4750000022351742,0.12196311366653223,0.12500002160668372,0.19047619047619047,0.6000000238418579,0.4749999985098839,0.013425716198980808,20,1
eeg_imu,eccentricity,loso,30,15,0.44999998807907104,0.47250000163912775,0.12090802277327532,-0.02250001356005671,0.6666666666666666,0.25,0.4524999938905239,0.11330350488424301,20,1
eeg_imu,eccentricity,within,30,0,0.59375,0.5376562476158142,0.02269608625974589,0.05609375238418579,0.047619047619047616,0.5718749761581421,0.37078124582767485,0.271017462015152,320,1
eeg_imu,eccentricity,within,30,1,0.45625001192092896,0.4695312514901161,0.018563527247697637,-0.013281239569187142,0.7619047619047619,0.6031249761581421,0.3835937514901161,0.2102995067834854,320,1
eeg_imu,eccentricity,within,30,2,0.625,0.5225000008940697,0.02566688905244425,0.10249999910593033,0.047619047619047616,0.49687498807907104,0.46250000298023225,0.07960992306470871,320,1
eeg_imu,eccentricity,within,30,3,0.5817610025405884,0.4734276756644249,0.0288293824216776,0.10833332687616348,0.047619047619047616,0.4779874086380005,0.4834905728697777,0.15391962230205536,318,1
eeg_imu,eccentricity,within,30,4,0.612500011920929,0.5726562440395355,0.02408227070383023,0.03984376788139343,0.09523809523809523,0.6000000238418579,0.45796875208616256,0.14442618191242218,320,1
eeg_imu,hemisphere,loso,5,0,0.550000011920929,0.519545455276966,0.03217655309965482,0.030454556643962905,0.19047619047619047,0.5,0.4581818148493767,0.7258430123329163,220,1
eeg_imu,hemisphere,loso,5,1,0.6889952421188354,0.4959330171346664,0.03603715766245448,0.19306222498416903,0.047619047619047616,0.5023923516273499,0.47200957089662554,0.5235467553138733,209,1
eeg_imu,hemisphere,loso,5,2,0.6545454263687134,0.48659090846776965,0.03316858790312682,0.16795451790094373,0.047619047619047616,0.459090918302536,0.4470454528927803,0.6515079140663147,220,1
eeg_imu,hemisphere,loso,5,3,0.7318181991577148,0.4870454579591751,0.03432570756719666,0.24477274119853976,0.047619047619047616,0.5,0.468409089744091,0.6249358057975769,220,1
eeg_imu,hemisphere,loso,5,4,0.5636363625526428,0.4909090891480446,0.033740622789256505,0.07272727340459822,0.047619047619047616,0.4954545497894287,0.48409091085195544,0.6826279163360596,220,1
eeg_imu,hemisphere,loso,5,5,0.7409090995788574,0.4838636353611946,0.028294308383679984,0.25704546421766283,0.047619047619047616,0.5136363506317139,0.4602272778749466,0.5292767882347107,220,1
eeg_imu,hemisphere,loso,5,6,0.6909090876579285,0.5272727280855178,0.025470775285247774,0.16363635957241063,0.047619047619047616,0.5136363506317139,0.4054545447230339,0.5459490418434143,220,1
eeg_imu,hemisphere,loso,5,7,0.6000000238418579,0.4722727298736572,0.0280163816056326,0.1277272939682007,0.047619047619047616,0.41363635659217834,0.4440909057855606,0.41440585255622864,220,1
eeg_imu,hemisphere,loso,5,8,0.5363636612892151,0.4993181794881821,0.01595933532256877,0.03704548180103301,0.047619047619047616,0.5,0.4338636353611946,0.5915958285331726,220,1
eeg_imu,hemisphere,loso,5,9,0.7227272987365723,0.5006818145513534,0.023455381961060274,0.22204548418521886,0.047619047619047616,0.4954545497894287,0.46613636165857314,0.6164894104003906,220,1
eeg_imu,hemisphere,loso,5,10,0.4636363685131073,0.5059090957045556,0.025230346819170874,-0.042272727191448256,0.9047619047619048,0.5136363506317139,0.4422727316617966,0.6302688717842102,220,1
eeg_imu,hemisphere,loso,5,11,0.550000011920929,0.5131818160414696,0.03864705390887522,0.03681819587945934,0.23809523809523808,0.5090909004211426,0.4740909069776535,0.4027154743671417,220,1
eeg_imu,hemisphere,loso,5,12,0.6499999761581421,0.4988636329770088,0.022169282742120145,0.15113634318113328,0.047619047619047616,0.5,0.395681819319725,0.9005179405212402,220,1
eeg_imu,hemisphere,loso,5,13,0.4909090995788574,0.5040909081697464,0.0306910752883885,-0.013181808590889021,0.6666666666666666,0.5,0.4168181836605072,0.8860329389572144,220,1
eeg_imu,hemisphere,loso,5,14,0.7272727489471436,0.48750000149011613,0.022584780564044792,0.23977274745702742,0.047619047619047616,0.48636364936828613,0.48522727489471434,0.8769548535346985,220,1
eeg_imu,hemisphere,loso,5,15,0.5272727012634277,0.5031818211078644,0.03524120023398619,0.024090880155563377,0.2857142857142857,0.4909090995788574,0.4522727280855179,0.6879588961601257,220,1
eeg_imu,hemisphere,within,5,0,0.6585227251052856,0.49714488387107847,0.00867500030428821,0.16137784123420718,0.047619047619047616,0.478409081697464,0.4354119300842285,0.7009666562080383,3520,1
eeg_imu,hemisphere,within,5,1,0.6289772987365723,0.505312493443489,0.009037972601266446,0.12366480529308321,0.047619047619047616,0.5,0.47761363834142684,0.8965407609939575,3520,1
eeg_imu,hemisphere,within,5,2,0.6786931753158569,0.5279971569776535,0.008197618762019658,0.15069601833820345,0.047619047619047616,0.5670454502105713,0.4431676134467125,0.6938378214836121,3520,1
eeg_imu,hemisphere,within,5,3,0.5628930926322937,0.49579760283231733,0.007981622140957873,0.06709548979997637,0.047619047619047616,0.5077186822891235,0.440022873878479,0.8331311941146851,3498,1
eeg_imu,hemisphere,within,5,4,0.6340909004211426,0.5135085240006447,0.006239970437712068,0.12058237642049785,0.047619047619047616,0.5,0.4666051119565964,0.6788268685340881,3520,1
eeg_imu,hemisphere,loso,10,0,0.5299999713897705,0.5029999941587449,0.030512294077698073,0.02699997723102565,0.23809523809523808,0.49000000953674316,0.4659999951720238,0.28756847977638245,100,1
eeg_imu,hemisphere,loso,10,1,0.75789475440979,0.4947368413209915,0.04063213202468076,0.26315791308879855,0.047619047619047616,0.42105263471603394,0.514736844599247,0.3445892930030823,95,1
eeg_imu,hemisphere,loso,10,2,0.6700000166893005,0.489499993622303,0.05426554252482202,0.18050002306699753,0.047619047619047616,0.47999998927116394,0.46449999511241913,0.25727295875549316,100,1
eeg_imu,hemisphere,loso,10,3,0.7699999809265137,0.4719999969005585,0.0554616969199402,0.2979999840259552,0.047619047619047616,0.44999998807907104,0.49499999433755876,0.39014607667922974,100,1
eeg_imu,hemisphere,loso,10,4,0.5600000023841858,0.4914999961853027,0.041865855795697286,0.06850000619888308,0.09523809523809523,0.38999998569488525,0.45649999678134917,0.43021756410598755,100,1
eeg_imu,hemisphere,loso,10,5,0.7799999713897705,0.48299999386072157,0.04583666233096414,0.29699997752904894,0.047619047619047616,0.550000011920929,0.4989999935030937,0.5377324223518372,100,1
eeg_imu,hemisphere,loso,10,6,0.699999988079071,0.5174999997019768,0.05620275677021532,0.18249998837709425,0.047619047619047616,0.5,0.471500001847744,0.3772618770599365,100,1
eeg_imu,hemisphere,loso,10,7,0.6899999976158142,0.4764999970793724,0.046505378799805215,0.2135000005364418,0.047619047619047616,0.4300000071525574,0.4625000014901161,0.22731265425682068,100,1
eeg_imu,hemisphere,loso,10,8,0.6200000047683716,0.519499996304512,0.04598640881861821,0.10050000846385954,0.047619047619047616,0.5,0.47149999886751176,0.4295373558998108,100,1
eeg_imu,hemisphere,loso,10,9,0.7900000214576721,0.4834999948740005,0.03940494496622231,0.3065000265836716,0.047619047619047616,0.4300000071525574,0.494499996304512,0.25928735733032227,100,1
eeg_imu,hemisphere,loso,10,10,0.44999998807907104,0.4889999955892563,0.03884584744377071,-0.03900000751018523,0.9047619047619048,0.44999998807907104,0.4129999980330467,0.42553576827049255,100,1
eeg_imu,hemisphere,loso,10,11,0.6100000143051147,0.4969999998807907,0.04243819109785334,0.11300001442432406,0.047619047619047616,0.5,0.4749999985098839,0.17326118052005768,100,1
eeg_imu,hemisphere,loso,10,12,0.6800000071525574,0.47299999594688413,0.0674611013899755,0.20700001120567324,0.047619047619047616,0.47999998927116394,0.4499999970197678,0.5244562029838562,100,1
eeg_imu,hemisphere,loso,10,13,0.5199999809265137,0.48699999451637266,0.037960503898574666,0.03299998641014101,0.23809523809523808,0.5099999904632568,0.4339999988675117,0.7336415648460388,100,1
eeg_imu,hemisphere,loso,10,14,0.7099999785423279,0.4900000005960464,0.05822370882564263,0.21999997794628146,0.047619047619047616,0.5,0.5229999929666519,0.4289840757846832,100,1
eeg_imu,hemisphere,loso,10,15,0.6299999952316284,0.5139999955892562,0.051419840060424854,0.11599999964237218,0.047619047619047616,0.49000000953674316,0.37900000214576723,0.707147479057312,100,1
eeg_imu,hemisphere,within,10,0,0.6831250190734863,0.519812498986721,0.010683848476353933,0.16331252008676533,0.047619047619047616,0.515625,0.4079999983310699,0.6366342306137085,1600,1
eeg_imu,hemisphere,within,10,1,0.6693750023841858,0.5403125017881394,0.013216208721520538,0.1290625005960464,0.047619047619047616,0.49000000953674316,0.4012499988079071,0.6736391186714172,1600,1
eeg_imu,hemisphere,within,10,2,0.6493750214576721,0.5033125013113022,0.013396149498912293,0.1460625201463699,0.047619047619047616,0.47999998927116394,0.46287500113248825,0.27010175585746765,1600,1
eeg_imu,hemisphere,within,10,3,0.5798742175102234,0.48298742175102233,0.015463864675335906,0.09688679575920106,0.047619047619047616,0.43207547068595886,0.4807232737541199,0.4208296835422516,1590,1
eeg_imu,hemisphere,within,10,4,0.6318749785423279,0.5013750061392784,0.011481302006576344,0.13049997240304945,0.047619047619047616,0.47874999046325684,0.453812500834465,0.4392882287502289,1600,1
eeg_imu,hemisphere,loso,15,0,0.5833333134651184,0.4808333292603493,0.05277704950316179,0.10249998420476913,0.09523809523809523,0.46666666865348816,0.4691666647791862,0.24145811796188354,60,1
eeg_imu,hemisphere,loso,15,1,0.8245614171028137,0.5201754465699195,0.05386707786828523,0.3043859705328942,0.047619047619047616,0.42105263471603394,0.4710526391863823,0.1233869343996048,57,1
eeg_imu,hemisphere,loso,15,2,0.6833333373069763,0.5416666686534881,0.06400954660559666,0.1416666686534882,0.09523809523809523,0.5,0.4449999988079071,0.19218948483467102,60,1
eeg_imu,hemisphere,loso,15,3,0.8166666626930237,0.5325000002980232,0.06224392233239467,0.28416666239500044,0.047619047619047616,0.4333333373069763,0.4524999976158142,0.23812486231327057,60,1
eeg_imu,hemisphere,loso,15,4,0.5333333611488342,0.5325000002980232,0.05122798321899395,0.0008333608508109824,0.5238095238095238,0.5,0.49249999672174455,0.22555145621299744,60,1
eeg_imu,hemisphere,loso,15,5,0.800000011920929,0.5275000020861625,0.06417749116343306,0.2725000098347664,0.047619047619047616,0.5,0.44916666448116305,0.5914781093597412,60,1
eeg_imu,hemisphere,loso,15,6,0.699999988079071,0.5400000035762786,0.06289321224874996,0.1599999845027924,0.047619047619047616,0.5,0.41499999910593033,0.24255746603012085,60,1
eeg_imu,hemisphere,loso,15,7,0.800000011920929,0.544999997317791,0.048045121540857584,0.2550000146031379,0.047619047619047616,0.4333333373069763,0.4849999979138374,0.11748659610748291,60,1
eeg_imu,hemisphere,loso,15,8,0.5333333611488342,0.5125000014901161,0.05187458879973166,0.02083335965871813,0.42857142857142855,0.5,0.4858333319425583,0.1540922373533249,60,1
eeg_imu,hemisphere,loso,15,9,0.7666666507720947,0.5266666665673256,0.06778232929728135,0.2399999842047691,0.047619047619047616,0.46666666865348816,0.4783333271741867,0.16079846024513245,60,1
eeg_imu,hemisphere,loso,15,10,0.5666666626930237,0.5424999997019768,0.05950606969325633,0.02416666299104686,0.38095238095238093,0.550000011920929,0.44583332985639573,0.3432346284389496,60,1
eeg_imu,hemisphere,loso,15,11,0.5833333134651184,0.4908333346247673,0.055895491469905294,0.0924999788403511,0.14285714285714285,0.5666666626930237,0.4791666641831398,0.49283885955810547,60,1
eeg_imu,hemisphere,loso,15,12,0.6166666746139526,0.5250000044703483,0.06291529150011754,0.0916666701436043,0.09523809523809523,0.550000011920929,0.4533333331346512,0.23934708535671234,60,1
eeg_imu,hemisphere,loso,15,13,0.5833333134651184,0.505833338201046,0.05144441585810405,0.07749997526407237,0.14285714285714285,0.5,0.3591666638851166,0.3988581597805023,60,1
eeg_imu,hemisphere,loso,15,14,0.800000011920929,0.5416666656732559,0.05713046094440143,0.258333346247673,0.047619047619047616,0.550000011920929,0.44499999582767485,0.23909202218055725,60,1
eeg_imu,hemisphere,loso,15,15,0.6499999761581421,0.5325000062584877,0.0620203813711642,0.11749996989965439,0.09523809523809523,0.5,0.45583332479000094,0.329296737909317,60,1
eeg_imu,hemisphere,within,15,0,0.6781250238418579,0.5140625014901161,0.015289810023485454,0.1640625223517418,0.047619047619047616,0.5166666507720947,0.44750000089406966,0.24360130727291107,960,1
eeg_imu,hemisphere,within,15,1,0.7020833492279053,0.5098437458276749,0.015881490585073273,0.19223960340023039,0.047619047619047616,0.5,0.48078124672174455,0.14649276435375214,960,1
eeg_imu,hemisphere,within,15,2,0.6479166746139526,0.5097395792603493,0.015458400313593,0.13817709535360334,0.047619047619047616,0.5,0.4769270822405815,0.183095782995224,960,1
eeg_imu,hemisphere,within,15,3,0.6635220050811768,0.5198113292455673,0.017124493886758723,0.14371067583560948,0.047619047619047616,0.5031446814537048,0.4809224337339401,0.1966363787651062,954,1
eeg_imu,hemisphere,within,15,4,0.6541666388511658,0.4953645825386047,0.015104076637355109,0.15880205631256106,0.047619047619047616,0.5062500238418579,0.46859375238418577,0.19940215349197388,960,1
eeg_imu,hemisphere,loso,20,0,0.4749999940395355,0.5212499991059303,0.06387243583533372,-0.04625000506639476,0.7619047619047619,0.5249999761581421,0.41875,0.67364501953125,40,1
eeg_imu,hemisphere,loso,20,1,0.8157894611358643,0.5355263128876686,0.08122802136124549,0.28026314824819565,0.047619047619047616,0.5263158082962036,0.43552631735801695,0.09710643440485,38,1
eeg_imu,hemisphere,loso,20,2,0.75,0.4812500014901161,0.08939903612560739,0.2687499985098839,0.047619047619047616,0.5249999761581421,0.463749997317791,0.1484239101409912,40,1
eeg_imu,hemisphere,loso,20,3,0.44999998807907104,0.527499994635582,0.06269968337275031,-0.0775000065565109,0.9523809523809523,0.5249999761581421,0.5124999970197678,0.03269031643867493,40,1
eeg_imu,hemisphere,loso,20,4,0.550000011920929,0.5174999982118607,0.06759252919502622,0.0325000137090683,0.38095238095238093,0.375,0.4675000011920929,0.0815274715423584,40,1
eeg_imu,hemisphere,loso,20,5,0.800000011920929,0.5162499964237213,0.09092407635457575,0.2837500154972077,0.047619047619047616,0.5,0.44375,0.6225293278694153,40,1
eeg_imu,hemisphere,loso,20,6,0.699999988079071,0.4950000002980232,0.07729812100718898,0.20499998778104783,0.047619047619047616,0.4749999940395355,0.46999999433755874,0.18492896854877472,40,1
eeg_imu,hemisphere,loso,20,7,0.824999988079071,0.5249999940395356,0.07115125018108642,0.2999999940395355,0.047619047619047616,0.5249999761581421,0.4400000020861626,0.08721375465393066,40,1
eeg_imu,hemisphere,loso,20,8,0.675000011920929,0.5274999961256981,0.08584142046837724,0.14750001579523087,0.047619047619047616,0.44999998807907104,0.4825000002980232,0.2102709859609604,40,1
eeg_imu,hemisphere,loso,20,9,0.7250000238418579,0.4812500014901161,0.07240295154181738,0.2437500223517418,0.047619047619047616,0.4749999940395355,0.47624999582767485,0.11735421419143677,40,1
eeg_imu,hemisphere,loso,20,10,0.4749999940395355,0.49375,0.04929186552200671,-0.0187500059604645,0.8095238095238095,0.5249999761581421,0.24125000163912774,0.5516166687011719,40,1
eeg_imu,hemisphere,loso,20,11,0.550000011920929,0.45874999910593034,0.06767338688235534,0.09125001281499862,0.19047619047619047,0.550000011920929,0.4762500002980232,0.13872084021568298,40,1
eeg_imu,hemisphere,loso,20,12,0.675000011920929,0.5175000041723251,0.07668931390518317,0.15750000774860384,0.09523809523809523,0.550000011920929,0.39750000312924383,0.19990503787994385,40,1
eeg_imu,hemisphere,loso,20,13,0.42500001192092896,0.46749999821186067,0.08663861434915081,-0.04249998629093171,0.7142857142857143,0.4749999940395355,0.4600000023841858,0.28058984875679016,40,1
eeg_imu,hemisphere,loso,20,14,0.675000011920929,0.5299999937415123,0.07566372799934873,0.14500001817941666,0.09523809523809523,0.5249999761581421,0.4224999949336052,0.1803523153066635,40,1
eeg_imu,hemisphere,loso,20,15,0.574999988079071,0.5099999964237213,0.06585969956522926,0.06499999165534975,0.23809523809523808,0.550000011920929,0.3725000016391277,0.44331392645835876,40,1
eeg_imu,hemisphere,within,20,0,0.6109374761581421,0.4807812511920929,0.0173085214165288,0.13015622496604917,0.047619047619047616,0.4468750059604645,0.38921874612569807,0.4806610941886902,640,1
eeg_imu,hemisphere,within,20,1,0.6968749761581421,0.5183593779802322,0.016747748939495134,0.17851559817790985,0.047619047619047616,0.5,0.45367187410593035,0.5025823712348938,640,1
eeg_imu,hemisphere,within,20,2,0.671875,0.5032031252980232,0.01899241077592665,0.16867187470197675,0.047619047619047616,0.5,0.49164062589406965,0.11580871790647507,640,1
eeg_imu,hemisphere,within,20,3,0.6367924809455872,0.5122641518712043,0.026815431616517713,0.12452832907438283,0.047619047619047616,0.4654088020324707,0.45691823661327363,0.16278119385242462,636,1
eeg_imu,hemisphere,within,20,4,0.731249988079071,0.5314843744039536,0.01614959335609182,0.19976561367511747,0.047619047619047616,0.606249988079071,0.4649218752980232,0.190345898270607,640,1
eeg_imu,hemisphere,loso,30,0,0.4000000059604645,0.5075000032782555,0.11540688853367463,-0.10749999731779103,0.8095238095238095,0.75,0.4375000029802322,0.48915669322013855,20,1
eeg_imu,hemisphere,loso,30,1,0.8947368264198303,0.4500000014901161,0.13260129298817017,0.4447368249297142,0.047619047619047616,0.42105263471603394,0.5026315808296203,0.21705475449562073,19,1
eeg_imu,hemisphere,loso,30,2,0.699999988079071,0.4900000005960464,0.09027734999718419,0.20999998748302462,0.047619047619047616,0.5,0.5250000044703483,0.21281467378139496,20,1
eeg_imu,hemisphere,loso,30,3,0.75,0.5275000020861625,0.09283722332272133,0.22249999791383746,0.09523809523809523,0.3499999940395355,0.3725000027567148,0.34862059354782104,20,1
eeg_imu,hemisphere,loso,30,4,0.6000000238418579,0.530000002682209,0.12489995980094205,0.07000002115964887,0.38095238095238093,0.44999998807907104,0.4600000023841858,0.19749778509140015,20,1
eeg_imu,hemisphere,loso,30,5,0.75,0.494999997317791,0.10712142685937026,0.255000002682209,0.047619047619047616,0.5,0.45000000558793546,0.11523105949163437,20,1
eeg_imu,hemisphere,loso,30,6,0.800000011920929,0.5500000029802322,0.10488088211755324,0.25000000894069674,0.047619047619047616,0.550000011920929,0.4250000029802322,0.1966732293367386,20,1
eeg_imu,hemisphere,loso,30,7,0.6499999761581421,0.5300000071525574,0.0842615045579521,0.11999996900558474,0.09523809523809523,0.550000011920929,0.5150000028312206,0.2625603675842285,20,1
eeg_imu,hemisphere,loso,30,8,0.550000011920929,0.47000000476837156,0.10885770851591063,0.0800000071525574,0.3333333333333333,0.5,0.3749999970197678,0.21715186536312103,20,1
eeg_imu,hemisphere,loso,30,9,0.8999999761581421,0.5200000017881393,0.09924716569591406,0.37999997437000277,0.047619047619047616,0.44999998807907104,0.47000000029802325,0.07746430486440659,20,1
eeg_imu,hemisphere,loso,30,10,0.6000000238418579,0.5050000011920929,0.14133293968168753,0.09500002264976504,0.2857142857142857,0.4000000059604645,0.4550000041723251,0.04921437427401543,20,1
eeg_imu,hemisphere,loso,30,11,0.4000000059604645,0.5499999985098839,0.1254990036239062,-0.14999999254941943,0.9523809523809523,0.6499999761581421,0.4900000050663948,0.10885310918092728,20,1
eeg_imu,hemisphere,loso,30,12,0.699999988079071,0.4875,0.1321694019229219,0.21249998807907106,0.14285714285714285,0.5,0.4074999988079071,0.1954081952571869,20,1
eeg_imu,hemisphere,loso,30,13,0.25,0.5050000041723252,0.08351646911794121,-0.25500000417232516,1.0,0.550000011920929,0.4699999958276749,0.031236091628670692,20,1
eeg_imu,hemisphere,loso,30,14,0.75,0.5000000059604645,0.08944272209879332,0.24999999403953554,0.047619047619047616,0.30000001192092896,0.4249999985098839,0.14306746423244476,20,1
eeg_imu,hemisphere,loso,30,15,0.550000011920929,0.49750000089406965,0.07822244269333661,0.052500011026859306,0.42857142857142855,0.44999998807907104,0.4525000020861626,0.3094979226589203,20,1
eeg_imu,hemisphere,within,30,0,0.675000011920929,0.47499999701976775,0.03335123206194245,0.2000000149011612,0.047619047619047616,0.5,0.4706249997019768,0.4957564175128937,320,1
eeg_imu,hemisphere,within,30,1,0.699999988079071,0.55234375,0.02557683688214165,0.14765623807907102,0.047619047619047616,0.5,0.4214062482118607,0.3761950731277466,320,1
eeg_imu,hemisphere,within,30,2,0.6343749761581421,0.4795312538743019,0.026284859448482346,0.1548437222838402,0.047619047619047616,0.44999998807907104,0.4764062538743019,0.16523537039756775,320,1
eeg_imu,hemisphere,within,30,3,0.6415094137191772,0.5246855363249778,0.023092877616820356,0.11682387739419942,0.047619047619047616,0.5031446814537048,0.4341194987297058,0.2420382797718048,318,1
eeg_imu,hemisphere,within,30,4,0.6499999761581421,0.5145312488079071,0.03125429403486478,0.13546872735023496,0.047619047619047616,0.3031249940395355,0.46734374910593035,0.15743912756443024,320,1
eeg_imu_video,eccentricity,loso,5,0,0.47727271914482117,0.5068181812763214,0.032221476447059416,-0.029545462131500222,0.8571428571428571,0.5,0.5018181800842285,0.5147384405136108,220,1
eeg_imu_video,eccentricity,loso,5,1,0.8086124658584595,0.5052631601691246,0.0284437568921364,0.3033493056893348,0.047619047619047616,0.5167464017868042,0.43014353662729266,0.9163592457771301,209,1
eeg_imu_video,eccentricity,loso,5,2,0.6000000238418579,0.5097727283835412,0.029988809687022777,0.09022729545831676,0.047619047619047616,0.5,0.3865909084677696,0.5507194995880127,220,1
eeg_imu_video,eccentricity,loso,5,3,0.7136363387107849,0.4950000062584877,0.033057056600926074,0.2186363324522972,0.047619047619047616,0.5,0.46045454889535903,0.5820894241333008,220,1
eeg_imu_video,eccentricity,loso,5,4,0.7227272987365723,0.4984090909361839,0.031071597050827706,0.22431820780038836,0.047619047619047616,0.5,0.46295454949140546,0.3937155306339264,220,1
eeg_imu_video,eccentricity,loso,5,5,0.6181818246841431,0.49749999940395356,0.027366318288515493,0.1206818252801895,0.047619047619047616,0.5,0.4824999988079071,0.6050763130187988,220,1
eeg_imu_video,eccentricity,loso,5,6,0.8090909123420715,0.5031818151473999,0.032047868527193844,0.30590909719467163,0.047619047619047616,0.4681818187236786,0.4359090954065323,0.6186038255691528,220,1
eeg_imu_video,eccentricity,loso,5,7,0.6363636255264282,0.5043181851506233,0.028657102257771867,0.1320454403758049,0.047619047619047616,0.5,0.45750000029802323,0.5857787132263184,220,1
eeg_imu_video,eccentricity,loso,5,8,0.4318181872367859,0.5002272725105286,0.013822591067665091,-0.06840908527374268,1.0,0.5,0.12431818172335625,0.7990721464157104,220,1
eeg_imu_video,eccentricity,loso,5,9,0.800000011920929,0.5020454540848732,0.02978833565740731,0.29795455783605573,0.047619047619047616,0.5,0.4774999976158142,0.4829833209514618,220,1
eeg_imu_video,eccentricity,loso,5,10,0.5727272629737854,0.5356818199157715,0.025562879189770103,0.03704544305801394,0.14285714285714285,0.5,0.4015909105539322,0.8962971568107605,220,1
eeg_imu_video,eccentricity,loso,5,11,0.5181818008422852,0.494999997317791,0.01856971870131416,0.02318180352449417,0.19047619047619047,0.5,0.4259090930223465,0.47938528656959534,220,1
eeg_imu_video,eccentricity,loso,5,12,0.7272727489471436,0.5081818148493766,0.027968402405814146,0.21909093409776692,0.047619047619047616,0.48636364936828613,0.45181818306446075,0.6592286825180054,220,1
eeg_imu_video,eccentricity,loso,5,13,0.48181816935539246,0.5034090921282768,0.028345383500390217,-0.021590922772884324,0.8571428571428571,0.5,0.4493181824684143,0.420236200094223,220,1
eeg_imu_video,eccentricity,loso,5,14,0.6863636374473572,0.5004545480012894,0.029906880694479575,0.18590908944606777,0.047619047619047616,0.5045454502105713,0.4736363634467125,0.5640495419502258,220,1
eeg_imu_video,eccentricity,loso,5,15,0.6090909242630005,0.5002272769808769,0.03050793289659449,0.10886364728212361,0.047619047619047616,0.5,0.48068181723356246,0.70855712890625,220,1
eeg_imu_video,eccentricity,within,5,0,0.6840909123420715,0.5182102292776107,0.006924424045051416,0.1658806830644608,0.047619047619047616,0.5082386136054993,0.4534659072756767,0.6022288203239441,3520,1
eeg_imu_video,eccentricity,within,5,1,0.6732954382896423,0.5122159078717232,0.007635121465440341,0.16107953041791911,0.047619047619047616,0.5,0.4657102271914482,0.3920425772666931,3520,1
eeg_imu_video,eccentricity,within,5,2,0.6900568008422852,0.5043607994914054,0.008726393503070914,0.1856960013508797,0.047619047619047616,0.5,0.45930397808551787,0.5732523798942566,3520,1
eeg_imu_video,eccentricity,within,5,3,0.6412235498428345,0.5070182964205742,0.007364593795918754,0.1342052534222603,0.047619047619047616,0.5,0.45321612507104875,0.7958170771598816,3498,1
eeg_imu_video,eccentricity,within,5,4,0.5883522629737854,0.4949715882539749,0.008088410115168495,0.09338067471981049,0.047619047619047616,0.5,0.44269886463880537,0.9137662053108215,3520,1
eeg_imu_video,eccentricity,loso,10,0,0.5799999833106995,0.49749999940395356,0.05290321277501113,0.0824999839067459,0.09523809523809523,0.5099999904632568,0.46149999648332596,0.2992764711380005,100,1
eeg_imu_video,eccentricity,loso,10,1,0.7263157963752747,0.5299999937415123,0.05542832546002492,0.19631580263376236,0.047619047619047616,0.49473685026168823,0.45210526436567305,0.1730719804763794,95,1
eeg_imu_video,eccentricity,loso,10,2,0.699999988079071,0.5360000044107437,0.0372021552115311,0.16399998366832735,0.047619047619047616,0.5699999928474426,0.42699999958276746,0.6390401721000671,100,1
eeg_imu_video,eccentricity,loso,10,3,0.6499999761581421,0.5154999986290931,0.06829897521251774,0.13449997752904896,0.047619047619047616,0.49000000953674316,0.4184999972581863,0.28208127617836,100,1
eeg_imu_video,eccentricity,loso,10,4,0.5899999737739563,0.5159999951720238,0.040174616443774104,0.07399997860193253,0.09523809523809523,0.5,0.40499999821186067,0.5041515827178955,100,1
eeg_imu_video,eccentricity,loso,10,5,0.5899999737739563,0.49899999648332594,0.05664803702744808,0.09099997729063036,0.14285714285714285,0.47999998927116394,0.44799999296665194,0.19436213374137878,100,1
eeg_imu_video,eccentricity,loso,10,6,0.7900000214576721,0.5054999962449074,0.04248234995848899,0.28450002521276474,0.047619047619047616,0.5099999904632568,0.4064999997615814,0.34573063254356384,100,1
eeg_imu_video,eccentricity,loso,10,7,0.5899999737739563,0.5389999970793724,0.046572529362938084,0.05099997669458389,0.19047619047619047,0.49000000953674316,0.394999997317791,0.5821098685264587,100,1
eeg_imu_video,eccentricity,loso,10,8,0.5299999713897705,0.5089999929070472,0.040730821485960925,0.02099997848272328,0.3333333333333333,0.5,0.35000000298023226,0.31553348898887634,100,1
eeg_imu_video,eccentricity,loso,10,9,0.7599999904632568,0.5140000015497208,0.04586937890189141,0.24599998891353603,0.047619047619047616,0.5,0.440999998152256,0.6937147378921509,100,1
eeg_imu_video,eccentricity,loso,10,10,0.6700000166893005,0.5164999932050705,0.04628984350262088,0.15350002348423009,0.047619047619047616,0.5,0.43749999850988386,0.4077649414539337,100,1
eeg_imu_video,eccentricity,loso,10,11,0.5699999928474426,0.5100000023841857,0.04615192325641251,0.05999999046325688,0.19047619047619047,0.5199999809265137,0.4509999990463257,0.2665189504623413,100,1
eeg_imu_video,eccentricity,loso,10,12,0.7699999809265137,0.5194999903440476,0.04543951701576642,0.2504999905824661,0.047619047619047616,0.5,0.43349999487400054,0.34475210309028625,100,1
eeg_imu_video,eccentricity,loso,10,13,0.5899999737739563,0.5159999892115593,0.061757586067263254,0.07399998456239698,0.19047619047619047,0.49000000953674316,0.4689999997615814,0.24704207479953766,100,1
eeg_imu_video,eccentricity,loso,10,14,0.7099999785423279,0.4990000009536743,0.057697490548235385,0.21099997758865358,0.047619047619047616,0.5199999809265137,0.4819999948143959,0.3178676664829254,100,1
eeg_imu_video,eccentricity,loso,10,15,0.7099999785423279,0.5264999985694885,0.03567562365959456,0.1834999799728394,0.047619047619047616,0.5,0.48049999475479127,0.15780381858348846,100,1
eeg_imu_video,eccentricity,within,10,0,0.6993749737739563,0.5068750008940697,0.014523689600264428,0.19249997287988663,0.047619047619047616,0.49000000953674316,0.47643749713897704,0.3815963566303253,1600,1
eeg_imu_video,eccentricity,within,10,1,0.6412500143051147,0.5059062451124191,0.006983443801383061,0.13534376919269564,0.047619047619047616,0.5,0.44053125083446504,0.6864104270935059,1600,1
eeg_imu_video,eccentricity,within,10,2,0.6793749928474426,0.48565624803304674,0.011944650090425533,0.19371874481439588,0.047619047619047616,0.5,0.4661562547087669,0.3617511987686157,1600,1
eeg_imu_video,eccentricity,within,10,3,0.6037735939025879,0.4947169855237007,0.011020476411762353,0.1090566083788872,0.047619047619047616,0.5,0.45194968581199646,0.7803561687469482,1590,1
eeg_imu_video,eccentricity,within,10,4,0.5862500071525574,0.4944062516093254,0.011031690557843877,0.09184375554323199,0.047619047619047616,0.5,0.462906251847744,0.5280386805534363,1600,1
eeg_imu_video,eccentricity,loso,15,0,0.5666666626930237,0.5274999991059304,0.06713895463487218,0.03916666358709331,0.38095238095238093,0.5166666507720947,0.4808333322405815,0.2561919093132019,60,1
eeg_imu_video,eccentricity,loso,15,1,0.6666666865348816,0.49912281185388563,0.05277028962280893,0.16754387468099596,0.047619047619047616,0.4912280738353729,0.4271929860115051,0.1494118571281433,57,1
eeg_imu_video,eccentricity,loso,15,2,0.7166666388511658,0.4966666638851166,0.03822448449735114,0.21999997496604917,0.047619047619047616,0.5,0.43499999642372134,0.18790102005004883,60,1
eeg_imu_video,eccentricity,loso,15,3,0.7666666507720947,0.5125000014901161,0.051606156005718024,0.25416664928197863,0.047619047619047616,0.5333333611488342,0.46583333015441897,0.14170421659946442,60,1
eeg_imu_video,eccentricity,loso,15,4,0.6000000238418579,0.5250000014901162,0.055652692663506045,0.07500002235174175,0.14285714285714285,0.5666666626930237,0.38666666597127913,0.3258818984031677,60,1
eeg_imu_video,eccentricity,loso,15,5,0.5833333134651184,0.5158333286643029,0.05614341900653192,0.06749998480081554,0.19047619047619047,0.44999998807907104,0.4858333349227905,0.23474541306495667,60,1
eeg_imu_video,eccentricity,loso,15,6,0.75,0.5024999976158142,0.05609391933523255,0.2475000023841858,0.047619047619047616,0.5,0.424166664481163,0.1428493708372116,60,1
eeg_imu_video,eccentricity,loso,15,7,0.75,0.5283333346247673,0.06873863696347672,0.22166666537523272,0.047619047619047616,0.5166666507720947,0.49833333641290667,0.19224457442760468,60,1
eeg_imu_video,eccentricity,loso,15,8,0.5666666626930237,0.4858333349227905,0.05992472017826276,0.08083332777023317,0.19047619047619047,0.5666666626930237,0.380833338201046,0.19517572224140167,60,1
eeg_imu_video,eccentricity,loso,15,9,0.75,0.5116666659712792,0.07639444944175483,0.2383333340287208,0.047619047619047616,0.5,0.4849999949336052,0.3120118975639343,60,1
eeg_imu_video,eccentricity,loso,15,10,0.7166666388511658,0.5291666612029076,0.05624228487116725,0.1874999776482582,0.047619047619047616,0.5,0.36083333343267443,0.17895397543907166,60,1
eeg_imu_video,eccentricity,loso,15,11,0.6499999761581421,0.4983333319425583,0.05771096990716093,0.1516666442155838,0.047619047619047616,0.5,0.47666666358709336,0.1648789346218109,60,1
eeg_imu_video,eccentricity,loso,15,12,0.7666666507720947,0.4958333283662796,0.06299801509274805,0.27083332240581515,0.047619047619047616,0.5166666507720947,0.42916666269302367,0.2098597288131714,60,1
eeg_imu_video,eccentricity,loso,15,13,0.5166666507720947,0.49999999552965163,0.04830459655756605,0.016666655242443096,0.42857142857142855,0.5,0.15333333797752857,0.31684646010398865,60,1
eeg_imu_video,eccentricity,loso,15,14,0.699999988079071,0.5058333367109299,0.0606160498241368,0.19416665136814115,0.047619047619047616,0.5,0.4641666695475578,0.2452949583530426,60,1
eeg_imu_video,eccentricity,loso,15,15,0.7666666507720947,0.5091666668653488,0.043930186541763325,0.2574999839067459,0.047619047619047616,0.4833333194255829,0.5041666626930237,0.1749924123287201,60,1
eeg_imu_video,eccentricity,within,15,0,0.7260416746139526,0.5149479150772095,0.013769219298024543,0.21109375953674314,0.047619047619047616,0.44999998807907104,0.4501562461256981,0.2751510739326477,960,1
eeg_imu_video,eccentricity,within,15,1,0.7072916626930237,0.5236979126930237,0.01878144316593187,0.18359375,0.047619047619047616,0.6166666746139526,0.47796874642372134,0.12226933240890503,960,1
eeg_imu_video,eccentricity,within,15,2,0.7083333134651184,0.5195312529802323,0.011038104739940621,0.18880206048488613,0.047619047619047616,0.550000011920929,0.480156247317791,0.13610003888607025,960,1
eeg_imu_video,eccentricity,within,15,3,0.5859538912773132,0.4933438152074814,0.01002282371255634,0.09261007606983185,0.047619047619047616,0.5,0.43055555522441863,0.4357508420944214,954,1
eeg_imu_video,eccentricity,within,15,4,0.596875011920929,0.5060937508940697,0.011450167906940178,0.09078126102685924,0.047619047619047616,0.5,0.4578645840287209,0.44389647245407104,960,1
eeg_imu_video,eccentricity,loso,20,0,0.574999988079071,0.4987499967217445,0.056720260128432475,0.07624999135732652,0.14285714285714285,0.4749999940395355,0.40625,0.3628814220428467,40,1
eeg_imu_video,eccentricity,loso,20,1,0.5526315569877625,0.536842106282711,0.06932599902433857,0.015789450705051444,0.42857142857142855,0.4736842215061188,0.4552631601691246,0.1377216875553131,38,1
eeg_imu_video,eccentricity,loso,20,2,0.699999988079071,0.5124999955296516,0.08042854198031126,0.1874999925494194,0.047619047619047616,0.5,0.38749999850988387,0.3238082528114319,40,1
eeg_imu_video,eccentricity,loso,20,3,0.6499999761581421,0.5112499982118607,0.07561208860073061,0.1387499779462814,0.09523809523809523,0.5,0.4187500014901161,0.41244256496429443,40,1
eeg_imu_video,eccentricity,loso,20,4,0.550000011920929,0.47249999195337294,0.06749999948121974,0.07750001996755601,0.19047619047619047,0.5,0.39999999552965165,0.26508527994155884,40,1
eeg_imu_video,eccentricity,loso,20,5,0.550000011920929,0.4987499967217445,0.08041882612990985,0.05125001519918443,0.38095238095238093,0.5249999761581421,0.44124999940395354,0.22686490416526794,40,1
eeg_imu_video,eccentricity,loso,20,6,0.699999988079071,0.48999999314546583,0.06244997626167608,0.20999999493360522,0.047619047619047616,0.5249999761581421,0.4424999997019768,0.12924666702747345,40,1
eeg_imu_video,eccentricity,loso,20,7,0.675000011920929,0.5062499985098838,0.0828684958716741,0.16875001341104512,0.047619047619047616,0.5249999761581421,0.4687499970197678,0.1934993416070938,40,1
eeg_imu_video,eccentricity,loso,20,8,0.5,0.5187499985098839,0.05909473916203949,-0.018749998509883903,0.6666666666666666,0.5,0.3037500001490116,0.447008341550827,40,1
eeg_imu_video,eccentricity,loso,20,9,0.7749999761581421,0.4974999979138374,0.06656763716247524,0.27749997824430467,0.047619047619047616,0.5,0.5024999946355819,0.10778765380382538,40,1
eeg_imu_video,eccentricity,loso,20,10,0.550000011920929,0.4812499970197678,0.05638871460604222,0.06875001490116117,0.23809523809523808,0.5,0.5037500008940696,0.3862071931362152,40,1
eeg_imu_video,eccentricity,loso,20,11,0.5,0.49375,0.08473304289344674,0.006249999999999978,0.5238095238095238,0.5,0.44124999493360517,0.11044043302536011,40,1
eeg_imu_video,eccentricity,loso,20,12,0.675000011920929,0.5287499994039535,0.08264192358768528,0.14625001251697545,0.047619047619047616,0.5,0.4312500014901161,0.13223330676555634,40,1
eeg_imu_video,eccentricity,loso,20,13,0.550000011920929,0.501249997317791,0.05888282811738159,0.04875001460313799,0.2857142857142857,0.5,0.3387500002980232,0.18193399906158447,40,1
eeg_imu_video,eccentricity,loso,20,14,0.6000000238418579,0.49624999314546586,0.07038954012624404,0.10375003069639205,0.14285714285714285,0.44999998807907104,0.4812499970197678,0.13715879619121552,40,1
eeg_imu_video,eccentricity,loso,20,15,0.8500000238418579,0.503749993443489,0.07427777261382142,0.3462500303983689,0.047619047619047616,0.5249999761581421,0.46625000089406965,0.1263277679681778,40,1
eeg_imu_video,eccentricity,within,20,0,0.6078125238418579,0.5088281184434891,0.02095308513988137,0.09898440539836884,0.047619047619047616,0.5,0.4802343726158142,0.6661144495010376,640,1
eeg_imu_video,eccentricity,within,20,1,0.6953125,0.49929687529802325,0.01569107143582194,0.19601562470197675,0.047619047619047616,0.44999998807907104,0.4835156261920929,0.08124615997076035,640,1
eeg_imu_video,eccentricity,within,20,2,0.7250000238418579,0.5035937532782555,0.019466142667447638,0.2214062705636024,0.047619047619047616,0.44999998807907104,0.48578125089406965,0.12570932507514954,640,1
eeg_imu_video,eccentricity,within,20,3,0.5424528121948242,0.46878930777311323,0.01704561293723871,0.07366350442171099,0.047619047619047616,0.5,0.4552672952413559,0.5322160720825195,636,1
eeg_imu_video,eccentricity,within,20,4,0.5859375,0.48570312559604645,0.01707545415525922,0.10023437440395355,0.047619047619047616,0.4749999940395355,0.4438281267881393,0.3419201672077179,640,1
eeg_imu_video,eccentricity,loso,30,0,0.6499999761581421,0.5199999988079071,0.1077032952572264,0.12999997735023494,0.23809523809523808,0.44999998807907104,0.36500000208616257,0.17510218918323517,20,1
eeg_imu_video,eccentricity,loso,30,1,0.5789473652839661,0.5421052649617195,0.09999999678448741,0.03684210032224655,0.47619047619047616,0.5263158082962036,0.33157894760370255,0.16654425859451294,19,1
eeg_imu_video,eccentricity,loso,30,2,0.6000000238418579,0.4875000059604645,0.1094017863851752,0.11250001788139341,0.2857142857142857,0.5,0.4625000014901161,0.1876625418663025,20,1
eeg_imu_video,eccentricity,loso,30,3,0.6000000238418579,0.5074999988079071,0.09522998345931133,0.09250002503395083,0.3333333333333333,0.6000000238418579,0.5175000041723251,0.11684367805719376,20,1
eeg_imu_video,eccentricity,loso,30,4,0.550000011920929,0.4925000011920929,0.08407586473632338,0.05750001072883604,0.42857142857142855,0.6000000238418579,0.40250000059604646,0.19226622581481934,20,1
eeg_imu_video,eccentricity,loso,30,5,0.699999988079071,0.4975000023841858,0.07822244369344715,0.20249998569488525,0.047619047619047616,0.550000011920929,0.5224999979138374,0.1009095311164856,20,1
eeg_imu_video,eccentricity,loso,30,6,0.8500000238418579,0.46499999836087225,0.10499999817638232,0.38500002548098566,0.047619047619047616,0.6000000238418579,0.49000000208616257,0.19803836941719055,20,1
eeg_imu_video,eccentricity,loso,30,7,0.550000011920929,0.49000000208616257,0.09165151672809635,0.06000000983476639,0.42857142857142855,0.550000011920929,0.46500000134110453,0.29655513167381287,20,1
eeg_imu_video,eccentricity,loso,30,8,0.6000000238418579,0.5774999976158142,0.08437268204507552,0.022500026226043746,0.5714285714285714,0.5,0.37750000357627866,0.16916847229003906,20,1
eeg_imu_video,eccentricity,loso,30,9,0.6000000238418579,0.47250000238418577,0.10662434243338285,0.12750002145767214,0.2857142857142857,0.5,0.5025000005960465,0.26642900705337524,20,1
eeg_imu_video,eccentricity,loso,30,10,0.5,0.5200000002980232,0.06964194429588956,-0.02000000029802318,0.7142857142857143,0.5,0.3450000032782555,0.5264644622802734,20,1
eeg_imu_video,eccentricity,loso,30,11,0.550000011920929,0.5149999991059303,0.10499999587025033,0.03500001281499865,0.47619047619047616,0.44999998807907104,0.2900000035762787,0.25592124462127686,20,1
eeg_imu_video,eccentricity,loso,30,12,0.699999988079071,0.4450000002980232,0.11280513949435517,0.2549999877810478,0.047619047619047616,0.550000011920929,0.41000000536441805,0.10280828177928925,20,1
eeg_imu_video,eccentricity,loso,30,13,0.550000011920929,0.505000002682209,0.09604687086880813,0.04500000923871994,0.38095238095238093,0.4000000059604645,0.4500000014901161,0.013221600092947483,20,1
eeg_imu_video,eccentricity,loso,30,14,0.8999999761581421,0.5649999991059304,0.10618379826293349,0.33499997705221174,0.047619047619047616,0.5,0.4050000011920929,0.22055824100971222,20,1
eeg_imu_video,eccentricity,loso,30,15,0.8500000238418579,0.48250000476837157,0.09781998828096676,0.36750001907348634,0.047619047619047616,0.5,0.4975000023841858,0.12533758580684662,20,1
eeg_imu_video,eccentricity,within,30,0,0.675000011920929,0.5376562476158142,0.015482942399434048,0.13734376430511475,0.047619047619047616,0.4468750059604645,0.4367187485098839,0.16818003356456757,320,1
eeg_imu_video,eccentricity,within,30,1,0.640625,0.4943750023841858,0.024379007739014937,0.1462499976158142,0.047619047619047616,0.5,0.4190625011920929,0.1785534918308258,320,1
eeg_imu_video,eccentricity,within,30,2,0.731249988079071,0.5496875017881393,0.02231478441690278,0.18156248629093175,0.047619047619047616,0.6000000238418579,0.4515625,0.15391764044761658,320,1
eeg_imu_video,eccentricity,within,30,3,0.5723270177841187,0.49261006265878676,0.0208420808273302,0.07971695512533189,0.047619047619047616,0.49685534834861755,0.4746855393052101,0.35385212302207947,318,1
eeg_imu_video,eccentricity,within,30,4,0.6156250238418579,0.5142187595367431,0.020763623633793023,0.10140626430511479,0.047619047619047616,0.550000011920929,0.4795312464237213,0.14974476397037506,320,1
eeg_imu_video,hemisphere,loso,5,0,0.5045454502105713,0.5056818202137947,0.0325206589344124,-0.0011363700032234192,0.6190476190476191,0.5,0.46977272629737854,0.487202525138855,220,1
eeg_imu_video,hemisphere,loso,5,1,0.7416267991065979,0.49449760764837264,0.029036199809943482,0.24712919145822526,0.047619047619047616,0.5215311050415039,0.4882775112986565,0.5257843732833862,209,1
eeg_imu_video,hemisphere,loso,5,2,0.6772727370262146,0.5029545426368713,0.03963351815292387,0.17431819438934326,0.047619047619047616,0.5,0.4906818211078644,0.4300664961338043,220,1
eeg_imu_video,hemisphere,loso,5,3,0.7818182110786438,0.4868181824684143,0.030825423494849652,0.2950000286102295,0.047619047619047616,0.5,0.47636363506317136,0.543139636516571,220,1
eeg_imu_video,hemisphere,loso,5,4,0.5863636136054993,0.49227272868156435,0.023447675661884153,0.09409088492393491,0.047619047619047616,0.5,0.447272726893425,0.8940446376800537,220,1
eeg_imu_video,hemisphere,loso,5,5,0.7727272510528564,0.5088636413216591,0.03199545142986564,0.2638636097311974,0.047619047619047616,0.5045454502105713,0.46250000298023225,0.7155266404151917,220,1
eeg_imu_video,hemisphere,loso,5,6,0.6772727370262146,0.49954545497894287,0.03283756732963331,0.17772728204727173,0.047619047619047616,0.5181818008422852,0.44318181872367857,0.4807392656803131,220,1
eeg_imu_video,hemisphere,loso,5,7,0.668181836605072,0.5024999991059304,0.030133141781188817,0.16568183749914167,0.047619047619047616,0.5,0.4893181785941124,0.556506872177124,220,1
eeg_imu_video,hemisphere,loso,5,8,0.5227272510528564,0.4868181824684143,0.03658738212183879,0.03590906858444215,0.19047619047619047,0.5,0.4690909072756767,0.5840727090835571,220,1
eeg_imu_video,hemisphere,loso,5,9,0.7227272987365723,0.4963636338710785,0.023905808406544937,0.22636366486549375,0.047619047619047616,0.5,0.4549999997019768,0.8546857237815857,220,1
eeg_imu_video,hemisphere,loso,5,10,0.5181818008422852,0.5056818127632141,0.02459905867793674,0.012499988079071045,0.42857142857142855,0.4909090995788574,0.27340908721089363,0.653010904788971,220,1
eeg_imu_video,hemisphere,loso,5,11,0.5681818127632141,0.4661363631486893,0.03084468516538891,0.10204544961452483,0.047619047619047616,0.41818180680274963,0.4084090873599052,0.7930747270584106,220,1
eeg_imu_video,hemisphere,loso,5,12,0.7454545497894287,0.49249999672174455,0.016152356935056685,0.25295455306768416,0.047619047619047616,0.5,0.46340909153223037,0.49170413613319397,220,1
eeg_imu_video,hemisphere,loso,5,13,0.5409091114997864,0.49727272391319277,0.02265442373547681,0.043636387586593606,0.09523809523809523,0.5,0.3900000020861626,0.6486225128173828,220,1
eeg_imu_video,hemisphere,loso,5,14,0.8500000238418579,0.4970454558730125,0.03387126246964259,0.3529545679688454,0.047619047619047616,0.5136363506317139,0.48295454531908033,0.6387360692024231,220,1
eeg_imu_video,hemisphere,loso,5,15,0.6227272748947144,0.5084090873599052,0.023674574477414296,0.11431818753480916,0.047619047619047616,0.5,0.5029545441269875,0.5547401309013367,220,1
eeg_imu_video,hemisphere,within,5,0,0.6642045378684998,0.49769887179136274,0.00730942758307846,0.16650566607713702,0.047619047619047616,0.5400568246841431,0.4488068163394928,0.6302016973495483,3520,1
eeg_imu_video,hemisphere,within,5,1,0.6889204382896423,0.5270880669355392,0.010215938948272385,0.1618323713541031,0.047619047619047616,0.5213068127632141,0.4584517076611519,0.5663574934005737,3520,1
eeg_imu_video,hemisphere,within,5,2,0.6673295497894287,0.5150426179170609,0.007786621683791159,0.15228693187236786,0.047619047619047616,0.5315340757369995,0.4318323865532875,0.6819612383842468,3520,1
eeg_imu_video,hemisphere,within,5,3,0.6120640635490417,0.4890365913510323,0.008067259060260306,0.12302747219800947,0.047619047619047616,0.5111492276191711,0.46305031329393387,0.6743748784065247,3498,1
eeg_imu_video,hemisphere,within,5,4,0.640625,0.5094744339585304,0.005987698319437359,0.13115056604146957,0.047619047619047616,0.5,0.46217329502105714,0.7562469244003296,3520,1
eeg_imu_video,hemisphere,loso,10,0,0.5400000214576721,0.49699999690055846,0.03675595041356519,0.04300002455711366,0.19047619047619047,0.47999998927116394,0.403999999165535,0.6599245071411133,100,1
eeg_imu_video,hemisphere,loso,10,1,0.7052631378173828,0.47263157963752744,0.05859859491242115,0.23263155817985537,0.047619047619047616,0.42105263471603394,0.47368421256542204,0.4354838728904724,95,1
eeg_imu_video,hemisphere,loso,10,2,0.7200000286102295,0.49299999326467514,0.05099999656280097,0.22700003534555435,0.047619047619047616,0.5,0.46999999731779096,0.21574534475803375,100,1
eeg_imu_video,hemisphere,loso,10,3,0.8700000047683716,0.5109999924898148,0.06007495264376311,0.3590000122785568,0.047619047619047616,0.5,0.4749999985098839,0.34394797682762146,100,1
eeg_imu_video,hemisphere,loso,10,4,0.6100000143051147,0.5015000015497207,0.03525265616190007,0.108500012755394,0.047619047619047616,0.5,0.48849999755620954,0.46092942357063293,100,1
eeg_imu_video,hemisphere,loso,10,5,0.7400000095367432,0.4824999958276749,0.05778191573511146,0.2575000137090683,0.047619047619047616,0.46000000834465027,0.523499995470047,0.42660707235336304,100,1
eeg_imu_video,hemisphere,loso,10,6,0.75,0.5064999997615814,0.050027492806237875,0.24350000023841856,0.047619047619047616,0.5099999904632568,0.4514999955892563,0.31492727994918823,100,1
eeg_imu_video,hemisphere,loso,10,7,0.6200000047683716,0.4749999985098839,0.051039197344962706,0.1450000062584877,0.047619047619047616,0.5,0.46199999898672106,0.3728916049003601,100,1
eeg_imu_video,hemisphere,loso,10,8,0.6000000238418579,0.5159999951720238,0.054625999450271,0.08400002866983414,0.047619047619047616,0.5,0.4459999933838844,0.33420461416244507,100,1
eeg_imu_video,hemisphere,loso,10,9,0.7900000214576721,0.46849999874830245,0.04922143442069328,0.32150002270936967,0.047619047619047616,0.5,0.4964999943971634,0.3469983637332916,100,1
eeg_imu_video,hemisphere,loso,10,10,0.6000000238418579,0.5209999948740005,0.04887739980518455,0.0790000289678574,0.09523809523809523,0.49000000953674316,0.40899999886751176,0.24280786514282227,100,1
eeg_imu_video,hemisphere,loso,10,11,0.7099999785423279,0.4905000001192093,0.05248571035305357,0.21949997842311858,0.047619047619047616,0.49000000953674316,0.494499996304512,0.29035669565200806,100,1
eeg_imu_video,hemisphere,loso,10,12,0.6299999952316284,0.4969999998807907,0.040385641756467215,0.13299999535083773,0.047619047619047616,0.46000000834465027,0.47399999797344206,0.34012994170188904,100,1
eeg_imu_video,hemisphere,loso,10,13,0.4699999988079071,0.48799999952316286,0.05732364469640599,-0.01800000071525576,0.5714285714285714,0.4699999988079071,0.4759999975562096,0.38833245635032654,100,1
eeg_imu_video,hemisphere,loso,10,14,0.8500000238418579,0.4855000004172325,0.05295988695099152,0.3645000234246254,0.047619047619047616,0.47999998927116394,0.5184999987483024,0.2568645775318146,100,1
eeg_imu_video,hemisphere,loso,10,15,0.6299999952316284,0.49300000071525574,0.05348831539366211,0.13699999451637268,0.047619047619047616,0.4399999976158142,0.46699999570846557,0.4872136414051056,100,1
eeg_imu_video,hemisphere,within,10,0,0.6712499856948853,0.5007812529802322,0.012242459247614402,0.17046873271465302,0.047619047619047616,0.5006250143051147,0.4616562470793724,0.5601388216018677,1600,1
eeg_imu_video,hemisphere,within,10,1,0.6825000047683716,0.5303125023841858,0.011441939309302929,0.15218750238418577,0.047619047619047616,0.5199999809265137,0.4223749995231628,0.7092000842094421,1600,1
eeg_imu_video,hemisphere,within,10,2,0.6331250071525574,0.5028437465429306,0.013136118382288519,0.13028126060962675,0.047619047619047616,0.4806250035762787,0.43584375232458117,0.26632624864578247,1600,1
eeg_imu_video,hemisphere,within,10,3,0.5867924690246582,0.4904716983437538,0.011396101824159342,0.09632077068090439,0.047619047619047616,0.4867924451828003,0.4787106946110725,0.4615783989429474,1590,1
eeg_imu_video,hemisphere,within,10,4,0.6549999713897705,0.4981250002980232,0.011991204591171896,0.1568749710917473,0.047619047619047616,0.49000000953674316,0.45193750113248826,0.3972242772579193,1600,1
eeg_imu_video,hemisphere,loso,15,0,0.5166666507720947,0.47666666060686114,0.04841946214051305,0.03999999016523359,0.2857142857142857,0.5,0.481666661798954,0.18569009006023407,60,1
eeg_imu_video,hemisphere,loso,15,1,0.7017543911933899,0.5315789550542831,0.05821284295662809,0.1701754361391068,0.047619047619047616,0.4736842215061188,0.44035088270902634,0.17457479238510132,57,1
eeg_imu_video,hemisphere,loso,15,2,0.6666666865348816,0.49416666477918625,0.07402608024176556,0.17250002175569534,0.047619047619047616,0.5166666507720947,0.4925000011920929,0.1868288516998291,60,1
eeg_imu_video,hemisphere,loso,15,3,0.9166666865348816,0.5174999967217445,0.06800225106894085,0.3991666898131371,0.047619047619047616,0.5,0.4875000029802322,0.17841531336307526,60,1
eeg_imu_video,hemisphere,loso,15,4,0.6833333373069763,0.5116666615009308,0.060804787915763846,0.17166667580604555,0.047619047619047616,0.5,0.4883333370089531,0.3413744270801544,60,1
eeg_imu_video,hemisphere,loso,15,5,0.75,0.5441666692495346,0.06308614421242595,0.2058333307504654,0.047619047619047616,0.4833333194255829,0.4474999949336052,0.21391698718070984,60,1
eeg_imu_video,hemisphere,loso,15,6,0.7333333492279053,0.550833335518837,0.07966509748678352,0.18250001370906832,0.047619047619047616,0.5,0.4708333283662796,0.3301253914833069,60,1
eeg_imu_video,hemisphere,loso,15,7,0.6166666746139526,0.5283333316445351,0.055552781550043645,0.08833334296941753,0.09523809523809523,0.5,0.40333333536982535,0.20816294848918915,60,1
eeg_imu_video,hemisphere,loso,15,8,0.5,0.5116666734218598,0.07033650116242378,-0.011666673421859786,0.5714285714285714,0.5,0.47500000298023226,0.4744211435317993,60,1
eeg_imu_video,hemisphere,loso,15,9,0.8166666626930237,0.5433333322405816,0.07118052001942082,0.2733333304524421,0.047619047619047616,0.5833333134651184,0.45833333134651183,0.32520782947540283,60,1
eeg_imu_video,hemisphere,loso,15,10,0.699999988079071,0.5041666612029075,0.045909026951204246,0.1958333268761635,0.047619047619047616,0.5166666507720947,0.4541666656732559,0.12516441941261292,60,1
eeg_imu_video,hemisphere,loso,15,11,0.6666666865348816,0.49999999850988386,0.059860949737965206,0.16666668802499773,0.047619047619047616,0.5,0.4683333322405815,0.2978422939777374,60,1
eeg_imu_video,hemisphere,loso,15,12,0.75,0.509166668355465,0.05639026033773417,0.24083333164453502,0.047619047619047616,0.4833333194255829,0.4758333280682564,0.135651096701622,60,1
eeg_imu_video,hemisphere,loso,15,13,0.5166666507720947,0.5050000056624413,0.06370505772224895,0.011666645109653428,0.5714285714285714,0.5,0.42999999821186063,0.29250746965408325,60,1
eeg_imu_video,hemisphere,loso,15,14,0.7666666507720947,0.5049999952316284,0.05030462946517187,0.2616666555404663,0.047619047619047616,0.5,0.4716666668653488,0.1541559398174286,60,1
eeg_imu_video,hemisphere,loso,15,15,0.7166666388511658,0.5583333358168602,0.04099457835566802,0.1583333030343056,0.047619047619047616,0.4333333373069763,0.4349999979138374,0.14754647016525269,60,1
eeg_imu_video,hemisphere,within,15,0,0.715624988079071,0.5150520816445351,0.018837973976703892,0.20057290643453596,0.047619047619047616,0.46875,0.4773437544703484,0.14070484042167664,960,1
eeg_imu_video,hemisphere,within,15,1,0.7177083492279053,0.5233333349227905,0.017852967801937982,0.19437501430511472,0.047619047619047616,0.565625011920929,0.46364583969116213,0.21082358062267303,960,1
eeg_imu_video,hemisphere,within,15,2,0.7052083611488342,0.5212500020861626,0.014042810603654851,0.18395835906267166,0.047619047619047616,0.5,0.477291664481163,0.1743832677602768,960,1
eeg_imu_video,hemisphere,within,15,3,0.5911949872970581,0.5320754736661911,0.013252393487947505,0.05911951363086698,0.047619047619047616,0.49685534834861755,0.46928720772266386,0.44923505187034607,954,1
eeg_imu_video,hemisphere,within,15,4,0.5927083492279053,0.48359375149011613,0.01524493902852797,0.10911459773778914,0.047619047619047616,0.4177083373069763,0.44744791388511657,0.5726305246353149,960,1
eeg_imu_video,hemisphere,loso,20,0,0.5,0.48999999314546583,0.0888819367797402,0.010000006854534171,0.5714285714285714,0.5,0.48749999701976776,0.19057753682136536,40,1
eeg_imu_video,hemisphere,loso,20,1,0.7105262875556946,0.4723684214055538,0.09171911391074898,0.23815786615014078,0.047619047619047616,0.5263158082962036,0.372368423640728,0.37976351380348206,38,1
eeg_imu_video,hemisphere,loso,20,2,0.6499999761581421,0.508749994635582,0.07300470970136763,0.14124998152256008,0.09523809523809523,0.625,0.43124999701976774,0.1910194605588913,40,1
eeg_imu_video,hemisphere,loso,20,3,0.800000011920929,0.5149999991059303,0.0830662413020764,0.28500001281499865,0.047619047619047616,0.5,0.4499999940395355,0.22286197543144226,40,1
eeg_imu_video,hemisphere,loso,20,4,0.6499999761581421,0.5162499994039536,0.07916556972551089,0.13374997675418854,0.09523809523809523,0.5,0.4837500020861626,0.3137504458427429,40,1
eeg_imu_video,hemisphere,loso,20,5,0.7250000238418579,0.508749994635582,0.06580035723863721,0.2162500292062759,0.047619047619047616,0.550000011920929,0.43374999761581423,0.2570507526397705,40,1
eeg_imu_video,hemisphere,loso,20,6,0.699999988079071,0.5212499976158143,0.061884472439810545,0.1787499904632568,0.047619047619047616,0.4749999940395355,0.4287499964237213,0.10718795657157898,40,1
eeg_imu_video,hemisphere,loso,20,7,0.7250000238418579,0.5449999943375587,0.06736096894412116,0.18000002950429916,0.047619047619047616,0.42500001192092896,0.47000000178813933,0.09247003495693207,40,1
eeg_imu_video,hemisphere,loso,20,8,0.550000011920929,0.4999999970197678,0.05419870489753408,0.05000001490116118,0.3333333333333333,0.5,0.21500000059604646,0.4213469624519348,40,1
eeg_imu_video,hemisphere,loso,20,9,0.699999988079071,0.5487499982118607,0.06822527425282275,0.1512499898672104,0.047619047619047616,0.574999988079071,0.43624999970197675,0.3492232859134674,40,1
eeg_imu_video,hemisphere,loso,20,10,0.5249999761581421,0.46124999672174455,0.05888282818064678,0.06374997943639754,0.23809523809523808,0.550000011920929,0.4137499988079071,0.37158986926078796,40,1
eeg_imu_video,hemisphere,loso,20,11,0.5,0.5262499958276748,0.08532108427009152,-0.026249995827674844,0.6666666666666666,0.5,0.4737499952316284,0.20918317139148712,40,1
eeg_imu_video,hemisphere,loso,20,12,0.875,0.51875,0.08361930233814166,0.35624999999999996,0.047619047619047616,0.550000011920929,0.4787499964237213,0.09554341435432434,40,1
eeg_imu_video,hemisphere,loso,20,13,0.5,0.4887499988079071,0.06493987858631957,0.011250001192092907,0.6190476190476191,0.5,0.5162500008940697,0.28456586599349976,40,1
eeg_imu_video,hemisphere,loso,20,14,0.7250000238418579,0.5375000014901161,0.0731009594716217,0.1875000223517418,0.09523809523809523,0.625,0.45999999940395353,0.36447659134864807,40,1
eeg_imu_video,hemisphere,loso,20,15,0.7250000238418579,0.5049999982118607,0.07008923088536805,0.2200000256299972,0.047619047619047616,0.5249999761581421,0.4625000014901161,0.10712563991546631,40,1
eeg_imu_video,hemisphere,within,20,0,0.703125,0.4961718752980232,0.017197973892312174,0.2069531247019768,0.047619047619047616,0.526562511920929,0.4625781252980232,0.1871146559715271,640,1
eeg_imu_video,hemisphere,within,20,1,0.6812499761581421,0.5525781244039536,0.012045192322848055,0.1286718517541885,0.047619047619047616,0.543749988079071,0.3914843752980232,0.3291704058647156,640,1
eeg_imu_video,hemisphere,within,20,2,0.7015625238418579,0.507343752682209,0.017911597979584328,0.19421877115964892,0.047619047619047616,0.5249999761581421,0.47296874821186063,0.08550374209880829,640,1
eeg_imu_video,hemisphere,within,20,3,0.6871069073677063,0.5225628897547722,0.022036570709391756,0.16454401761293413,0.047619047619047616,0.599056601524353,0.47838050723075864,0.17181459069252014,636,1
eeg_imu_video,hemisphere,within,20,4,0.668749988079071,0.5376562535762787,0.01813375894426734,0.13109373450279238,0.047619047619047616,0.5234375,0.4514062449336052,0.22687891125679016,640,1
eeg_imu_video,hemisphere,loso,30,0,0.3499999940395355,0.457499998062849,0.1143186313673952,-0.1075000040233135,0.9047619047619048,0.44999998807907104,0.4025000035762787,0.13601510226726532,20,1
eeg_imu_video,hemisphere,loso,30,1,0.5789473652839661,0.4921052634716034,0.10821518045334982,0.08684210181236268,0.38095238095238093,0.42105263471603394,0.4552631601691246,0.01607305370271206,19,1
eeg_imu_video,hemisphere,loso,30,2,0.75,0.47249999791383746,0.09417403865947153,0.27750000208616254,0.047619047619047616,0.6000000238418579,0.4675000011920929,0.18882350623607635,20,1
eeg_imu_video,hemisphere,loso,30,3,0.8999999761581421,0.5275000005960464,0.10779030594921148,0.3724999755620957,0.047619047619047616,0.44999998807907104,0.48250000178813934,0.10118694603443146,20,1
eeg_imu_video,hemisphere,loso,30,4,0.4000000059604645,0.49999999850988386,0.10124228350940057,-0.09999999254941938,0.8571428571428571,0.5,0.43499999940395356,0.43771126866340637,20,1
eeg_imu_video,hemisphere,loso,30,5,0.8500000238418579,0.5224999979138374,0.08437268076464381,0.3275000259280205,0.047619047619047616,0.44999998807907104,0.44250000417232516,0.18449361622333527,20,1
eeg_imu_video,hemisphere,loso,30,6,0.75,0.5400000013411045,0.13564660036556409,0.20999999865889551,0.14285714285714285,0.550000011920929,0.44499999806284907,0.1464107781648636,20,1
eeg_imu_video,hemisphere,loso,30,7,0.550000011920929,0.4825000002980232,0.06378676120089953,0.06750001162290575,0.2857142857142857,0.5,0.4625000014901161,0.012376152910292149,20,1
eeg_imu_video,hemisphere,loso,30,8,0.550000011920929,0.46000000089406967,0.09565563614955884,0.09000001102685928,0.2857142857142857,0.5,0.4549999997019768,0.19446177780628204,20,1
eeg_imu_video,hemisphere,loso,30,9,0.800000011920929,0.5275000020861625,0.08728545810479245,0.2725000098347664,0.047619047619047616,0.44999998807907104,0.42750000208616257,0.26947516202926636,20,1
eeg_imu_video,hemisphere,loso,30,10,0.550000011920929,0.4574999988079071,0.06571720158471143,0.09250001311302186,0.23809523809523808,0.5,0.34250000342726705,0.2852858006954193,20,1
eeg_imu_video,hemisphere,loso,30,11,0.5,0.48000000417232513,0.10295631032541551,0.019999995827674866,0.5238095238095238,0.3499999940395355,0.4149999976158142,0.3054198920726776,20,1
eeg_imu_video,hemisphere,loso,30,12,0.75,0.5325000002980232,0.08407586026114688,0.21749999970197675,0.047619047619047616,0.3499999940395355,0.522500003874302,0.08273687958717346,20,1
eeg_imu_video,hemisphere,loso,30,13,0.5,0.5375000014901161,0.10353139552058165,-0.03750000149011612,0.8095238095238095,0.44999998807907104,0.39750000089406967,0.19831843674182892,20,1
eeg_imu_video,hemisphere,loso,30,14,0.75,0.4825000062584877,0.10034316689700018,0.2674999937415123,0.047619047619047616,0.44999998807907104,0.5075000032782555,0.15315577387809753,20,1
eeg_imu_video,hemisphere,loso,30,15,0.6000000238418579,0.4850000008940697,0.10500000012772479,0.11500002294778822,0.23809523809523808,0.44999998807907104,0.48000000417232513,0.184829980134964,20,1
eeg_imu_video,hemisphere,within,30,0,0.7093750238418579,0.4949999928474426,0.02818396109396681,0.2143750309944153,0.047619047619047616,0.5,0.47249999940395354,0.25219833850860596,320,1
eeg_imu_video,hemisphere,within,30,1,0.703125,0.5798437535762787,0.02066933637610576,0.12328124642372129,0.047619047619047616,0.699999988079071,0.3560937523841858,0.38708001375198364,320,1
eeg_imu_video,hemisphere,within,30,2,0.7250000238418579,0.5284374982118607,0.022919270222152233,0.1965625256299972,0.047619047619047616,0.5,0.4671874940395355,0.2410736382007599,320,1
eeg_imu_video,hemisphere,within,30,3,0.6226415038108826,0.5138364776968956,0.020749943903324256,0.10880502611398701,0.047619047619047616,0.597484290599823,0.44968553334474565,0.10206404328346252,318,1
eeg_imu_video,hemisphere,within,30,4,0.59375,0.5062499985098838,0.02160548109931601,0.08750000149011616,0.047619047619047616,0.5,0.4643749982118607,0.4344404339790344,320,1
eeg_video,eccentricity,loso,5,0,0.5454545617103577,0.5275000020861625,0.02090292173193787,0.01795455962419512,0.3333333333333333,0.5,0.4106818214058876,0.9099640846252441,220,1
eeg_video,eccentricity,loso,5,1,0.75,0.5031818181276322,0.02563652932997993,0.24681818187236781,0.047619047619047616,0.5,0.47045454382896423,0.8556287884712219,220,1
eeg_video,eccentricity,loso,5,2,0.6545454263687134,0.4954545423388481,0.02295341583450548,0.15909088402986526,0.047619047619047616,0.5727272629737854,0.3159090891480446,0.8876903057098389,220,1
eeg_video,eccentricity,loso,5,3,0.6772727370262146,0.49727272391319277,0.01848608944861696,0.18000001311302183,0.047619047619047616,0.4954545497894287,0.4354545444250107,0.5774337649345398,220,1
eeg_video,eccentricity,loso,5,4,0.5909090638160706,0.5090909078717232,0.032683054371556386,0.08181815594434738,0.047619047619047616,0.5,0.3918181836605072,0.9345439076423645,220,1
eeg_video,eccentricity,loso,5,5,0.5590909123420715,0.49818181395530703,0.026791203773302394,0.060909098386764504,0.047619047619047616,0.5,0.4995454579591751,0.8839923739433289,220,1
eeg_video,eccentricity,loso,5,6,0.8227272629737854,0.5045454517006874,0.02853155170925321,0.31818181127309797,0.047619047619047616,0.4727272689342499,0.47000000178813933,0.37266573309898376,220,1
eeg_video,eccentricity,loso,5,7,0.6499999761581421,0.5213636338710785,0.02776450654376486,0.12863634228706355,0.047619047619047616,0.5,0.4381818205118179,0.3522983193397522,220,1
eeg_video,eccentricity,loso,5,8,0.5363636612892151,0.5118181839585304,0.028328067137706987,0.024545477330684684,0.2857142857142857,0.5,0.2422727257013321,0.6532442569732666,220,1
eeg_video,eccentricity,loso,5,9,0.7727272510528564,0.4918181896209717,0.026527703657075775,0.28090906143188477,0.047619047619047616,0.5,0.43045454621315005,0.9184563159942627,220,1
eeg_video,eccentricity,loso,5,10,0.6181818246841431,0.5122727245092392,0.027465230840857936,0.10590910017490385,0.047619047619047616,0.5,0.4881818160414696,0.5747068524360657,220,1
eeg_video,eccentricity,loso,5,11,0.5272727012634277,0.5186363637447358,0.028382721322662986,0.008636337518691972,0.47619047619047616,0.5045454502105713,0.44409091025590897,0.43692508339881897,220,1
eeg_video,eccentricity,loso,5,12,0.7590909004211426,0.5018181845545768,0.029225541789360394,0.25727271586656575,0.047619047619047616,0.5,0.4309090957045555,0.5509626269340515,220,1
eeg_video,eccentricity,loso,5,13,0.4909090995788574,0.49909090250730515,0.02601652073264558,-0.008181802928447723,0.7619047619047619,0.5,0.23272727206349372,0.9093909859657288,220,1
eeg_video,eccentricity,loso,5,14,0.7863636612892151,0.5025000020861625,0.03009884188879927,0.28386365920305257,0.047619047619047616,0.5,0.4834090888500214,0.7411362528800964,220,1
eeg_video,eccentricity,loso,5,15,0.7136363387107849,0.4977272689342499,0.035194261943408134,0.215909069776535,0.047619047619047616,0.5,0.4700000032782555,0.5026306509971619,220,1
eeg_video,eccentricity,within,5,0,0.652556836605072,0.5037357941269874,0.008135756561404464,0.1488210424780846,0.047619047619047616,0.5045454502105713,0.442144887149334,0.4626757502555847,3520,1
eeg_video,eccentricity,within,5,1,0.6596590876579285,0.5049147754907608,0.0064195194557674015,0.15474431216716766,0.047619047619047616,0.5,0.46758522987365725,0.6492775678634644,3520,1
eeg_video,eccentricity,within,5,2,0.6943181753158569,0.5140056818723678,0.006475840753973824,0.1803124934434891,0.047619047619047616,0.5227272510528564,0.4581249997019768,0.6075254678726196,3520,1
eeg_video,eccentricity,within,5,3,0.6207386255264282,0.5005397811532021,0.007212167378429732,0.12019884437322614,0.047619047619047616,0.4954545497894287,0.4763352289795876,0.9409266710281372,3520,1
eeg_video,eccentricity,within,5,4,0.6255682110786438,0.5005255624651909,0.007624158466989189,0.12504264861345293,0.047619047619047616,0.5,0.42700284272432326,0.6990166902542114,3520,1
eeg_video,eccentricity,loso,10,0,0.5099999904632568,0.5189999997615814,0.05117616533304839,-0.009000009298324563,0.6666666666666666,0.5,0.3969999998807907,0.625967264175415,100,1
eeg_video,eccentricity,loso,10,1,0.7699999809265137,0.5259999945759773,0.060695964217079436,0.24399998635053632,0.047619047619047616,0.5,0.43400000035762787,0.4727584421634674,100,1
eeg_video,eccentricity,loso,10,2,0.6800000071525574,0.5149999976158142,0.0324807637580358,0.1650000095367432,0.047619047619047616,0.5799999833106995,0.4379999950528145,0.3415692448616028,100,1
eeg_video,eccentricity,loso,10,3,0.6299999952316284,0.4980000019073486,0.05895761303838055,0.1319999933242798,0.047619047619047616,0.5,0.44699999541044233,0.27302128076553345,100,1
eeg_video,eccentricity,loso,10,4,0.7699999809265137,0.4959999993443489,0.039799501761477556,0.27399998158216476,0.047619047619047616,0.49000000953674316,0.45599999874830244,0.2788061499595642,100,1
eeg_video,eccentricity,loso,10,5,0.6000000238418579,0.5039999976754188,0.06256196811232846,0.0960000261664391,0.14285714285714285,0.5,0.46500000059604646,0.7812527418136597,100,1
eeg_video,eccentricity,loso,10,6,0.8199999928474426,0.5344999924302101,0.037479991262954794,0.28550000041723256,0.047619047619047616,0.5299999713897705,0.41549999713897706,0.22002071142196655,100,1
eeg_video,eccentricity,loso,10,7,0.7799999713897705,0.5104999989271164,0.04140953526977403,0.2694999724626541,0.047619047619047616,0.5,0.4444999948143959,0.2095319628715515,100,1
eeg_video,eccentricity,loso,10,8,0.5099999904632568,0.4924999997019768,0.04311322624049076,0.01749999076128006,0.38095238095238093,0.5,0.3234999991953373,0.4078558087348938,100,1
eeg_video,eccentricity,loso,10,9,0.7699999809265137,0.5124999910593033,0.036588929014318934,0.25749998986721034,0.047619047619047616,0.5199999809265137,0.4394999995827675,0.5691381692886353,100,1
eeg_video,eccentricity,loso,10,10,0.7599999904632568,0.4889999970793724,0.041218926738104775,0.2709999933838844,0.047619047619047616,0.5,0.4849999979138374,0.3308034837245941,100,1
eeg_video,eccentricity,loso,10,11,0.6000000238418579,0.5174999922513962,0.053747092007552295,0.08250003159046171,0.09523809523809523,0.5099999904632568,0.4484999969601631,0.2961428165435791,100,1
eeg_video,eccentricity,loso,10,12,0.7599999904632568,0.5064999982714653,0.05694514891995788,0.25349999219179153,0.047619047619047616,0.5099999904632568,0.4385000005364418,0.32860562205314636,100,1
eeg_video,eccentricity,loso,10,13,0.6499999761581421,0.5204999938607215,0.048833899389399464,0.12949998229742055,0.047619047619047616,0.5099999904632568,0.4434999987483025,0.3929102122783661,100,1
eeg_video,eccentricity,loso,10,14,0.6399999856948853,0.5334999963641167,0.03623189175508026,0.10649998933076854,0.047619047619047616,0.47999998927116394,0.42349999994039533,0.3429256081581116,100,1
eeg_video,eccentricity,loso,10,15,0.7200000286102295,0.5049999907612801,0.054451814310071844,0.2150000378489494,0.047619047619047616,0.49000000953674316,0.4839999958872795,0.2765708267688751,100,1
eeg_video,eccentricity,within,10,0,0.6256250143051147,0.48612499982118607,0.007415146720286343,0.13950001448392868,0.047619047619047616,0.5,0.42918749898672104,0.7741814255714417,1600,1
eeg_video,eccentricity,within,10,1,0.6474999785423279,0.48428125083446505,0.00979730560833768,0.16321872770786283,0.047619047619047616,0.4975000023841858,0.45759374648332596,0.2531966269016266,1600,1
eeg_video,eccentricity,within,10,2,0.6887500286102295,0.49221875220537187,0.012252992850879402,0.19653127640485762,0.047619047619047616,0.5,0.4874062478542328,0.40547898411750793,1600,1
eeg_video,eccentricity,within,10,3,0.6650000214576721,0.5159374982118606,0.014193827656413064,0.14906252324581148,0.047619047619047616,0.5199999809265137,0.4413750022649765,0.33287832140922546,1600,1
eeg_video,eccentricity,within,10,4,0.65625,0.4953750014305115,0.011592695253780835,0.1608749985694885,0.047619047619047616,0.5206249952316284,0.47412499934434893,0.38428032398223877,1600,1
eeg_video,eccentricity,loso,15,0,0.5666666626930237,0.49916666448116304,0.05013177149924173,0.06749999821186065,0.19047619047619047,0.550000011920929,0.4341666638851166,0.1615903228521347,60,1
eeg_video,eccentricity,loso,15,1,0.6666666865348816,0.5341666683554649,0.038179043721240764,0.1325000181794167,0.047619047619047616,0.5166666507720947,0.4408333316445351,0.24941152334213257,60,1
eeg_video,eccentricity,loso,15,2,0.800000011920929,0.5308333352208138,0.05381940560510548,0.2691666767001152,0.047619047619047616,0.5,0.46916666626930237,0.17925015091896057,60,1
eeg_video,eccentricity,loso,15,3,0.6333333253860474,0.4900000050663948,0.05201496099041582,0.14333332031965257,0.047619047619047616,0.5166666507720947,0.48833333402872087,0.1554282307624817,60,1
eeg_video,eccentricity,loso,15,4,0.7333333492279053,0.500833337008953,0.05663602799947688,0.23250001221895222,0.047619047619047616,0.5166666507720947,0.4925000011920929,0.1705920547246933,60,1
eeg_video,eccentricity,loso,15,5,0.6499999761581421,0.47833333164453506,0.0483333337409757,0.17166664451360703,0.047619047619047616,0.5166666507720947,0.49500000178813935,0.14087121188640594,60,1
eeg_video,eccentricity,loso,15,6,0.800000011920929,0.5216666668653488,0.0776566540259635,0.27833334505558016,0.047619047619047616,0.6499999761581421,0.4499999940395355,0.119683176279068,60,1
eeg_video,eccentricity,loso,15,7,0.800000011920929,0.5308333307504653,0.06651545381054928,0.2691666811704636,0.047619047619047616,0.46666666865348816,0.47750000059604647,0.1165456622838974,60,1
eeg_video,eccentricity,loso,15,8,0.6666666865348816,0.474166664481163,0.05784918499523874,0.19250002205371858,0.047619047619047616,0.550000011920929,0.38416666686534884,0.09712269902229309,60,1
eeg_video,eccentricity,loso,15,9,0.7166666388511658,0.49666666239500046,0.08038103450720645,0.2199999764561653,0.047619047619047616,0.5,0.4966666653752327,0.29298242926597595,60,1
eeg_video,eccentricity,loso,15,10,0.7666666507720947,0.5125000014901161,0.04912427782778459,0.25416664928197863,0.047619047619047616,0.5833333134651184,0.41416666507720945,0.17533433437347412,60,1
eeg_video,eccentricity,loso,15,11,0.5833333134651184,0.529166667163372,0.06643187945203417,0.05416664630174639,0.23809523809523808,0.550000011920929,0.42583332806825636,0.24195748567581177,60,1
eeg_video,eccentricity,loso,15,12,0.7166666388511658,0.49000000208616257,0.06177917762371809,0.2266666367650032,0.047619047619047616,0.5,0.486666664481163,0.2618747055530548,60,1
eeg_video,eccentricity,loso,15,13,0.6833333373069763,0.49333333522081374,0.07386173279031608,0.19000000208616258,0.047619047619047616,0.5333333611488342,0.4699999958276749,0.15023641288280487,60,1
eeg_video,eccentricity,loso,15,14,0.8333333134651184,0.5591666609048843,0.06508007340493295,0.2741666525602341,0.047619047619047616,0.5,0.4408333286643028,0.5111963152885437,60,1
eeg_video,eccentricity,loso,15,15,0.7333333492279053,0.5016666665673256,0.047110980965800055,0.23166668266057966,0.047619047619047616,0.44999998807907104,0.5116666704416275,0.15466174483299255,60,1
eeg_video,eccentricity,within,15,0,0.6968749761581421,0.5028645813465118,0.018856399475935173,0.1940103948116303,0.047619047619047616,0.5354166626930237,0.4776562437415123,0.12396595627069473,960,1
eeg_video,eccentricity,within,15,1,0.6885416507720947,0.5207291632890702,0.018496263968285048,0.16781248748302457,0.047619047619047616,0.5635416507720947,0.46937499940395355,0.24586284160614014,960,1
eeg_video,eccentricity,within,15,2,0.6916666626930237,0.5146874994039535,0.014144824309284888,0.17697916328907015,0.047619047619047616,0.6145833134651184,0.4725000008940697,0.12534044682979584,960,1
eeg_video,eccentricity,within,15,3,0.6614583134651184,0.48822916448116305,0.01668975912386368,0.17322914898395536,0.047619047619047616,0.4625000059604645,0.4787499994039536,0.13013385236263275,960,1
eeg_video,eccentricity,within,15,4,0.6166666746139526,0.47624999433755877,0.013923303552538612,0.14041668027639387,0.047619047619047616,0.5,0.46364582926034925,0.1747008115053177,960,1
eeg_video,eccentricity,loso,20,0,0.3499999940395355,0.4962499991059303,0.06859072628069482,-0.1462500050663948,1.0,0.5,0.32374999970197677,0.37549450993537903,40,1
eeg_video,eccentricity,loso,20,1,0.625,0.5062499955296517,0.08057410747827289,0.11875000447034834,0.19047619047619047,0.5,0.4462499961256981,0.2180110663175583,40,1
eeg_video,eccentricity,loso,20,2,0.75,0.5012499958276748,0.0856865611713581,0.24875000417232518,0.047619047619047616,0.5,0.463749997317791,0.27459093928337097,40,1
eeg_video,eccentricity,loso,20,3,0.800000011920929,0.494999997317791,0.09205975997651696,0.30500001460313797,0.047619047619047616,0.5249999761581421,0.5149999961256981,0.1604529619216919,40,1
eeg_video,eccentricity,loso,20,4,0.675000011920929,0.49374999701976774,0.07618849925050204,0.18125001490116122,0.09523809523809523,0.5,0.4862499967217445,0.1354885995388031,40,1
eeg_video,eccentricity,loso,20,5,0.625,0.5199999988079071,0.053967582751863384,0.10500000119209285,0.047619047619047616,0.574999988079071,0.4549999967217445,0.12374822795391083,40,1
eeg_video,eccentricity,loso,20,6,0.8999999761581421,0.46500000059604646,0.06680194549946987,0.43499997556209563,0.047619047619047616,0.550000011920929,0.5049999952316284,0.11567176133394241,40,1
eeg_video,eccentricity,loso,20,7,0.800000011920929,0.47874999791383743,0.06767339172658694,0.3212500140070915,0.047619047619047616,0.5249999761581421,0.4562499985098839,0.1876436322927475,40,1
eeg_video,eccentricity,loso,20,8,0.5249999761581421,0.5324999943375588,0.07249999914703806,-0.007500018179416701,0.6190476190476191,0.5,0.31500000320374966,0.258558452129364,40,1
eeg_video,eccentricity,loso,20,9,0.675000011920929,0.4787499949336052,0.0771666168957645,0.19625001698732375,0.047619047619047616,0.574999988079071,0.5212500005960464,0.10713442414999008,40,1
eeg_video,eccentricity,loso,20,10,0.6499999761581421,0.49249999672174455,0.08735702713145024,0.15749997943639754,0.047619047619047616,0.42500001192092896,0.46749999523162844,0.3319503366947174,40,1
eeg_video,eccentricity,loso,20,11,0.5,0.48749999403953553,0.06398241200772159,0.012500005960464466,0.47619047619047616,0.5249999761581421,0.3749999970197678,0.4733261466026306,40,1
eeg_video,eccentricity,loso,20,12,0.625,0.47000000029802325,0.0748331446689522,0.15499999970197675,0.14285714285714285,0.5249999761581421,0.5174999997019768,0.13641658425331116,40,1
eeg_video,eccentricity,loso,20,13,0.574999988079071,0.5150000020861626,0.08038967686234057,0.059999985992908456,0.2857142857142857,0.5249999761581421,0.42749999910593034,0.20316766202449799,40,1
eeg_video,eccentricity,loso,20,14,0.550000011920929,0.5324999928474426,0.08332916497097242,0.017500019073486306,0.47619047619047616,0.5,0.44499999582767485,0.3261139988899231,40,1
eeg_video,eccentricity,loso,20,15,0.75,0.5174999982118607,0.0802729708804203,0.23250000178813934,0.09523809523809523,0.42500001192092896,0.46499999463558195,0.11773115396499634,40,1
eeg_video,eccentricity,within,20,0,0.5703125,0.4646093726158142,0.02755620376286223,0.1057031273841858,0.047619047619047616,0.4749999940395355,0.3797656238079071,0.5470961332321167,640,1
eeg_video,eccentricity,within,20,1,0.706250011920929,0.48382812440395356,0.016111757174578835,0.2224218875169754,0.047619047619047616,0.573437511920929,0.49664062559604644,0.09537933021783829,640,1
eeg_video,eccentricity,within,20,2,0.7046874761581421,0.508984375,0.01605559336643716,0.19570310115814205,0.047619047619047616,0.5249999761581421,0.49257812798023226,0.14435511827468872,640,1
eeg_video,eccentricity,within,20,3,0.6890624761581421,0.5135156244039536,0.013149855744765014,0.1755468517541885,0.047619047619047616,0.6000000238418579,0.4803906247019768,0.0746203139424324,640,1
eeg_video,eccentricity,within,20,4,0.6703125238418579,0.4825781241059303,0.014500767538951327,0.1877343997359276,0.047619047619047616,0.4765625,0.48460937589406966,0.08974112570285797,640,1
eeg_video,eccentricity,loso,30,0,0.6000000238418579,0.4625,0.11605493849165817,0.1375000238418579,0.19047619047619047,0.5,0.4775000050663948,0.10325963795185089,20,1
eeg_video,eccentricity,loso,30,1,0.6000000238418579,0.5250000044703483,0.09151502877527022,0.07500001937150957,0.38095238095238093,0.5,0.3400000028312206,0.07978321611881256,20,1
eeg_video,eccentricity,loso,30,2,0.75,0.5175000071525574,0.06759253790302645,0.2324999928474426,0.047619047619047616,0.5,0.3825000002980232,0.20823320746421814,20,1
eeg_video,eccentricity,loso,30,3,0.699999988079071,0.5374999970197678,0.11277743086369471,0.16249999105930324,0.14285714285714285,0.550000011920929,0.47750000208616256,0.06939990073442459,20,1
eeg_video,eccentricity,loso,30,4,0.699999988079071,0.4850000008940697,0.057227622715630866,0.21499998718500135,0.047619047619047616,0.6000000238418579,0.47000000178813933,0.11813290417194366,20,1
eeg_video,eccentricity,loso,30,5,0.4000000059604645,0.4724999964237213,0.09679230424435953,-0.07249999046325684,0.8095238095238095,0.6499999761581421,0.45750000029802323,0.17650106549263,20,1
eeg_video,eccentricity,loso,30,6,0.800000011920929,0.45749999582767487,0.10638960758585034,0.3425000160932541,0.047619047619047616,0.8500000238418579,0.4875,0.07200393825769424,20,1
eeg_video,eccentricity,loso,30,7,0.6000000238418579,0.46000000089406967,0.07842194262325211,0.14000002294778824,0.09523809523809523,0.5,0.41999999806284904,0.19020506739616394,20,1
eeg_video,eccentricity,loso,30,8,0.6000000238418579,0.5674999997019767,0.08104781975203941,0.03250002413988118,0.47619047619047616,0.550000011920929,0.38750000298023224,0.1829158216714859,20,1
eeg_video,eccentricity,loso,30,9,0.800000011920929,0.5,0.09082951095103843,0.30000001192092896,0.047619047619047616,0.6000000238418579,0.4200000002980232,0.11384455859661102,20,1
eeg_video,eccentricity,loso,30,10,0.550000011920929,0.4400000020861626,0.08000000342726747,0.11000000983476638,0.2857142857142857,0.44999998807907104,0.4050000041723251,0.19863773882389069,20,1
eeg_video,eccentricity,loso,30,11,0.5,0.44750000089406966,0.08728544854460743,0.05249999910593034,0.38095238095238093,0.5,0.35250000208616256,0.14766456186771393,20,1
eeg_video,eccentricity,loso,30,12,0.699999988079071,0.4800000011920929,0.1004987606000635,0.21999998688697814,0.09523809523809523,0.5,0.49500000327825544,0.07716485857963562,20,1
eeg_video,eccentricity,loso,30,13,0.550000011920929,0.5149999991059303,0.11521718323048227,0.03500001281499865,0.5238095238095238,0.5,0.330000002682209,0.17659693956375122,20,1
eeg_video,eccentricity,loso,30,14,0.6000000238418579,0.5299999997019768,0.14866068783403547,0.07000002413988116,0.42857142857142855,0.550000011920929,0.40499999970197675,0.3008626401424408,20,1
eeg_video,eccentricity,loso,30,15,0.75,0.46250000298023225,0.08042854777006221,0.28749999701976775,0.047619047619047616,0.5,0.5325000002980232,0.26435592770576477,20,1
eeg_video,eccentricity,within,30,0,0.621874988079071,0.49390625208616257,0.02491146012218996,0.12796873599290848,0.047619047619047616,0.6499999761581421,0.4617187514901161,0.25513914227485657,320,1
eeg_video,eccentricity,within,30,1,0.5531250238418579,0.44687500298023225,0.01819490705655245,0.10625002086162566,0.047619047619047616,0.3968749940395355,0.37406250089406967,0.11118780076503754,320,1
eeg_video,eccentricity,within,30,2,0.609375,0.5382812559604645,0.027931193964689915,0.0710937440395355,0.047619047619047616,0.550000011920929,0.40921874791383744,0.21182864904403687,320,1
eeg_video,eccentricity,within,30,3,0.5625,0.5081249982118606,0.02742888303336314,0.054375001788139365,0.047619047619047616,0.5,0.468437497317791,0.16343286633491516,320,1
eeg_video,eccentricity,within,30,4,0.609375,0.5079687520861625,0.027448015263923948,0.10140624791383746,0.047619047619047616,0.581250011920929,0.4904687538743019,0.17340587079524994,320,1
eeg_video,hemisphere,loso,5,0,0.4681818187236786,0.497272726893425,0.02694499924578705,-0.02909090816974641,0.8571428571428571,0.5,0.416818180680275,0.7164934873580933,220,1
eeg_video,hemisphere,loso,5,1,0.6909090876579285,0.48931818157434465,0.03781957298942209,0.20159090608358382,0.047619047619047616,0.5,0.47386363744735716,0.6179266571998596,220,1
eeg_video,hemisphere,loso,5,2,0.6227272748947144,0.4804545447230339,0.03374368482887884,0.14227273017168046,0.047619047619047616,0.48636364936828613,0.4454545438289642,0.6596366167068481,220,1
eeg_video,hemisphere,loso,5,3,0.8409090638160706,0.4965909063816071,0.029628377934753522,0.3443181574344635,0.047619047619047616,0.5,0.4925000011920929,0.8691338300704956,220,1
eeg_video,hemisphere,loso,5,4,0.6136363744735718,0.5179545462131501,0.02996123985373332,0.09568182826042171,0.047619047619047616,0.5,0.46931818276643755,0.6567208766937256,220,1
eeg_video,hemisphere,loso,5,5,0.6954545378684998,0.5038636416196823,0.030770919159767693,0.19159089624881742,0.047619047619047616,0.5,0.44977272897958753,0.5666391253471375,220,1
eeg_video,hemisphere,loso,5,6,0.6636363863945007,0.49090909361839297,0.030219583508710866,0.17272729277610777,0.047619047619047616,0.5045454502105713,0.4827272787690163,0.6581920981407166,220,1
eeg_video,hemisphere,loso,5,7,0.6454545259475708,0.5022727280855179,0.03903537410556861,0.14318179786205287,0.047619047619047616,0.5,0.4681818217039108,0.48102185130119324,220,1
eeg_video,hemisphere,loso,5,8,0.4909090995788574,0.4813636317849159,0.027570340255444276,0.009545467793941498,0.38095238095238093,0.5,0.42454545497894286,0.869032621383667,220,1
eeg_video,hemisphere,loso,5,9,0.6727272868156433,0.49227272123098376,0.027389892902833675,0.18045456558465955,0.047619047619047616,0.5,0.4095454514026642,0.8842094540596008,220,1
eeg_video,hemisphere,loso,5,10,0.5545454621315002,0.48659090846776965,0.03263481454430794,0.0679545536637306,0.047619047619047616,0.4681818187236786,0.35295454412698746,0.5840388536453247,220,1
eeg_video,hemisphere,loso,5,11,0.6545454263687134,0.48568181693553925,0.029397350755580327,0.16886360943317413,0.047619047619047616,0.5,0.4365909084677696,0.6874237656593323,220,1
eeg_video,hemisphere,loso,5,12,0.6499999761581421,0.4938636362552643,0.026240896292488658,0.15613633990287779,0.047619047619047616,0.5,0.44977272748947145,0.7133066058158875,220,1
eeg_video,hemisphere,loso,5,13,0.5681818127632141,0.4886363595724106,0.02432985364372293,0.07954545319080353,0.047619047619047616,0.5,0.4540909081697464,0.47059789299964905,220,1
eeg_video,hemisphere,loso,5,14,0.7136363387107849,0.49295454621315005,0.03253971325640689,0.22068179249763487,0.047619047619047616,0.5,0.3870454549789429,0.8979949951171875,220,1
eeg_video,hemisphere,loso,5,15,0.6181818246841431,0.49409091025590895,0.030017218386977126,0.12409091442823411,0.047619047619047616,0.5,0.4254545494914055,0.6877008080482483,220,1
eeg_video,hemisphere,within,5,0,0.6414772868156433,0.4896022707223892,0.007387124174155588,0.1518750160932541,0.047619047619047616,0.5,0.4314488634467125,0.6270830035209656,3520,1
eeg_video,hemisphere,within,5,1,0.6701704263687134,0.5165198877453804,0.00913001374705849,0.153650538623333,0.047619047619047616,0.5,0.44578125029802323,0.5786299705505371,3520,1
eeg_video,hemisphere,within,5,2,0.6434659361839294,0.5341477245092392,0.00698227634179593,0.10931821167469025,0.047619047619047616,0.5,0.39366476982831955,0.6099755167961121,3520,1
eeg_video,hemisphere,within,5,3,0.6133522987365723,0.5163920432329178,0.008703156611202635,0.0969602555036545,0.047619047619047616,0.5002840757369995,0.40275568068027495,0.8065162301063538,3520,1
eeg_video,hemisphere,within,5,4,0.6335227489471436,0.5164346635341645,0.00653672734773035,0.1170880854129791,0.047619047619047616,0.5,0.40407670587301253,0.7045203447341919,3520,1
eeg_video,hemisphere,loso,10,0,0.46000000834465027,0.4884999990463257,0.04530728497980178,-0.028499990701675415,0.7142857142857143,0.49000000953674316,0.40750000029802325,0.4558860957622528,100,1
eeg_video,hemisphere,loso,10,1,0.7400000095367432,0.4844999939203262,0.04821565935214267,0.25550001561641694,0.047619047619047616,0.47999998927116394,0.47950000017881395,0.3191673457622528,100,1
eeg_video,hemisphere,loso,10,2,0.550000011920929,0.49249998927116395,0.052428523362659865,0.057500022649765004,0.14285714285714285,0.5199999809265137,0.4625,0.4424910247325897,100,1
eeg_video,hemisphere,loso,10,3,0.8199999928474426,0.519999997317791,0.06913754581125177,0.2999999955296516,0.047619047619047616,0.5,0.4609999984502792,0.23840099573135376,100,1
eeg_video,hemisphere,loso,10,4,0.6200000047683716,0.5039999976754188,0.03891015471814851,0.11600000709295277,0.047619047619047616,0.5,0.471000000834465,0.2731196880340576,100,1
eeg_video,hemisphere,loso,10,5,0.800000011920929,0.491499999165535,0.0432752823320202,0.30850001275539396,0.047619047619047616,0.5,0.48049999326467513,0.42605453729629517,100,1
eeg_video,hemisphere,loso,10,6,0.75,0.5129999950528145,0.04484416860059633,0.23700000494718554,0.047619047619047616,0.47999998927116394,0.46999999433755874,0.29149332642555237,100,1
eeg_video,hemisphere,loso,10,7,0.6899999976158142,0.49549999833106995,0.03800986821260139,0.19449999928474426,0.047619047619047616,0.5,0.5164999946951866,0.21813079714775085,100,1
eeg_video,hemisphere,loso,10,8,0.5199999809265137,0.47999999225139617,0.05639148488265276,0.039999988675117504,0.3333333333333333,0.5,0.45699999630451205,0.2543015480041504,100,1
eeg_video,hemisphere,loso,10,9,0.7300000190734863,0.49499999582767484,0.05113707438543457,0.23500002324581148,0.047619047619047616,0.5,0.4519999995827675,0.694673478603363,100,1
eeg_video,hemisphere,loso,10,10,0.5799999833106995,0.4919999986886978,0.057323641784989623,0.08799998462200165,0.09523809523809523,0.4699999988079071,0.4540000006556511,0.22508546710014343,100,1
eeg_video,hemisphere,loso,10,11,0.6299999952316284,0.4994999930262566,0.044550532345075666,0.13050000220537183,0.09523809523809523,0.5,0.4625000014901161,0.3640320301055908,100,1
eeg_video,hemisphere,loso,10,12,0.5600000023841858,0.4684999942779541,0.0453072782704233,0.09150000810623171,0.047619047619047616,0.49000000953674316,0.4764999970793724,0.3612668514251709,100,1
eeg_video,hemisphere,loso,10,13,0.5199999809265137,0.4919999957084656,0.054092508754671906,0.027999985218048085,0.3333333333333333,0.5,0.4639999955892563,0.34977132081985474,100,1
eeg_video,hemisphere,loso,10,14,0.7200000286102295,0.48749999701976776,0.048669802130192466,0.23250003159046173,0.047619047619047616,0.5,0.4644999921321869,0.7780324816703796,100,1
eeg_video,hemisphere,loso,10,15,0.6499999761581421,0.48699999451637266,0.0675351756877666,0.16299998164176943,0.047619047619047616,0.5,0.48099999874830246,0.3242904543876648,100,1
eeg_video,hemisphere,within,10,0,0.6568750143051147,0.5019687548279762,0.007923646519319224,0.15490625947713854,0.047619047619047616,0.5,0.43271875083446504,0.6630651950836182,1600,1
eeg_video,hemisphere,within,10,1,0.6887500286102295,0.5091249972581864,0.010477650722435403,0.1796250313520431,0.047619047619047616,0.5099999904632568,0.4797499984502792,0.3313268721103668,1600,1
eeg_video,hemisphere,within,10,2,0.6443750262260437,0.5134062513709068,0.011409415852312923,0.13096877485513692,0.047619047619047616,0.5,0.4392812490463257,0.2038406878709793,1600,1
eeg_video,hemisphere,within,10,3,0.565625011920929,0.4760625004768372,0.011171773633967153,0.08956251144409177,0.047619047619047616,0.5199999809265137,0.44643749892711637,0.46970751881599426,1600,1
eeg_video,hemisphere,within,10,4,0.6474999785423279,0.5041875079274177,0.011531383915844923,0.14331247061491015,0.047619047619047616,0.5,0.4488750025629997,0.3350553512573242,1600,1
eeg_video,hemisphere,loso,15,0,0.3499999940395355,0.49333333373069765,0.05878397434953519,-0.14333333969116213,1.0,0.5,0.494999997317791,0.1835157871246338,60,1
eeg_video,hemisphere,loso,15,1,0.5666666626930237,0.5066666707396508,0.042295266986308325,0.05999999195337291,0.14285714285714285,0.5,0.4016666665673256,0.5073164105415344,60,1
eeg_video,hemisphere,loso,15,2,0.6000000238418579,0.5058333307504654,0.06352493118640044,0.09416669309139247,0.14285714285714285,0.5833333134651184,0.4641666665673256,0.21866561472415924,60,1
eeg_video,hemisphere,loso,15,3,0.8333333134651184,0.513333335518837,0.059535241125335155,0.31999997794628143,0.047619047619047616,0.5,0.4766666695475578,0.16984432935714722,60,1
eeg_video,hemisphere,loso,15,4,0.4833333194255829,0.5366666644811631,0.048476797221660387,-0.053333345055580184,0.8571428571428571,0.4833333194255829,0.43333333283662795,0.49530163407325745,60,1
eeg_video,hemisphere,loso,15,5,0.7333333492279053,0.5133333340287208,0.07666666961234685,0.22000001519918444,0.047619047619047616,0.5,0.3916666641831398,0.4311276078224182,60,1
eeg_video,hemisphere,loso,15,6,0.6833333373069763,0.535000005364418,0.05320296832892822,0.14833333194255827,0.047619047619047616,0.5,0.4149999961256981,0.33817237615585327,60,1
eeg_video,hemisphere,loso,15,7,0.5833333134651184,0.48666666597127917,0.0871779774350191,0.09666664749383924,0.19047619047619047,0.5333333611488342,0.481666661798954,0.1685662418603897,60,1
eeg_video,hemisphere,loso,15,8,0.6499999761581421,0.5783333376049995,0.05941847962370869,0.07166663855314259,0.19047619047619047,0.5,0.4249999955296516,0.4966919720172882,60,1
eeg_video,hemisphere,loso,15,9,0.7666666507720947,0.5300000056624412,0.04672615668741694,0.23666664510965352,0.047619047619047616,0.5,0.44999999850988387,0.21778686344623566,60,1
eeg_video,hemisphere,loso,15,10,0.5166666507720947,0.531666673719883,0.050249385291860175,-0.015000022947788239,0.6190476190476191,0.4833333194255829,0.361666664481163,0.5124462842941284,60,1
eeg_video,hemisphere,loso,15,11,0.7166666388511658,0.5275000005960464,0.06286560469943259,0.18916663825511937,0.047619047619047616,0.5666666626930237,0.4358333334326744,0.22727756202220917,60,1
eeg_video,hemisphere,loso,15,12,0.6833333373069763,0.5083333343267441,0.06157651406095785,0.17500000298023222,0.047619047619047616,0.5333333611488342,0.44166666120290754,0.3865196406841278,60,1
eeg_video,hemisphere,loso,15,13,0.550000011920929,0.5008333384990692,0.054384181506858635,0.04916667342185976,0.2857142857142857,0.5,0.4824999913573265,0.23224984109401703,60,1
eeg_video,hemisphere,loso,15,14,0.75,0.5091666638851166,0.049011052952150455,0.24083333611488345,0.047619047619047616,0.5166666507720947,0.4224999979138374,0.34334054589271545,60,1
eeg_video,hemisphere,loso,15,15,0.6833333373069763,0.5099999979138374,0.043906472448026874,0.17333333939313889,0.047619047619047616,0.4833333194255829,0.4316666632890701,0.1370256543159485,60,1
eeg_video,hemisphere,within,15,0,0.6822916865348816,0.5166666671633721,0.015015907310641875,0.16562501937150953,0.047619047619047616,0.4989583194255829,0.47031249701976774,0.25838086009025574,960,1
eeg_video,hemisphere,within,15,1,0.6895833611488342,0.5073958352208138,0.012761588061509413,0.18218752592802046,0.047619047619047616,0.5,0.47020833343267443,0.24487049877643585,960,1
eeg_video,hemisphere,within,15,2,0.6552083492279053,0.5385937541723251,0.013447082164771149,0.11661459505558014,0.047619047619047616,0.5,0.368802085518837,0.4734330475330353,960,1
eeg_video,hemisphere,within,15,3,0.6729166507720947,0.5340624958276748,0.012847175456488943,0.13885415494441988,0.047619047619047616,0.5333333611488342,0.4567708358168602,0.2078581005334854,960,1
eeg_video,hemisphere,within,15,4,0.6177083253860474,0.5030729174613953,0.013463214455871862,0.1146354079246521,0.047619047619047616,0.4333333373069763,0.45203125327825544,0.27637141942977905,960,1
eeg_video,hemisphere,loso,20,0,0.550000011920929,0.5137499943375587,0.07179615359208665,0.03625001758337021,0.3333333333333333,0.44999998807907104,0.46874999552965163,0.17068414390087128,40,1
eeg_video,hemisphere,loso,20,1,0.675000011920929,0.48999999463558197,0.0639335559763991,0.18500001728534698,0.047619047619047616,0.5,0.4875,0.2900025248527527,40,1
eeg_video,hemisphere,loso,20,2,0.6000000238418579,0.4787499964237213,0.06994417904638939,0.12125002741813662,0.14285714285714285,0.550000011920929,0.46624999940395356,0.3053153157234192,40,1
eeg_video,hemisphere,loso,20,3,0.800000011920929,0.5112499952316284,0.09030330523705263,0.28875001668930056,0.047619047619047616,0.5,0.4112499989569187,0.2655493915081024,40,1
eeg_video,hemisphere,loso,20,4,0.44999998807907104,0.49249999672174455,0.08181533928433007,-0.042500008642673504,0.7619047619047619,0.44999998807907104,0.35,0.3366863429546356,40,1
eeg_video,hemisphere,loso,20,5,0.625,0.5887499928474427,0.0772475701925252,0.03625000715255733,0.47619047619047616,0.5,0.3712499991059303,0.6141993999481201,40,1
eeg_video,hemisphere,loso,20,6,0.625,0.5112499982118607,0.08233885584950432,0.11375000178813932,0.14285714285714285,0.5249999761581421,0.4637499988079071,0.2038935124874115,40,1
eeg_video,hemisphere,loso,20,7,0.5,0.4637499988079071,0.05331216639518416,0.03625000119209287,0.2857142857142857,0.5,0.4662499979138374,0.02992892637848854,40,1
eeg_video,hemisphere,loso,20,8,0.574999988079071,0.49624999761581423,0.07300470822155326,0.07874999046325681,0.19047619047619047,0.5,0.34624999910593035,0.4426005184650421,40,1
eeg_video,hemisphere,loso,20,9,0.574999988079071,0.5337499991059304,0.0681336019109628,0.041249988973140694,0.47619047619047616,0.625,0.44375,0.27145203948020935,40,1
eeg_video,hemisphere,loso,20,10,0.675000011920929,0.5224999979138374,0.040233695922605006,0.15250001400709157,0.047619047619047616,0.574999988079071,0.31500000059604644,0.37159454822540283,40,1
eeg_video,hemisphere,loso,20,11,0.800000011920929,0.5212500020861626,0.08918905632960909,0.2787500098347664,0.047619047619047616,0.550000011920929,0.45624999701976776,0.09690825641155243,40,1
eeg_video,hemisphere,loso,20,12,0.6499999761581421,0.5287500008940696,0.07837211485831125,0.12124997526407244,0.09523809523809523,0.550000011920929,0.42874999940395353,0.32002875208854675,40,1
eeg_video,hemisphere,loso,20,13,0.4000000059604645,0.46499999761581423,0.053851645414952666,-0.06499999165534975,0.8571428571428571,0.5,0.47249999940395354,0.21288013458251953,40,1
eeg_video,hemisphere,loso,20,14,0.625,0.49874999970197675,0.057268559190747415,0.12625000029802325,0.047619047619047616,0.5249999761581421,0.46124999821186063,0.5079381465911865,40,1
eeg_video,hemisphere,loso,20,15,0.675000011920929,0.49124999940395353,0.07797235147074558,0.18375001251697543,0.047619047619047616,0.4749999940395355,0.49124999940395353,0.18732227385044098,40,1
eeg_video,hemisphere,within,20,0,0.637499988079071,0.471875,0.01990578232860508,0.16562498807907106,0.047619047619047616,0.42500001192092896,0.46609375029802325,0.226573184132576,640,1
eeg_video,hemisphere,within,20,1,0.5796874761581421,0.5082812488079071,0.016003996610918406,0.07140622735023494,0.047619047619047616,0.4234375059604645,0.33078124970197675,0.4428870677947998,640,1
eeg_video,hemisphere,within,20,2,0.640625,0.5264843732118607,0.021872068875074768,0.1141406267881393,0.047619047619047616,0.5,0.4485156238079071,0.29182249307632446,640,1
eeg_video,hemisphere,within,20,3,0.6484375,0.5299218788743019,0.02191556395969384,0.11851562112569813,0.047619047619047616,0.6031249761581421,0.4439843758940697,0.2119303047657013,640,1
eeg_video,hemisphere,within,20,4,0.692187488079071,0.5427343726158143,0.02129977775531722,0.1494531154632568,0.047619047619047616,0.574999988079071,0.45164062529802323,0.09668780118227005,640,1
eeg_video,hemisphere,loso,30,0,0.44999998807907104,0.45000000298023224,0.08514693462971676,-1.4901161193847656e-08,0.6190476190476191,0.4000000059604645,0.4549999997019768,0.14051979780197144,20,1
eeg_video,hemisphere,loso,30,1,0.550000011920929,0.49749999642372134,0.0858414205117744,0.05250001549720762,0.3333333333333333,0.5,0.4925000049173832,0.02535342238843441,20,1
eeg_video,hemisphere,loso,30,2,0.75,0.46500000506639483,0.09233093106584006,0.28499999493360517,0.047619047619047616,0.550000011920929,0.41499999910593033,0.21157576143741608,20,1
eeg_video,hemisphere,loso,30,3,0.75,0.5425000056624413,0.10280442334397888,0.20749999433755872,0.09523809523809523,0.44999998807907104,0.4624999985098839,0.24700671434402466,20,1
eeg_video,hemisphere,loso,30,4,0.44999998807907104,0.4750000059604645,0.12893796969784535,-0.025000017881393444,0.6190476190476191,0.44999998807907104,0.4549999974668026,0.11801011115312576,20,1
eeg_video,hemisphere,loso,30,5,0.6499999761581421,0.5200000002980232,0.09797958965049433,0.1299999758601189,0.19047619047619047,0.550000011920929,0.47999999970197677,0.4020136892795563,20,1
eeg_video,hemisphere,loso,30,6,0.800000011920929,0.5500000014901161,0.07245688146873783,0.2500000104308129,0.047619047619047616,0.4000000059604645,0.3849999994039536,0.2981306314468384,20,1
eeg_video,hemisphere,loso,30,7,0.550000011920929,0.5575000047683716,0.11098986730206653,-0.007499992847442627,0.6666666666666666,0.6499999761581421,0.3875000037252903,0.43275508284568787,20,1
eeg_video,hemisphere,loso,30,8,0.6499999761581421,0.5474999994039536,0.1005919932348009,0.10249997675418854,0.2857142857142857,0.5,0.37250000089406965,0.10943581163883209,20,1
eeg_video,hemisphere,loso,30,9,0.75,0.5775000110268593,0.0679613844837871,0.17249998897314067,0.09523809523809523,0.550000011920929,0.31250000149011614,0.187168687582016,20,1
eeg_video,hemisphere,loso,30,10,0.75,0.5550000026822091,0.10476163620435139,0.19499999731779094,0.14285714285714285,0.44999998807907104,0.4549999997019768,0.2857731878757477,20,1
eeg_video,hemisphere,loso,30,11,0.6000000238418579,0.5025000035762787,0.11776566237157739,0.09750002026557925,0.38095238095238093,0.6000000238418579,0.45750000327825546,0.04094132035970688,20,1
eeg_video,hemisphere,loso,30,12,0.6000000238418579,0.4624999962747097,0.12735285423650616,0.1375000275671482,0.23809523809523808,0.4000000059604645,0.4325000002980232,0.15897969901561737,20,1
eeg_video,hemisphere,loso,30,13,0.6000000238418579,0.5450000017881393,0.10476163030144535,0.05500002205371857,0.5238095238095238,0.4000000059604645,0.4349999979138374,0.05086497217416763,20,1
eeg_video,hemisphere,loso,30,14,0.75,0.4824999988079071,0.11755317623535821,0.2675000011920929,0.047619047619047616,0.5,0.482499997317791,0.2256065309047699,20,1
eeg_video,hemisphere,loso,30,15,0.6499999761581421,0.5099999964237213,0.1328533021520798,0.1399999797344208,0.2857142857142857,0.44999998807907104,0.5050000011920929,0.14545515179634094,20,1
eeg_video,hemisphere,within,30,0,0.7093750238418579,0.5424999982118607,0.020286047602428303,0.16687502562999723,0.047619047619047616,0.6000000238418579,0.44437499940395353,0.3363182842731476,320,1
eeg_video,hemisphere,within,30,1,0.6468750238418579,0.571875,0.017201694457638007,0.07500002384185789,0.047619047619047616,0.6499999761581421,0.35343749821186066,0.4095924198627472,320,1
eeg_video,hemisphere,within,30,2,0.671875,0.5187499940395355,0.028315323423086975,0.15312500596046452,0.047619047619047616,0.44999998807907104,0.44625000059604647,0.1534033864736557,320,1
eeg_video,hemisphere,within,30,3,0.578125,0.5112500041723251,0.023539360304052796,0.06687499582767487,0.047619047619047616,0.625,0.4237500011920929,0.2017490118741989,320,1
eeg_video,hemisphere,within,30,4,0.606249988079071,0.4928125008940697,0.024647915901889025,0.11343748718500135,0.047619047619047616,0.44999998807907104,0.4318749964237213,0.43359023332595825,320,1
gaze,eccentricity,loso,5,0,0.5545454621315002,0.4995454505085945,0.0349113406837211,0.05500001162290574,0.14285714285714285,0.5,0.3972727283835411,0.027304504066705704,220,0
gaze,eccentricity,loso,5,1,0.4736842215061188,0.5100478500127792,0.032816126819584075,-0.03636362850666042,0.8571428571428571,0.5263158082962036,0.48947368562221527,0.02794630639255047,209,0
gaze,eccentricity,loso,5,2,0.5545454621315002,0.5068181812763214,0.04233621846679296,0.047727280855178855,0.23809523809523808,0.5,0.4945454552769661,0.012935133650898933,220,0
gaze,eccentricity,loso,5,3,0.4545454680919647,0.5018181815743447,0.037217250811703004,-0.047272713482379936,0.9047619047619048,0.5,0.4536363661289215,0.01413004007190466,220,0
gaze,eccentricity,loso,5,4,0.5181818008422852,0.516818180680275,0.03139655807006564,0.0013636201620101929,0.5238095238095238,0.5,0.47409090846776963,0.017716141417622566,220,0
gaze,eccentricity,loso,5,5,0.459090918302536,0.4959090933203697,0.03021616461551537,-0.03681817501783369,0.9047619047619048,0.5,0.4586363658308983,0.007458400912582874,220,0
gaze,eccentricity,loso,5,6,0.4727272689342499,0.4881818175315857,0.02588914358306532,-0.015454548597335804,0.7619047619047619,0.5,0.4986363619565964,0.023914683610200882,220,0
gaze,eccentricity,loso,5,7,0.4727272689342499,0.5045454487204551,0.018295097884750026,-0.03181817978620527,0.9047619047619048,0.5,0.2268181823194027,0.41540852189064026,220,0
gaze,eccentricity,loso,5,8,0.5363636612892151,0.4990909039974213,0.02633226911693191,0.0372727572917938,0.14285714285714285,0.5,0.49227272868156435,0.019824305549263954,220,0
gaze,eccentricity,loso,5,9,0.6363636255264282,0.4854545444250107,0.02215646497688642,0.15090908110141754,0.047619047619047616,0.5,0.4672727257013321,0.024906611070036888,220,0
gaze,eccentricity,loso,5,10,0.4954545497894287,0.5004545450210571,0.008849047167215573,-0.004999995231628418,0.8095238095238095,0.5,0.04454545564949512,0.01676776446402073,220,0
gaze,eccentricity,loso,5,11,0.48181816935539246,0.4981818154454231,0.03130759000023667,-0.01636364609003066,0.7619047619047619,0.5,0.42363636642694474,0.059635650366544724,220,0
gaze,eccentricity,loso,5,12,0.5727272629737854,0.5072727277874947,0.027059778395739045,0.06545453518629074,0.047619047619047616,0.5,0.3981818199157715,0.016596820205450058,220,0
gaze,eccentricity,loso,5,13,0.4727272689342499,0.5122727245092392,0.03126466471720604,-0.03954545557498934,0.8571428571428571,0.5,0.4986363649368286,0.015686828643083572,220,0
gaze,eccentricity,loso,5,14,0.5,0.49454545229673386,0.028805413347848585,0.005454547703266144,0.38095238095238093,0.5,0.37772727459669114,0.018535049632191658,220,0
gaze,eccentricity,loso,5,15,0.6409090757369995,0.48681817948818207,0.026887427138778803,0.15409089624881744,0.047619047619047616,0.5,0.5022727251052856,0.014678554609417915,220,0
gaze,eccentricity,within,5,0,0.574431836605072,0.4998579606413841,0.009187826769844644,0.07457387596368792,0.047619047619047616,0.5,0.4996590957045555,0.040351502597332,3520,0
gaze,eccentricity,within,5,1,0.5357954502105713,0.49980114251375196,0.00934011543097124,0.03599430769681933,0.047619047619047616,0.5,0.4994318276643753,0.021369855850934982,3520,0
gaze,eccentricity,within,5,2,0.5582386255264282,0.4998863622546196,0.009487276236286136,0.058352263271808646,0.047619047619047616,0.5,0.43749999850988386,0.046797677874565125,3520,0
gaze,eccentricity,within,5,3,0.546312153339386,0.4997427061200142,0.006695825506253114,0.046569447219371785,0.047619047619047616,0.5,0.5006289288401604,0.021027665585279465,3498,0
gaze,eccentricity,within,5,4,0.5627840757369995,0.5014772683382034,0.0070231982715215895,0.061306807398796126,0.047619047619047616,0.5,0.4499715924263,0.013585986569523811,3520,0
gaze,eccentricity,loso,10,0,0.5400000214576721,0.49299999326467514,0.02776688372496661,0.04700002819299698,0.09523809523809523,0.5,0.3700000002980232,0.00949938502162695,100,0
gaze,eccentricity,loso,10,1,0.4736842215061188,0.5052631631493568,0.0463636166213336,-0.031578941643238045,0.9047619047619048,0.5263158082962036,0.4147368460893631,0.011214734986424446,95,0
gaze,eccentricity,loso,10,2,0.49000000953674316,0.4780000001192093,0.04214261201863605,0.012000009417533875,0.6190476190476191,0.5,0.503999999165535,0.0026295678690075874,100,0
gaze,eccentricity,loso,10,3,0.46000000834465027,0.4950000047683716,0.055452683929384704,-0.034999996423721313,0.8571428571428571,0.5,0.5069999992847443,0.0071420688182115555,100,0
gaze,eccentricity,loso,10,4,0.550000011920929,0.5099999934434891,0.04816637507298928,0.040000018477439836,0.3333333333333333,0.5,0.47900000065565107,0.015246199443936348,100,0
gaze,eccentricity,loso,10,5,0.4399999976158142,0.5110000014305115,0.044933285198531625,-0.07100000381469729,1.0,0.5,0.49400000721216203,0.005646809469908476,100,0
gaze,eccentricity,loso,10,6,0.550000011920929,0.5090000003576278,0.033749072164570446,0.04100001156330113,0.2857142857142857,0.5,0.5129999935626983,0.011529670096933842,100,0
gaze,eccentricity,loso,10,7,0.44999998807907104,0.5089999943971634,0.0337490666896235,-0.059000006318092324,0.9523809523809523,0.5,0.36800000071525574,0.3610519468784332,100,0
gaze,eccentricity,loso,10,8,0.47999998927116394,0.5150000050663948,0.03892300303297579,-0.03500001579523082,0.8095238095238095,0.5,0.46799999922513963,0.017619850113987923,100,0
gaze,eccentricity,loso,10,9,0.47999998927116394,0.4979999929666519,0.040938975900152774,-0.018000003695487987,0.7142857142857143,0.5,0.31400000005960466,0.015189939178526402,100,0
gaze,eccentricity,loso,10,10,0.49000000953674316,0.5019999966025352,0.015999987721444217,-0.011999987065792084,0.9523809523809523,0.5,0.05899999868124724,0.0013207091251388192,100,0
gaze,eccentricity,loso,10,11,0.46000000834465027,0.49500000178813935,0.05792236241685465,-0.034999993443489086,0.8095238095238095,0.5,0.4689999982714653,0.03306927904486656,100,0
gaze,eccentricity,loso,10,12,0.5400000214576721,0.4939999982714653,0.04152107922235308,0.04600002318620683,0.23809523809523808,0.5,0.4699999988079071,0.006819677073508501,100,0
gaze,eccentricity,loso,10,13,0.38999998569488525,0.5029999926686287,0.045287961783598035,-0.11300000697374346,1.0,0.5,0.4389999955892563,0.011592704802751541,100,0
gaze,eccentricity,loso,10,14,0.5699999928474426,0.5109999909996986,0.04121892305067534,0.05900000184774401,0.23809523809523808,0.5,0.43900000154972074,0.021654263138771057,100,0
gaze,eccentricity,loso,10,15,0.5600000023841858,0.5149999976158142,0.03339161867726203,0.045000004768371626,0.14285714285714285,0.5,0.4889999985694885,0.00699475547298789,100,0
gaze,eccentricity,within,10,0,0.5687500238418579,0.49581250101327895,0.014949265502899971,0.07293752282857896,0.047619047619047616,0.5,0.4882500022649765,0.037159744650125504,1600,0
gaze,eccentricity,within,10,1,0.5662500262260437,0.49950000643730164,0.017268102871982355,0.06675001978874207,0.047619047619047616,0.5,0.5001875057816505,0.009052317589521408,1600,0
gaze,eccentricity,within,10,2,0.546875,0.5011249959468842,0.01139078809938947,0.0457500040531158,0.047619047619047616,0.5,0.35118749886751177,0.025608288124203682,1600,0
gaze,eccentricity,within,10,3,0.5220125913619995,0.5002515703439713,0.009752283286463366,0.021761021018028237,0.047619047619047616,0.5,0.5014465436339378,0.012470058165490627,1590,0
gaze,eccentricity,within,10,4,0.5887500047683716,0.497187502682209,0.011516803378697399,0.09156250208616257,0.047619047619047616,0.5,0.4921875029802322,0.01211701612919569,1600,0
gaze,eccentricity,loso,15,0,0.46666666865348816,0.498333340883255,0.04651762409190901,-0.031666672229766823,0.8571428571428571,0.5,0.3350000098347664,0.009915872476994991,60,0
gaze,eccentricity,loso,15,1,0.42105263471603394,0.47017544209957124,0.04493421016409483,-0.049122807383537304,0.9523809523809523,0.5263158082962036,0.20000000149011612,0.009588238783180714,57,0
gaze,eccentricity,loso,15,2,0.550000011920929,0.49666665494441986,0.05617433130243324,0.053333356976509094,0.2857142857142857,0.5,0.5050000071525573,0.00017659892910160124,60,0
gaze,eccentricity,loso,15,3,0.46666666865348816,0.516666679084301,0.05916080144121447,-0.050000010430812813,0.9047619047619048,0.5,0.48833334147930146,0.007971697486937046,60,0
gaze,eccentricity,loso,15,4,0.5166666507720947,0.5166666612029076,0.05676462571155766,-1.043081288010228e-08,0.7619047619047619,0.5,0.43833333998918533,0.00399927468970418,60,0
gaze,eccentricity,loso,15,5,0.5,0.47166667729616163,0.08516324800401824,0.02833332270383837,0.42857142857142855,0.5,0.4600000038743019,0.005194596014916897,60,0
gaze,eccentricity,loso,15,6,0.5166666507720947,0.514999994635582,0.05320297309031123,0.0016666561365127341,0.5714285714285714,0.5,0.473333340883255,0.018346145749092102,60,0
gaze,eccentricity,loso,15,7,0.550000011920929,0.4633333221077919,0.06863753206365844,0.08666668981313708,0.19047619047619047,0.5,0.4716666743159294,0.22169722616672516,60,0
gaze,eccentricity,loso,15,8,0.4166666567325592,0.4999999925494194,0.06101001986196161,-0.0833333358168602,0.9047619047619048,0.5,0.5033333390951157,0.019471395760774612,60,0
gaze,eccentricity,loso,15,9,0.5,0.5150000110268593,0.058190304535381265,-0.015000011026859328,0.7619047619047619,0.5,0.39333333969116213,0.013456969521939754,60,0
gaze,eccentricity,loso,15,10,0.46666666865348816,0.4983333423733711,0.02682247163348123,-0.031666673719882965,1.0,0.5,0.06500000339001417,0.010589202865958214,60,0
gaze,eccentricity,loso,15,11,0.5333333611488342,0.4866666778922081,0.06531973307467913,0.04666668325662615,0.42857142857142855,0.5,0.4333333373069763,0.014228046871721745,60,0
gaze,eccentricity,loso,15,12,0.6166666746139526,0.4866666555404663,0.05364492530424683,0.13000001907348635,0.09523809523809523,0.5,0.5183333367109298,-0.00038804090581834316,60,0
gaze,eccentricity,loso,15,13,0.46666666865348816,0.5000000044703483,0.04346135020612121,-0.033333335816860155,0.9047619047619048,0.5,0.47166667580604554,0.00843260157853365,60,0
gaze,eccentricity,loso,15,14,0.6499999761581421,0.47833332419395447,0.0709264111265949,0.17166665196418762,0.047619047619047616,0.5,0.4066666722297668,0.04009159281849861,60,0
gaze,eccentricity,loso,15,15,0.4833333194255829,0.504999989271164,0.06689544279122578,-0.021666669845581077,0.6666666666666666,0.5,0.4883333370089531,0.004631671588867903,60,0
gaze,eccentricity,within,15,0,0.590624988079071,0.501666659116745,0.018901007720668907,0.08895832896232603,0.047619047619047616,0.5,0.500833335518837,0.017314158380031586,960,0
gaze,eccentricity,within,15,1,0.5729166865348816,0.49885417371988294,0.013183980954146057,0.07406251281499865,0.047619047619047616,0.5,0.4962499991059303,0.012356107123196125,960,0
gaze,eccentricity,within,15,2,0.5510416626930237,0.5034374937415123,0.011205060769352439,0.04760416895151143,0.047619047619047616,0.5,0.480000002682209,0.0074584768153727055,960,0
gaze,eccentricity,within,15,3,0.5492662191390991,0.4968553468585014,0.015161159068455951,0.05241087228059771,0.047619047619047616,0.5,0.4969601705670357,0.00795028731226921,954,0
gaze,eccentricity,within,15,4,0.5635416507720947,0.5042708322405816,0.01524503888453666,0.05927081853151317,0.047619047619047616,0.5,0.49187500178813937,0.008470986969769001,960,0
gaze,eccentricity,loso,20,0,0.4749999940395355,0.49999999105930326,0.06982119659072497,-0.02499999701976774,0.8095238095238095,0.5,0.45499999821186066,0.005425966810435057,40,0
gaze,eccentricity,loso,20,1,0.4736842215061188,0.4736842215061188,0.0,0.0,1.0,0.4736842215061188,0.0,0.02100817859172821,38,0
gaze,eccentricity,loso,20,2,0.4749999940395355,0.47999999225139617,0.08351645876947413,-0.004999998211860646,0.7142857142857143,0.5,0.4574999988079071,0.014494783245027065,40,0
gaze,eccentricity,loso,20,3,0.3499999940395355,0.4850000023841858,0.06538349085348982,-0.13500000834465026,1.0,0.5,0.4949999988079071,0.0050474852323532104,40,0
gaze,eccentricity,loso,20,4,0.42500001192092896,0.4874999985098839,0.0933742443118617,-0.06249998658895495,0.8571428571428571,0.5,0.5125000029802322,0.0040763854049146175,40,0
gaze,eccentricity,loso,20,5,0.5249999761581421,0.5024999916553498,0.05804092238082225,0.022499984502792336,0.6190476190476191,0.5,0.21250000223517418,0.023138247430324554,40,0
gaze,eccentricity,loso,20,6,0.574999988079071,0.5174999922513962,0.08104782797961253,0.057499995827674844,0.3333333333333333,0.5,0.510000005364418,0.05577831342816353,40,0
gaze,eccentricity,loso,20,7,0.4749999940395355,0.5199999943375587,0.07566373036262067,-0.0450000002980232,0.8571428571428571,0.5,0.4375000029802322,0.1450050324201584,40,0
gaze,eccentricity,loso,20,8,0.375,0.49749998897314074,0.05584575925957855,-0.12249998897314074,1.0,0.5,0.2875000037252903,0.006368353497236967,40,0
gaze,eccentricity,loso,20,9,0.574999988079071,0.5149999916553497,0.06442048863731177,0.059999996423721336,0.3333333333333333,0.5,0.3574999988079071,0.005256970878690481,40,0
gaze,eccentricity,loso,20,10,0.5,0.5,0.0,0.0,1.0,0.5,0.0,0.006623273249715567,40,0
gaze,eccentricity,loso,20,11,0.4749999940395355,0.49499998837709425,0.0484767898443593,-0.019999994337558724,0.8571428571428571,0.5,0.27750000171363354,0.013471490703523159,40,0
gaze,eccentricity,loso,20,12,0.6000000238418579,0.5150000050663948,0.08958237130550552,0.08500001877546315,0.2857142857142857,0.5,0.5100000023841857,0.0034194677136838436,40,0
gaze,eccentricity,loso,20,13,0.574999988079071,0.5074999913573265,0.05973900945338622,0.06749999672174456,0.23809523809523808,0.5,0.5200000017881393,0.012554462067782879,40,0
gaze,eccentricity,loso,20,14,0.625,0.5074999913573265,0.06179603037154557,0.11750000864267351,0.09523809523809523,0.5,0.3425000011920929,0.033889953047037125,40,0
gaze,eccentricity,loso,20,15,0.6499999761581421,0.4975000023841858,0.08135570256439689,0.1524999737739563,0.09523809523809523,0.5,0.44750000089406966,-0.00468762731179595,40,0
gaze,eccentricity,within,20,0,0.598437488079071,0.49984374493360517,0.020669340938244345,0.09859374314546587,0.047619047619047616,0.5,0.4967187523841858,0.01619701087474823,640,0
gaze,eccentricity,within,20,1,0.5484374761581421,0.4996875002980232,0.016458995013329838,0.048749975860118866,0.047619047619047616,0.5,0.45187499970197675,0.011584139429032803,640,0
gaze,eccentricity,within,20,2,0.573437511920929,0.495781247317791,0.02535442025215488,0.07765626460313796,0.047619047619047616,0.5,0.4739062532782555,0.00913116242736578,640,0
gaze,eccentricity,within,20,3,0.5047169923782349,0.5007861673831939,0.02113889117247723,0.003930824995040938,0.47619047619047616,0.5,0.4904088079929352,0.004404560662806034,636,0
gaze,eccentricity,within,20,4,0.5874999761581421,0.495781247317791,0.01817543853079971,0.0917187288403511,0.047619047619047616,0.5,0.495625002682209,0.013341167941689491,640,0
gaze,eccentricity,loso,30,0,0.699999988079071,0.46000000834465027,0.0969535999762918,0.23999997973442078,0.047619047619047616,0.5,0.5000000037252903,0.02464568056166172,20,0
gaze,eccentricity,loso,30,1,0.42105263471603394,0.46842106282711027,0.052367767651121146,-0.04736842811107633,1.0,0.4736842215061188,0.09473684281110764,0.02114054560661316,19,0
gaze,eccentricity,loso,30,2,0.6499999761581421,0.4349999979138374,0.09630680635704925,0.21499997824430467,0.047619047619047616,0.5,0.5350000083446502,0.009915688075125217,20,0
gaze,eccentricity,loso,30,3,0.44999998807907104,0.5049999967217446,0.13955285930220934,-0.055000008642673515,0.6666666666666666,0.5,0.5050000056624413,0.013825466856360435,20,0
gaze,eccentricity,loso,30,4,0.550000011920929,0.4599999934434891,0.07681145988424447,0.09000001847743988,0.2857142857142857,0.5,0.28000001013278963,0.008082535117864609,20,0
gaze,eccentricity,loso,30,5,0.30000001192092896,0.4800000056624413,0.09273618521205083,-0.17999999374151232,1.0,0.5,0.4300000086426735,0.006110025569796562,20,0
gaze,eccentricity,loso,30,6,0.550000011920929,0.5050000041723252,0.06689544984507095,0.0450000077486038,0.6666666666666666,0.5,0.2500000078231096,0.11288867890834808,20,0
gaze,eccentricity,loso,30,7,0.5,0.490000008046627,0.07681146357017951,0.009999991953372978,0.6666666666666666,0.5,0.3150000087916851,0.11379338055849075,20,0
gaze,eccentricity,loso,30,8,0.4000000059604645,0.5400000095367432,0.07348469763686491,-0.14000000357627873,1.0,0.5,0.4600000098347664,0.009240055456757545,20,0
gaze,eccentricity,loso,30,9,0.5,0.5200000062584877,0.11224972022261787,-0.020000006258487746,0.7142857142857143,0.5,0.45000000670552254,0.006711854599416256,20,0
gaze,eccentricity,loso,30,10,0.5,0.5,0.0,0.0,1.0,0.5,0.0,0.015749087557196617,20,0
gaze,eccentricity,loso,30,11,0.6499999761581421,0.4649999961256981,0.1061838037359457,0.184999980032444,0.14285714285714285,0.5,0.5250000059604645,0.00831295270472765,20,0
gaze,eccentricity,loso,30,12,0.5,0.5100000098347663,0.10908712324997803,-0.010000009834766344,0.8095238095238095,0.5,0.4250000059604645,0.001188348513096571,20,0
gaze,eccentricity,loso,30,13,0.5,0.46500000208616254,0.04769695722788692,0.034999997913837455,0.6666666666666666,0.5,0.19000000283122062,0.013034539297223091,20,0
gaze,eccentricity,loso,30,14,0.4000000059604645,0.48000000342726706,0.11661903580137331,-0.07999999746680259,0.9047619047619048,0.5,0.4700000062584877,0.07331184297800064,20,0
gaze,eccentricity,loso,30,15,0.6499999761581421,0.4999999970197678,0.11180340020779053,0.14999997913837432,0.19047619047619047,0.5,0.5100000098347663,0.007895429618656635,20,0
gaze,eccentricity,within,30,0,0.609375,0.5034374982118607,0.03380059629178509,0.10593750178813932,0.047619047619047616,0.5,0.4887500017881393,0.015812072902917862,320,0
gaze,eccentricity,within,30,1,0.606249988079071,0.5000000044703483,0.01895718772583531,0.10624998360872273,0.047619047619047616,0.5,0.4743749976158142,0.022681400179862976,320,0
gaze,eccentricity,within,30,2,0.5531250238418579,0.5049999967217446,0.01957557635033225,0.04812502712011335,0.047619047619047616,0.5,0.46749999970197675,0.004348158370703459,320,0
gaze,eccentricity,within,30,3,0.553459107875824,0.4886792480945587,0.03188995606203944,0.06477985978126527,0.09523809523809523,0.5,0.4937106966972351,0.007605135906487703,318,0
gaze,eccentricity,within,30,4,0.6343749761581421,0.48843749761581423,0.03355702602999495,0.14593747854232786,0.047619047619047616,0.5,0.5037499994039536,0.006008579861372709,320,0
gaze,hemisphere,loso,5,0,0.5409091114997864,0.49363636374473574,0.02482999713138876,0.04727274775505064,0.047619047619047616,0.5,0.3677272737026215,0.017442185431718826,220,0
gaze,hemisphere,loso,5,1,0.8277512192726135,0.49521531611680986,0.02282150424882032,0.33253590315580367,0.047619047619047616,0.4736842215061188,0.4727272719144821,0.017499594017863274,209,0
gaze,hemisphere,loso,5,2,0.7454545497894287,0.49727272540330886,0.03414843393289334,0.24818182438611985,0.047619047619047616,0.5,0.46499999761581423,0.017865266650915146,220,0
gaze,hemisphere,loso,5,3,0.8227272629737854,0.5004545375704765,0.026578276271117238,0.32227272540330887,0.047619047619047616,0.5,0.4709090873599052,0.015081394463777542,220,0
gaze,hemisphere,loso,5,4,0.8409090638160706,0.4940909117460251,0.03191867162126776,0.34681815207004546,0.047619047619047616,0.5,0.4890909090638161,0.03036368452012539,220,0
gaze,hemisphere,loso,5,5,0.6227272748947144,0.4886363595724106,0.03646292848651939,0.13409091532230377,0.047619047619047616,0.5,0.45681818276643754,0.01914566196501255,220,0
gaze,hemisphere,loso,5,6,0.7454545497894287,0.4981818199157715,0.033352610159674584,0.24727272987365723,0.047619047619047616,0.5,0.49090908616781237,0.02249913476407528,220,0
gaze,hemisphere,loso,5,7,0.7090908885002136,0.49045454412698747,0.03467380502103607,0.21863634437322615,0.047619047619047616,0.5,0.4886363595724106,0.3865748345851898,220,0
gaze,hemisphere,loso,5,8,0.6863636374473572,0.505909089744091,0.03355949538842604,0.1804545477032662,0.047619047619047616,0.5,0.49545454382896426,0.0369369313120842,220,0
gaze,hemisphere,loso,5,9,0.7090908885002136,0.5031818211078644,0.0303253731698313,0.20590906739234927,0.047619047619047616,0.5,0.4095454588532448,0.029318522661924362,220,0
gaze,hemisphere,loso,5,10,0.5772727131843567,0.4945454582571983,0.030137430756574827,0.08272725492715838,0.047619047619047616,0.5,0.43954545706510545,0.031457412987947464,220,0
gaze,hemisphere,loso,5,11,0.7136363387107849,0.5009090945124626,0.030068796854960143,0.21272724419832234,0.047619047619047616,0.5,0.5045454517006874,0.0411282517015934,220,0
gaze,hemisphere,loso,5,12,0.7272727489471436,0.4886363610625267,0.029996554652462093,0.23863638788461683,0.047619047619047616,0.5,0.4677272751927376,0.01205788366496563,220,0
gaze,hemisphere,loso,5,13,0.4727272689342499,0.4872727274894714,0.026721705540157504,-0.014545458555221547,0.7142857142857143,0.5,0.3245454549789429,0.005831240210682154,220,0
gaze,hemisphere,loso,5,14,0.8772727251052856,0.4886363625526428,0.03054261320586862,0.38863636255264283,0.047619047619047616,0.5,0.498636357486248,0.019199572503566742,220,0
gaze,hemisphere,loso,5,15,0.7181817889213562,0.5049999922513961,0.034911335736388834,0.21318179666996007,0.047619047619047616,0.5,0.4650000035762787,0.015012192539870739,220,0
gaze,hemisphere,within,5,0,0.7340909242630005,0.4988068208098412,0.007732072511252151,0.2352841034531593,0.047619047619047616,0.5,0.5023863673210144,0.01649867743253708,3520,0
gaze,hemisphere,within,5,1,0.7326704263687134,0.49684658348560334,0.006131296618348012,0.23582384288311004,0.047619047619047616,0.5,0.49389205127954483,0.020784351974725723,3520,0
gaze,hemisphere,within,5,2,0.7247158885002136,0.49988635927438735,0.007256508360697231,0.22482952922582627,0.047619047619047616,0.5,0.4985227346420288,0.009650555439293385,3520,0
gaze,hemisphere,within,5,3,0.7192681431770325,0.5027444258332252,0.006767755014670618,0.21652371734380726,0.047619047619047616,0.49685534834861755,0.4993138924241066,0.013856318779289722,3498,0
gaze,hemisphere,within,5,4,0.6829545497894287,0.5010795563459396,0.007883000271791082,0.18187499344348912,0.047619047619047616,0.5,0.4874147742986679,0.015807082876563072,3520,0
gaze,hemisphere,loso,10,0,0.5699999928474426,0.5009999930858612,0.039230085137642416,0.06899999976158144,0.14285714285714285,0.5,0.3939999982714653,0.008647824637591839,100,0
gaze,hemisphere,loso,10,1,0.8631578683853149,0.4926315784454346,0.04726303858457592,0.37052628993988035,0.047619047619047616,0.4736842215061188,0.4873684197664261,0.01343746017664671,95,0
gaze,hemisphere,loso,10,2,0.6800000071525574,0.4949999988079071,0.0409267612378911,0.18500000834465025,0.047619047619047616,0.5,0.32700000107288363,0.012262926436960697,100,0
gaze,hemisphere,loso,10,3,0.7900000214576721,0.49299999326467514,0.041121765489259006,0.297000028192997,0.047619047619047616,0.5,0.4239999994635582,0.009390502236783504,100,0
gaze,hemisphere,loso,10,4,0.8100000023841858,0.4939999938011169,0.05885575170177505,0.31600000858306887,0.047619047619047616,0.5,0.5109999984502792,0.019288454204797745,100,0
gaze,hemisphere,loso,10,5,0.699999988079071,0.5089999988675118,0.059152346582495324,0.19099998921155925,0.047619047619047616,0.5,0.48599999994039533,0.005892642308026552,100,0
gaze,hemisphere,loso,10,6,0.7300000190734863,0.48599999994039533,0.061514220721917444,0.244000019133091,0.047619047619047616,0.5,0.510999995470047,0.010663997381925583,100,0
gaze,hemisphere,loso,10,7,0.5,0.4979999914765358,0.037363079099613485,0.002000008523464214,0.42857142857142855,0.5,0.3810000017285347,0.20643216371536255,100,0
gaze,hemisphere,loso,10,8,0.7400000095367432,0.5030000001192093,0.053768024773493524,0.23700000941753385,0.047619047619047616,0.5,0.4730000004172325,0.010171971283853054,100,0
gaze,hemisphere,loso,10,9,0.6700000166893005,0.4969999924302101,0.06237788353200616,0.17300002425909045,0.09523809523809523,0.5,0.4310000017285347,0.019390366971492767,100,0
gaze,hemisphere,loso,10,10,0.5699999928474426,0.4989999905228615,0.04264972849728448,0.07100000232458115,0.09523809523809523,0.5,0.28400000035762785,0.007922530174255371,100,0
gaze,hemisphere,loso,10,11,0.6100000143051147,0.505999992787838,0.0313687726790128,0.10400002151727672,0.047619047619047616,0.5,0.38900000005960467,0.020635101944208145,100,0
gaze,hemisphere,loso,10,12,0.699999988079071,0.5130000010132789,0.033030291149115855,0.18699998706579213,0.047619047619047616,0.5,0.39400000125169754,0.01640346087515354,100,0
gaze,hemisphere,loso,10,13,0.47999998927116394,0.49499999433755876,0.03278719521205444,-0.015000005066394817,0.8571428571428571,0.5,0.3240000054240227,0.0069930353201925755,100,0
gaze,hemisphere,loso,10,14,0.8399999737739563,0.5070000037550926,0.06108191766037473,0.3329999700188637,0.047619047619047616,0.5,0.4920000031590462,0.005643501877784729,100,0
gaze,hemisphere,loso,10,15,0.7699999809265137,0.49099999517202375,0.039736627664139886,0.2789999857544899,0.047619047619047616,0.5,0.4719999983906746,0.005221676081418991,100,0
gaze,hemisphere,within,10,0,0.7631250023841858,0.501249997317791,0.009972617751075954,0.26187500506639483,0.047619047619047616,0.5,0.49800001084804535,0.013982541859149933,1600,0
gaze,hemisphere,within,10,1,0.7206249833106995,0.5001874968409539,0.014733437488352437,0.2204374864697456,0.047619047619047616,0.5,0.4766249984502792,0.010275846347212791,1600,0
gaze,hemisphere,within,10,2,0.7350000143051147,0.5046875,0.012176274258743791,0.2303125143051148,0.047619047619047616,0.5,0.4941250041127205,0.009437259286642075,1600,0
gaze,hemisphere,within,10,3,0.7163522243499756,0.4976729556918144,0.01435988074396692,0.21867926865816117,0.047619047619047616,0.49685534834861755,0.4997484251856804,0.02015675976872444,1590,0
gaze,hemisphere,within,10,4,0.7024999856948853,0.5061250016093254,0.011435279114003287,0.19637498408555987,0.047619047619047616,0.5,0.4991250053048134,0.004778425209224224,1600,0
gaze,hemisphere,loso,15,0,0.5333333611488342,0.5000000059604645,0.04216370433458824,0.03333335518836977,0.38095238095238093,0.5,0.27333334237337115,0.0036701676435768604,60,0
gaze,hemisphere,loso,15,1,0.8421052694320679,0.4842105254530907,0.05390277990759204,0.3578947439789772,0.047619047619047616,0.5263158082962036,0.503508773446083,0.0027837108355015516,57,0
gaze,hemisphere,loso,15,2,0.7333333492279053,0.5016666710376739,0.05214829243018004,0.23166667819023135,0.047619047619047616,0.5,0.3583333410322666,0.004865070804953575,60,0
gaze,hemisphere,loso,15,3,0.8666666746139526,0.5200000077486038,0.06091889119554977,0.34666666686534886,0.047619047619047616,0.5,0.4550000041723251,0.0015177882742136717,60,0
gaze,hemisphere,loso,15,4,0.8166666626930237,0.5249999970197677,0.07949493667968312,0.29166666567325594,0.047619047619047616,0.5,0.4666666716337204,0.0032898918725550175,60,0
gaze,hemisphere,loso,15,5,0.6666666865348816,0.49833333790302276,0.05722761677019415,0.16833334863185884,0.047619047619047616,0.5,0.4600000068545341,-0.0014837858034297824,60,0
gaze,hemisphere,loso,15,6,0.8333333134651184,0.5166666731238365,0.05426273803593436,0.3166666403412819,0.047619047619047616,0.5,0.4683333396911621,0.01140682864934206,60,0
gaze,hemisphere,loso,15,7,0.3499999940395355,0.5033333256840706,0.0669991764516976,-0.1533333316445351,1.0,0.5,0.47500000298023226,0.19094687700271606,60,0
gaze,hemisphere,loso,15,8,0.75,0.5083333253860474,0.05565269690292247,0.24166667461395264,0.047619047619047616,0.5,0.45833334177732465,0.0043504186905920506,60,0
gaze,hemisphere,loso,15,9,0.699999988079071,0.4983333423733711,0.06706133542753802,0.20166664570569992,0.047619047619047616,0.5,0.43000000417232515,0.004742946941405535,60,0
gaze,hemisphere,loso,15,10,0.46666666865348816,0.4900000110268593,0.06591240572088479,-0.023333342373371146,0.7619047619047619,0.5,0.5150000125169754,0.0028890231624245644,60,0
gaze,hemisphere,loso,15,11,0.6166666746139526,0.4933333247900009,0.06506407535318068,0.12333334982395172,0.14285714285714285,0.5,0.4066666752099991,0.012595569714903831,60,0
gaze,hemisphere,loso,15,12,0.7333333492279053,0.5050000101327896,0.07013875565710413,0.22833333909511566,0.047619047619047616,0.5,0.48833334594964983,0.004218320362269878,60,0
gaze,hemisphere,loso,15,13,0.46666666865348816,0.49500000923871995,0.05299371550183682,-0.028333340585231792,0.7619047619047619,0.5,0.2766666762530804,0.00033828173764050007,60,0
gaze,hemisphere,loso,15,14,0.9333333373069763,0.5133333444595337,0.06359594984360818,0.4199999928474426,0.047619047619047616,0.5,0.48000000715255736,0.014569096267223358,60,0
gaze,hemisphere,loso,15,15,0.7666666507720947,0.5216666713356972,0.0797739886350342,0.2449999794363975,0.047619047619047616,0.5,0.4833333358168602,0.007319794036448002,60,0
gaze,hemisphere,within,15,0,0.7583333253860474,0.5021875038743019,0.014884899149015503,0.2561458215117455,0.047619047619047616,0.5,0.5003125056624412,0.009941804222762585,960,0
gaze,hemisphere,within,15,1,0.7552083134651184,0.5088541656732559,0.017076664490139875,0.2463541477918625,0.047619047619047616,0.5,0.4930208340287209,0.007880743592977524,960,0
gaze,hemisphere,within,15,2,0.7333333492279053,0.5062500029802323,0.013469356216523612,0.227083346247673,0.047619047619047616,0.5,0.4963541731238365,0.004560487810522318,960,0
gaze,hemisphere,within,15,3,0.7253668904304504,0.4967505246400833,0.016633007963458277,0.22861636579036715,0.047619047619047616,0.49685534834861755,0.487735852599144,0.01070930901914835,954,0
gaze,hemisphere,within,15,4,0.7177083492279053,0.5029166653752327,0.01751611447220153,0.21479168385267255,0.047619047619047616,0.5,0.4984375059604645,0.0050671836361289024,960,0
gaze,hemisphere,loso,20,0,0.75,0.49750000387430193,0.0843726912730102,0.25249999612569807,0.047619047619047616,0.5,0.5000000014901161,0.010601297952234745,40,0
gaze,hemisphere,loso,20,1,0.7894737124443054,0.5236842170357704,0.09035939593042183,0.265789495408535,0.047619047619047616,0.4736842215061188,0.4342105284333229,0.008768165484070778,38,0
gaze,hemisphere,loso,20,2,0.675000011920929,0.4824999928474426,0.05760858524568642,0.19250001907348635,0.047619047619047616,0.5,0.3500000014901161,0.006134561263024807,40,0
gaze,hemisphere,loso,20,3,0.824999988079071,0.5149999901652336,0.06633249499839247,0.3099999979138375,0.047619047619047616,0.5,0.4400000020861626,0.001004620105959475,40,0
gaze,hemisphere,loso,20,4,0.8500000238418579,0.49750000387430193,0.08870598031273687,0.352500019967556,0.047619047619047616,0.5,0.5050000041723252,0.012004492804408073,40,0
gaze,hemisphere,loso,20,5,0.699999988079071,0.5125000014901161,0.10709224783108605,0.18749998658895495,0.14285714285714285,0.5,0.43750000447034837,-0.0005037038936279714,40,0
gaze,hemisphere,loso,20,6,0.7749999761581421,0.49749999344348905,0.08287791578060032,0.27749998271465304,0.047619047619047616,0.5,0.4924999997019768,0.007216485217213631,40,0
gaze,hemisphere,loso,20,7,0.44999998807907104,0.4949999988079071,0.06500000288853361,-0.04500001072883608,0.9047619047619048,0.5,0.4900000005960464,0.12904319167137146,40,0
gaze,hemisphere,loso,20,8,0.6499999761581421,0.49500000327825544,0.06500000781737883,0.15499997287988665,0.047619047619047616,0.5,0.47000000178813933,0.00043579493649303913,40,0
gaze,hemisphere,loso,20,9,0.6499999761581421,0.4975000023841858,0.0798044536137164,0.1524999737739563,0.09523809523809523,0.5,0.43500000089406965,-0.0007641376578249037,40,0
gaze,hemisphere,loso,20,10,0.550000011920929,0.49750000089406965,0.06609652262028394,0.052500011026859306,0.38095238095238093,0.5,0.47249999940395354,0.0039281356148421764,40,0
gaze,hemisphere,loso,20,11,0.6000000238418579,0.47249999940395354,0.09148087474469585,0.12750002443790437,0.14285714285714285,0.5,0.4275000005960464,0.00155295105651021,40,0
gaze,hemisphere,loso,20,12,0.824999988079071,0.47999999970197677,0.0864580785544607,0.3449999883770943,0.047619047619047616,0.5,0.47249999940395354,0.011215625330805779,40,0
gaze,hemisphere,loso,20,13,0.44999998807907104,0.5100000068545342,0.06442050135940951,-0.060000018775463126,0.8571428571428571,0.5,0.32000000327825545,0.0019555899780243635,40,0
gaze,hemisphere,loso,20,14,0.800000011920929,0.4749999985098839,0.06614378108698248,0.32500001341104506,0.047619047619047616,0.5,0.4824999988079071,0.0054195597767829895,40,0
gaze,hemisphere,loso,20,15,0.7749999761581421,0.4874999925494194,0.08926785139228433,0.2874999836087227,0.047619047619047616,0.5,0.5275000035762787,-0.005821495782583952,40,0
gaze,hemisphere,within,20,0,0.768750011920929,0.49906250089406967,0.026147488673293855,0.2696875110268593,0.047619047619047616,0.5,0.4926562488079071,0.012481163255870342,640,0
gaze,hemisphere,within,20,1,0.760937511920929,0.49656250029802323,0.02609702580128575,0.2643750116229057,0.047619047619047616,0.5,0.48687500059604644,0.012794050388038158,640,0
gaze,hemisphere,within,20,2,0.723437488079071,0.5006249964237213,0.017062038646830275,0.22281249165534978,0.047619047619047616,0.5,0.49218750149011614,0.004139883443713188,640,0
gaze,hemisphere,within,20,3,0.75,0.5069182336330413,0.016966569288976486,0.24308176636695866,0.047619047619047616,0.49685534834861755,0.4883647784590721,0.010954039171338081,636,0
gaze,hemisphere,within,20,4,0.7109375,0.5054687544703483,0.014982906516845255,0.20546874552965166,0.047619047619047616,0.5,0.492500002682209,0.00456041656434536,640,0
gaze,hemisphere,loso,30,0,0.6499999761581421,0.4899999976158142,0.07348469763686491,0.1599999785423279,0.09523809523809523,0.5,0.5100000083446503,0.0021708840504288673,20,0
gaze,hemisphere,loso,30,1,0.8947368264198303,0.5157894790172577,0.11239030185579273,0.37894734740257263,0.047619047619047616,0.4736842215061188,0.4736842095851898,0.010072178207337856,19,0
gaze,hemisphere,loso,30,2,0.6499999761581421,0.4899999961256981,0.0663325012884092,0.15999998003244398,0.09523809523809523,0.5,0.2850000109523535,0.013961877673864365,20,0
gaze,hemisphere,loso,30,3,0.8999999761581421,0.4800000064074993,0.11661903886800709,0.4199999697506428,0.047619047619047616,0.5,0.515000008046627,0.006447270046919584,20,0
gaze,hemisphere,loso,30,4,0.800000011920929,0.5050000108778476,0.14309088326898495,0.29500000104308133,0.09523809523809523,0.5,0.46000000461935997,0.036632128059864044,20,0
gaze,hemisphere,loso,30,5,0.6499999761581421,0.5149999931454659,0.12757350540674267,0.13499998301267624,0.3333333333333333,0.5,0.5300000056624412,-0.00146635458804667,20,0
gaze,hemisphere,loso,30,6,0.800000011920929,0.5250000074505806,0.07664855276357185,0.27500000447034834,0.047619047619047616,0.5,0.4500000044703484,0.057266637682914734,20,0
gaze,hemisphere,loso,30,7,0.6499999761581421,0.49999999105930326,0.12845232277051183,0.14999998509883883,0.2857142857142857,0.5,0.47000000402331354,0.08834823966026306,20,0
gaze,hemisphere,loso,30,8,0.6499999761581421,0.5299999967217446,0.11661903835690177,0.11999997943639751,0.2857142857142857,0.5,0.48500000685453415,0.005114234052598476,20,0
gaze,hemisphere,loso,30,9,0.8500000238418579,0.47499999701976775,0.06982120726166774,0.37500002682209016,0.047619047619047616,0.5,0.4850000038743019,0.010921879671514034,20,0
gaze,hemisphere,loso,30,10,0.4000000059604645,0.5250000089406968,0.062249506846930536,-0.12500000298023228,1.0,0.5,0.19500000290572644,0.007212147116661072,20,0
gaze,hemisphere,loso,30,11,0.550000011920929,0.525,0.08291561975888617,0.025000011920928933,0.7142857142857143,0.5,0.25500000827014446,0.0022117262706160545,20,0
gaze,hemisphere,loso,30,12,0.6499999761581421,0.5049999937415123,0.0973396100010415,0.1449999824166298,0.23809523809523808,0.5,0.2650000091642141,0.0115448497235775,20,0
gaze,hemisphere,loso,30,13,0.44999998807907104,0.4949999988079071,0.049749383716505544,-0.04500001072883608,1.0,0.5,0.10000000149011612,0.0007113406318239868,20,0
gaze,hemisphere,loso,30,14,0.949999988079071,0.49999999552965163,0.13601470300580026,0.4499999925494194,0.047619047619047616,0.5,0.4950000062584877,0.031132884323596954,20,0
gaze,hemisphere,loso,30,15,0.800000011920929,0.48500000685453415,0.12757350832685513,0.3150000050663948,0.09523809523809523,0.5,0.470000009611249,0.010682784020900726,20,0
gaze,hemisphere,within,30,0,0.7437499761581421,0.5053125008940696,0.023324729051538977,0.23843747526407244,0.047619047619047616,0.5,0.495625002682209,0.012574129737913609,320,0
gaze,hemisphere,within,30,1,0.7593749761581421,0.5065624967217446,0.03321772998312271,0.2528124794363975,0.047619047619047616,0.5,0.4774999961256981,0.008940699510276318,320,0
gaze,hemisphere,within,30,2,0.778124988079071,0.5140625029802323,0.026873187687396143,0.2640624850988388,0.047619047619047616,0.5,0.4825000032782555,0.0036482096184045076,320,0
gaze,hemisphere,within,30,3,0.75157231092453,0.5025157183408737,0.026638762042188742,0.2490565925836563,0.047619047619047616,0.49685534834861755,0.4974842846393585,0.005859768483787775,318,0
gaze,hemisphere,within,30,4,0.715624988079071,0.5084374949336052,0.016330929708074097,0.2071874931454658,0.047619047619047616,0.5,0.4878125011920929,0.004947881679981947,320,0
gaze_imu,eccentricity,loso,5,0,0.5227272510528564,0.49454545378685,0.04125109624516768,0.028181797266006448,0.2857142857142857,0.5,0.4849999934434891,0.019283384084701538,220,0
gaze_imu,eccentricity,loso,5,1,0.4784688949584961,0.5095693781971932,0.028205332233389748,-0.031100483238697074,0.9523809523809523,0.4736842215061188,0.43779904395341873,0.017510898411273956,209,0
gaze_imu,eccentricity,loso,5,2,0.6409090757369995,0.5036363631486893,0.02633226788226333,0.1372727125883102,0.047619047619047616,0.5,0.35545454621315004,0.012823224999010563,220,0
gaze_imu,eccentricity,loso,5,3,0.5045454502105713,0.5090909123420715,0.0346767867290755,-0.0045454621315002,0.6666666666666666,0.5,0.47136363536119463,0.018497372046113014,220,0
gaze_imu,eccentricity,loso,5,4,0.7045454382896423,0.5049999997019767,0.035498227947400735,0.1995454385876656,0.047619047619047616,0.5,0.4645454540848732,0.01286149863153696,220,0
gaze_imu,eccentricity,loso,5,5,0.5181818008422852,0.503181816637516,0.0308656100680508,0.014999984204769112,0.42857142857142855,0.5,0.48909090608358385,0.04859514161944389,220,0
gaze_imu,eccentricity,loso,5,6,0.7227272987365723,0.4854545444250107,0.03160970391984237,0.23727275431156158,0.047619047619047616,0.5,0.4781818151473999,0.0385529063642025,220,0
gaze_imu,eccentricity,loso,5,7,0.5454545617103577,0.509090906381607,0.031753177805450825,0.03636365532875063,0.14285714285714285,0.5,0.4990909039974213,0.2425689995288849,220,0
gaze_imu,eccentricity,loso,5,8,0.4545454680919647,0.497272726893425,0.023372655331654727,-0.04272725880146028,1.0,0.5,0.3431818187236786,0.024186529219150543,220,0
gaze_imu,eccentricity,loso,5,9,0.7454545497894287,0.5059090837836265,0.026076012500248723,0.23954546600580218,0.047619047619047616,0.5,0.4818181753158569,0.015887511894106865,220,0
gaze_imu,eccentricity,loso,5,10,0.48636364936828613,0.5013636350631714,0.007753957200348561,-0.014999985694885254,1.0,0.5,0.027272727340459824,0.014968845061957836,220,0
gaze_imu,eccentricity,loso,5,11,0.44999998807907104,0.5059090971946716,0.03126467117315178,-0.05590910911560054,1.0,0.5,0.504090903699398,0.033462148159742355,220,0
gaze_imu,eccentricity,loso,5,12,0.6454545259475708,0.4877272695302963,0.03217654928955201,0.15772725641727448,0.047619047619047616,0.5,0.48590908795595167,0.032862089574337006,220,0
gaze_imu,eccentricity,loso,5,13,0.38181817531585693,0.4945454552769661,0.03154427264500366,-0.11272727996110915,1.0,0.5,0.4359090894460678,0.014829735271632671,220,0
gaze_imu,eccentricity,loso,5,14,0.5772727131843567,0.4895454555749893,0.026547169107841873,0.08772725760936739,0.047619047619047616,0.5,0.4872727245092392,0.025785623118281364,220,0
gaze_imu,eccentricity,loso,5,15,0.6409090757369995,0.4945454552769661,0.027559101659914077,0.14636362046003343,0.047619047619047616,0.5,0.4354545459151268,0.022673944011330605,220,0
gaze_imu,eccentricity,within,5,0,0.6497159004211426,0.4999999925494194,0.0072840372293779074,0.14971590787172318,0.047619047619047616,0.5,0.49241477996110916,0.021434983238577843,3520,0
gaze_imu,eccentricity,within,5,1,0.612500011920929,0.49897728115320206,0.008947018085229365,0.1135227307677269,0.047619047619047616,0.5,0.4907954603433609,0.027057278901338577,3520,0
gaze_imu,eccentricity,within,5,2,0.628125011920929,0.5036647662520408,0.005952297569984853,0.12446024566888814,0.047619047619047616,0.5,0.49556818753480913,0.022151300683617592,3520,0
gaze_imu,eccentricity,within,5,3,0.5937678813934326,0.5017724439501763,0.011383384176574153,0.09199543744325633,0.047619047619047616,0.5,0.49811321049928664,0.013218089006841183,3498,0
gaze_imu,eccentricity,within,5,4,0.5713068246841431,0.5039772659540176,0.008709135936633278,0.06732955873012547,0.047619047619047616,0.5,0.48465909212827685,0.03515975549817085,3520,0
gaze_imu,eccentricity,loso,10,0,0.5299999713897705,0.5259999975562095,0.043174063771695664,0.003999973833560988,0.6190476190476191,0.5,0.44699999690055847,0.00727777648717165,100,0
gaze_imu,eccentricity,loso,10,1,0.46315789222717285,0.5063157886266708,0.03489596866032708,-0.043157896399497964,0.8571428571428571,0.5263158082962036,0.2599999949336052,0.004427376203238964,95,0
gaze_imu,eccentricity,loso,10,2,0.47999998927116394,0.49199999272823336,0.05192301806495545,-0.01200000345706942,0.6666666666666666,0.5,0.4979999974370003,0.005658706650137901,100,0
gaze_imu,eccentricity,loso,10,3,0.5299999713897705,0.48299999684095385,0.052640288061173005,0.04699997454881666,0.23809523809523808,0.5,0.5060000017285347,0.005796235986053944,100,0
gaze_imu,eccentricity,loso,10,4,0.550000011920929,0.49799999594688416,0.0342928511568373,0.0520000159740448,0.14285714285714285,0.5,0.34900000542402265,0.0075426953844726086,100,0
gaze_imu,eccentricity,loso,10,5,0.4399999976158142,0.481999996304512,0.037894591781778786,-0.041999998688697804,0.9047619047619048,0.5,0.44000000059604644,0.005227789282798767,100,0
gaze_imu,eccentricity,loso,10,6,0.6000000238418579,0.5029999986290932,0.04910193703325961,0.09700002521276474,0.09523809523809523,0.5,0.43099999874830247,0.008489711210131645,100,0
gaze_imu,eccentricity,loso,10,7,0.6800000071525574,0.4959999963641167,0.041761224031753655,0.1840000107884407,0.047619047619047616,0.5,0.4939999982714653,0.1647605150938034,100,0
gaze_imu,eccentricity,loso,10,8,0.44999998807907104,0.49999999850988386,0.039749211534443024,-0.050000010430812813,0.9523809523809523,0.5,0.35100000351667404,0.006209277547895908,100,0
gaze_imu,eccentricity,loso,10,9,0.699999988079071,0.507999999821186,0.034292857587832015,0.191999988257885,0.047619047619047616,0.5,0.3620000034570694,0.012765810824930668,100,0
gaze_imu,eccentricity,loso,10,10,0.49000000953674316,0.4990000009536743,0.00994986488212656,-0.008999991416931141,1.0,0.5,0.018999999575316905,0.0030087835621088743,100,0
gaze_imu,eccentricity,loso,10,11,0.5,0.48099999874830246,0.05078385694766783,0.01900000125169754,0.47619047619047616,0.5,0.4100000008940697,0.03706840053200722,100,0
gaze_imu,eccentricity,loso,10,12,0.5699999928474426,0.5209999993443489,0.03659235218646058,0.0489999935030937,0.14285714285714285,0.5,0.4530000016093254,0.004858043976128101,100,0
gaze_imu,eccentricity,loso,10,13,0.4699999988079071,0.5039999976754188,0.034117445137411065,-0.033999998867511705,0.8571428571428571,0.5,0.19400000274181367,0.00796452071517706,100,0
gaze_imu,eccentricity,loso,10,14,0.6499999761581421,0.5029999926686287,0.02984962155367547,0.14699998348951338,0.047619047619047616,0.5,0.30099999979138375,0.01174106914550066,100,0
gaze_imu,eccentricity,loso,10,15,0.6600000262260437,0.5089999988675118,0.0431161238381411,0.1510000273585319,0.047619047619047616,0.5,0.4759999975562096,0.00560570927336812,100,0
gaze_imu,eccentricity,within,10,0,0.6362500190734863,0.49887500405311586,0.010620580662934337,0.13737501502037047,0.047619047619047616,0.5,0.4526874989271164,0.013651929795742035,1600,0
gaze_imu,eccentricity,within,10,1,0.5931249856948853,0.4989999935030937,0.010919448956248492,0.09412499219179155,0.047619047619047616,0.5,0.5023750036954879,0.025686925277113914,1600,0
gaze_imu,eccentricity,within,10,2,0.6006249785423279,0.500999991595745,0.010024185972603555,0.09962498694658284,0.047619047619047616,0.5,0.5008125022053719,0.0336555652320385,1600,0
gaze_imu,eccentricity,within,10,3,0.595597505569458,0.49591194838285446,0.01192565976569827,0.09968555718660355,0.047619047619047616,0.5,0.4990566045045853,0.011846673674881458,1590,0
gaze_imu,eccentricity,within,10,4,0.6012499928474426,0.497187502682209,0.013548957747377464,0.10406249016523361,0.047619047619047616,0.5,0.4783124983310699,0.0032043270766735077,1600,0
gaze_imu,eccentricity,loso,15,0,0.6499999761581421,0.5116666600108146,0.048619844637194626,0.13833331614732747,0.09523809523809523,0.5,0.4866666719317436,0.001038458663970232,60,0
gaze_imu,eccentricity,loso,15,1,0.4385964870452881,0.47894738167524337,0.048713841361551206,-0.04035089462995528,0.8571428571428571,0.4736842215061188,0.17543859779834747,-0.0015769649762660265,57,0
gaze_imu,eccentricity,loso,15,2,0.46666666865348816,0.49833333641290667,0.06869821168808765,-0.03166666775941851,0.7619047619047619,0.5,0.4600000068545341,0.000873411598149687,60,0
gaze_imu,eccentricity,loso,15,3,0.44999998807907104,0.5066666558384896,0.05972157590785059,-0.05666666775941853,0.8571428571428571,0.5,0.5083333402872086,0.006339821964502335,60,0
gaze_imu,eccentricity,loso,15,4,0.5833333134651184,0.4966666579246521,0.05099019833104043,0.08666665554046632,0.09523809523809523,0.5,0.46166667342185974,0.005247808061540127,60,0
gaze_imu,eccentricity,loso,15,5,0.5166666507720947,0.4849999889731407,0.0756270093777883,0.031666661798954,0.47619047619047616,0.5,0.5100000113248825,0.0022467144299298525,60,0
gaze_imu,eccentricity,loso,15,6,0.699999988079071,0.4900000035762787,0.08034647248216102,0.20999998450279234,0.047619047619047616,0.5,0.418333338201046,0.01645493134856224,60,0
gaze_imu,eccentricity,loso,15,7,0.550000011920929,0.5116666540503502,0.05988414740797469,0.03833335787057879,0.38095238095238093,0.5,0.4733333379030228,0.12176787108182907,60,0
gaze_imu,eccentricity,loso,15,8,0.4333333373069763,0.5066666781902314,0.06289321517086088,-0.07333334088325505,0.9047619047619048,0.5,0.3900000065565109,0.0077250744216144085,60,0
gaze_imu,eccentricity,loso,15,9,0.6833333373069763,0.4966666609048843,0.09092121550884717,0.186666676402092,0.09523809523809523,0.5,0.5000000059604645,0.005976833403110504,60,0
gaze_imu,eccentricity,loso,15,10,0.5,0.5,0.0,0.0,1.0,0.5,0.0,0.015217234380543232,60,0
gaze_imu,eccentricity,loso,15,11,0.5,0.49666667729616165,0.05467073711039707,0.0033333227038383484,0.5714285714285714,0.5,0.3683333404362202,0.005063926335424185,60,0
gaze_imu,eccentricity,loso,15,12,0.6499999761581421,0.4866666555404663,0.07295356169469856,0.1633333206176758,0.09523809523809523,0.5,0.48000000417232513,0.0030287359841167927,60,0
gaze_imu,eccentricity,loso,15,13,0.46666666865348816,0.5166666761040688,0.05725188321875924,-0.05000000745058064,0.9047619047619048,0.5,0.44833333790302277,0.013915297575294971,60,0
gaze_imu,eccentricity,loso,15,14,0.7666666507720947,0.5033333390951157,0.06658328437763666,0.26333331167697904,0.047619047619047616,0.5,0.473333340883255,0.017522186040878296,60,0
gaze_imu,eccentricity,loso,15,15,0.699999988079071,0.4983333393931389,0.05913731834667198,0.20166664868593215,0.047619047619047616,0.5,0.4783333405852318,0.006133686285465956,60,0
gaze_imu,eccentricity,within,15,0,0.6177083253860474,0.5028124988079071,0.019390398094975173,0.11489582657814024,0.047619047619047616,0.5,0.48687500357627866,0.022842880338430405,960,0
gaze_imu,eccentricity,within,15,1,0.5864583253860474,0.496875,0.017714462458428473,0.08958332538604735,0.047619047619047616,0.5,0.4863541707396507,0.008847687393426895,960,0
gaze_imu,eccentricity,within,15,2,0.574999988079071,0.5027083367109298,0.016044376462313974,0.0722916513681412,0.047619047619047616,0.5,0.4897916704416275,0.012517527677118778,960,0
gaze_imu,eccentricity,within,15,3,0.5859538912773132,0.49979035556316376,0.01629161370650762,0.08616353571414948,0.047619047619047616,0.5,0.5015723317861557,0.005798825528472662,954,0
gaze_imu,eccentricity,within,15,4,0.5864583253860474,0.4987499937415123,0.01680799098073205,0.08770833164453506,0.047619047619047616,0.5,0.4967708349227905,0.004723363555967808,960,0
gaze_imu,eccentricity,loso,20,0,0.4749999940395355,0.4849999949336052,0.06633248938230572,-0.01000000089406966,0.7142857142857143,0.5,0.432499997317791,0.008140994235873222,40,0
gaze_imu,eccentricity,loso,20,1,0.6315789222717285,0.4789473682641983,0.09100850473028943,0.1526315540075302,0.14285714285714285,0.4736842215061188,0.4315789505839348,0.00035526606370694935,38,0
gaze_imu,eccentricity,loso,20,2,0.574999988079071,0.4949999928474426,0.05567763495699987,0.07999999523162843,0.19047619047619047,0.5,0.49250000417232515,0.015235927887260914,40,0
gaze_imu,eccentricity,loso,20,3,0.5249999761581421,0.49749998897314074,0.0914808747039736,0.02749998718500135,0.5238095238095238,0.5,0.4824999988079071,0.0005330306012183428,40,0
gaze_imu,eccentricity,loso,20,4,0.6000000238418579,0.4775000050663948,0.06977643266758032,0.12250001877546313,0.09523809523809523,0.5,0.4825000032782555,0.0009197357576340437,40,0
gaze_imu,eccentricity,loso,20,5,0.5249999761581421,0.4874999925494194,0.09984362747740134,0.0374999836087227,0.5238095238095238,0.5,0.4749999985098839,-0.0005192903336137533,40,0
gaze_imu,eccentricity,loso,20,6,0.699999988079071,0.5225000023841858,0.04322904268116878,0.17749998569488523,0.047619047619047616,0.5,0.39999999701976774,0.01278805360198021,40,0
gaze_imu,eccentricity,loso,20,7,0.4749999940395355,0.4899999961256981,0.07599341368918973,-0.01500000208616259,0.6190476190476191,0.5,0.47500000298023226,0.14875678718090057,40,0
gaze_imu,eccentricity,loso,20,8,0.5249999761581421,0.49749998599290846,0.024874677031784587,0.027499990165233634,0.47619047619047616,0.5,0.05000000074505806,0.008059728890657425,40,0
gaze_imu,eccentricity,loso,20,9,0.574999988079071,0.5174999892711639,0.05760858550434911,0.05749999880790713,0.3333333333333333,0.5,0.47249999940395354,0.02179686166346073,40,0
gaze_imu,eccentricity,loso,20,10,0.5,0.5,0.0,0.0,1.0,0.5,0.0,0.010595588013529778,40,0
gaze_imu,eccentricity,loso,20,11,0.550000011920929,0.5125000044703484,0.044370605173888515,0.037500007450580575,0.5238095238095238,0.5,0.25000000447034837,-0.0001152869954239577,40,0
gaze_imu,eccentricity,loso,20,12,0.5249999761581421,0.5124999955296516,0.09601432049038247,0.012499980628490448,0.6190476190476191,0.5,0.4324999988079071,-0.003903763135895133,40,0
gaze_imu,eccentricity,loso,20,13,0.2750000059604645,0.4949999928474426,0.07648529106737188,-0.21999998688697814,1.0,0.5,0.41500000059604647,0.00019816374697256833,40,0
gaze_imu,eccentricity,loso,20,14,0.625,0.5099999889731407,0.05024937273815555,0.1150000110268593,0.09523809523809523,0.5,0.34250000268220904,0.035341937094926834,40,0
gaze_imu,eccentricity,loso,20,15,0.6000000238418579,0.4924999997019768,0.03960745475749326,0.10750002413988113,0.047619047619047616,0.5,0.25500000491738317,0.01217903196811676,40,0
gaze_imu,eccentricity,within,20,0,0.621874988079071,0.4939062461256981,0.017215170393991654,0.12796874195337293,0.047619047619047616,0.5,0.5004687502980232,0.013507549650967121,640,0
gaze_imu,eccentricity,within,20,1,0.637499988079071,0.5001562491059304,0.018500288170007796,0.13734373897314067,0.047619047619047616,0.5,0.4823437511920929,0.009114943444728851,640,0
gaze_imu,eccentricity,within,20,2,0.5703125,0.5040624991059304,0.019354832943855305,0.06625000089406963,0.047619047619047616,0.5,0.43484375029802325,0.009258524514734745,640,0
gaze_imu,eccentricity,within,20,3,0.599056601524353,0.4982704371213913,0.020988649726153552,0.10078616440296173,0.047619047619047616,0.5,0.4941823899745941,0.007131560705602169,636,0
gaze_imu,eccentricity,within,20,4,0.589062511920929,0.48968749940395356,0.017721809144995344,0.09937501251697539,0.047619047619047616,0.5,0.5042187482118606,0.004619247280061245,640,0
gaze_imu,eccentricity,loso,30,0,0.5,0.47000000476837156,0.07141428545391361,0.02999999523162844,0.6666666666666666,0.5,0.3350000072270632,0.011472882702946663,20,0
gaze_imu,eccentricity,loso,30,1,0.4736842215061188,0.48947368562221527,0.09575476674762524,-0.015789464116096497,0.7142857142857143,0.5263158082962036,0.5052631616592407,0.007995398715138435,19,0
gaze_imu,eccentricity,loso,30,2,0.6000000238418579,0.4850000128149986,0.10618380948962515,0.1150000110268593,0.42857142857142855,0.5,0.5200000092387199,0.021613748744130135,20,0
gaze_imu,eccentricity,loso,30,3,0.44999998807907104,0.5149999991059303,0.07262919808350123,-0.06500001102685926,0.9523809523809523,0.5,0.25500000789761545,0.01944120228290558,20,0
gaze_imu,eccentricity,loso,30,4,0.6000000238418579,0.46500000953674314,0.1013656785444728,0.13500001430511477,0.2857142857142857,0.5,0.5100000113248825,0.0034733170177787542,20,0
gaze_imu,eccentricity,loso,30,5,0.5,0.5000000104308129,0.10954451449365785,-1.043081288010228e-08,0.6666666666666666,0.5,0.4600000098347664,-0.018119001761078835,20,0
gaze_imu,eccentricity,loso,30,6,0.550000011920929,0.49999999105930326,0.09219544231016857,0.050000020861625694,0.42857142857142855,0.5,0.3950000062584877,0.14004938304424286,20,0
gaze_imu,eccentricity,loso,30,7,0.44999998807907104,0.48499999940395355,0.1107926002950648,-0.03500001132488251,0.8095238095238095,0.5,0.49000000655651094,0.10538674145936966,20,0
gaze_imu,eccentricity,loso,30,8,0.30000001192092896,0.5500000044703484,0.09746794146061548,-0.2499999925494194,1.0,0.5,0.4550000071525574,0.00022997103224042803,20,0
gaze_imu,eccentricity,loso,30,9,0.5,0.5000000074505806,0.1095445117730905,-7.450580596923828e-09,0.6190476190476191,0.5,0.5050000071525573,0.018176546320319176,20,0
gaze_imu,eccentricity,loso,30,10,0.5,0.5,0.0,0.0,1.0,0.5,0.0,0.011150505393743515,20,0
gaze_imu,eccentricity,loso,30,11,0.5,0.4850000075995922,0.1351850581971506,0.01499999240040778,0.6666666666666666,0.5,0.5250000059604645,-0.0006388865294866264,20,0
gaze_imu,eccentricity,loso,30,12,0.44999998807907104,0.519999997317791,0.09539391867335346,-0.07000000923871996,0.8571428571428571,0.5,0.2700000092387199,0.009471672587096691,20,0
gaze_imu,eccentricity,loso,30,13,0.3499999940395355,0.49999999403953554,0.0866025403784448,-0.15000000000000002,1.0,0.5,0.490000007301569,0.005387968849390745,20,0
gaze_imu,eccentricity,loso,30,14,0.6499999761581421,0.4499999925494194,0.09999999850988435,0.19999998360872268,0.14285714285714285,0.5,0.3950000047683716,0.098453089594841,20,0
gaze_imu,eccentricity,loso,30,15,0.44999998807907104,0.5049999952316284,0.1359227741201638,-0.05500000715255737,0.9047619047619048,0.5,0.5200000062584877,0.0013466383097693324,20,0
gaze_imu,eccentricity,within,30,0,0.6343749761581421,0.5009375050663948,0.023072159471193506,0.1334374710917473,0.047619047619047616,0.5,0.4825000032782555,0.015611774288117886,320,0
gaze_imu,eccentricity,within,30,1,0.5718749761581421,0.5003124982118606,0.024324871175475916,0.07156247794628146,0.047619047619047616,0.5,0.4987499937415123,0.010537470690906048,320,0
gaze_imu,eccentricity,within,30,2,0.596875011920929,0.4937500014901161,0.03560306543577281,0.10312501043081285,0.047619047619047616,0.5,0.48750000149011613,0.012626944109797478,320,0
gaze_imu,eccentricity,within,30,3,0.6320754885673523,0.4902515709400177,0.03064867980721973,0.1418239176273346,0.047619047619047616,0.5,0.4871069237589836,0.006479817442595959,318,0
gaze_imu,eccentricity,within,30,4,0.581250011920929,0.5009374976158142,0.029466280174821776,0.08031251430511477,0.047619047619047616,0.5,0.470625002682209,0.008857707493007183,320,0
gaze_imu,hemisphere,loso,5,0,0.5590909123420715,0.49909091293811797,0.03141301054525307,0.05999999940395356,0.047619047619047616,0.5,0.38045455068349837,0.024786319583654404,220,0
gaze_imu,hemisphere,loso,5,1,0.8755980730056763,0.4909090906381607,0.029276657195257974,0.3846889823675156,0.047619047619047616,0.4736842215061188,0.4856459364295006,0.01779029704630375,209,0
gaze_imu,hemisphere,loso,5,2,0.7318181991577148,0.4940909072756767,0.019128742932078738,0.23772729188203812,0.047619047619047616,0.5,0.4468181848526001,0.007406305987387896,220,0
gaze_imu,hemisphere,loso,5,3,0.8181818127632141,0.4909090891480446,0.02170424600056281,0.3272727236151695,0.047619047619047616,0.5,0.44500000178813937,0.011785254813730717,220,0
gaze_imu,hemisphere,loso,5,4,0.8409090638160706,0.5036363676190376,0.03225672206462752,0.33727269619703293,0.047619047619047616,0.5,0.4640909120440483,0.012493249028921127,220,0
gaze_imu,hemisphere,loso,5,5,0.6954545378684998,0.49272727519273757,0.0349852416023889,0.2027272626757622,0.047619047619047616,0.5,0.49136363714933395,0.026990661397576332,220,0
gaze_imu,hemisphere,loso,5,6,0.699999988079071,0.492272724211216,0.035241196370825824,0.20772726386785506,0.047619047619047616,0.5,0.46863636523485186,0.022329803556203842,220,0
gaze_imu,hemisphere,loso,5,7,0.6772727370262146,0.4931818202137947,0.03519426877550227,0.1840909168124199,0.047619047619047616,0.5,0.5031818196177482,0.16189506649971008,220,0
gaze_imu,hemisphere,loso,5,8,0.6499999761581421,0.4890909120440483,0.034509550979266834,0.16090906411409378,0.047619047619047616,0.5,0.48909091055393217,0.018147161230444908,220,0
gaze_imu,hemisphere,loso,5,9,0.7772727012634277,0.5036363631486893,0.02569690229334349,0.2736363381147384,0.047619047619047616,0.5,0.466818180680275,0.03904198110103607,220,0
gaze_imu,hemisphere,loso,5,10,0.5318182110786438,0.49681818187236787,0.03178894767632929,0.03500002920627593,0.19047619047619047,0.5,0.48454544842243197,0.013419907540082932,220,0
gaze_imu,hemisphere,loso,5,11,0.6545454263687134,0.4849999934434891,0.02670236361959567,0.16954543292522428,0.047619047619047616,0.5,0.46681818217039106,0.02206953801214695,220,0
gaze_imu,hemisphere,loso,5,12,0.7636363506317139,0.5027272716164589,0.029471937217314285,0.26090907901525495,0.047619047619047616,0.5,0.46181818246841433,0.0077701047994196415,220,0
gaze_imu,hemisphere,loso,5,13,0.4727272689342499,0.49045454114675524,0.020220884146754232,-0.017727272212505363,0.9047619047619048,0.5,0.20636363625526427,0.03124774806201458,220,0
gaze_imu,hemisphere,loso,5,14,0.9272727370262146,0.4877272740006447,0.03152789384503879,0.4395454630255699,0.047619047619047616,0.5,0.5059090912342071,0.010842250660061836,220,0
gaze_imu,hemisphere,loso,5,15,0.6772727370262146,0.5004545524716377,0.033212939936705606,0.17681818455457687,0.047619047619047616,0.5,0.47590909004211424,0.007512145675718784,220,0
gaze_imu,hemisphere,within,5,0,0.7573863863945007,0.5003409177064896,0.008191286004189996,0.25704546868801115,0.047619047619047616,0.5,0.4855113625526428,0.0179377943277359,3520,0
gaze_imu,hemisphere,within,5,1,0.7590909004211426,0.49835228025913236,0.009520902286633891,0.2607386201620102,0.047619047619047616,0.5,0.49934659600257875,0.022701149806380272,3520,0
gaze_imu,hemisphere,within,5,2,0.7403408885002136,0.49963068813085554,0.007916459247064734,0.24071020036935808,0.047619047619047616,0.5,0.4979261413216591,0.0235679280012846,3520,0
gaze_imu,hemisphere,within,5,3,0.6989708542823792,0.5026300698518753,0.007468798929112129,0.19634078443050385,0.047619047619047616,0.5031446814537048,0.49196683913469313,0.013842991553246975,3498,0
gaze_imu,hemisphere,within,5,4,0.7045454382896423,0.5001704588532447,0.006013338381001905,0.2043749794363976,0.047619047619047616,0.5,0.5009091019630432,0.01619783602654934,3520,0
gaze_imu,hemisphere,loso,10,0,0.5699999928474426,0.506999994814396,0.03861346331617844,0.06299999803304668,0.19047619047619047,0.5,0.3370000034570694,0.006953573320060968,100,0
gaze_imu,hemisphere,loso,10,1,0.9052631855010986,0.5073684170842171,0.038762005780943284,0.39789476841688154,0.047619047619047616,0.5263158082962036,0.481052628159523,0.013601016253232956,95,0
gaze_imu,hemisphere,loso,10,2,0.7099999785423279,0.49299999624490737,0.04063249653387535,0.2169999822974205,0.047619047619047616,0.5,0.3600000038743019,0.012612850405275822,100,0
gaze_imu,hemisphere,loso,10,3,0.8299999833106995,0.49099999368190766,0.04311611951807416,0.3389999896287918,0.047619047619047616,0.5,0.43600000292062757,0.010138632729649544,100,0
gaze_imu,hemisphere,loso,10,4,0.8700000047683716,0.494999997317791,0.04376071159159446,0.3750000074505806,0.047619047619047616,0.5,0.4869999930262566,0.0025259344838559628,100,0
gaze_imu,hemisphere,loso,10,5,0.6600000262260437,0.5049999982118607,0.054359913859778036,0.155000028014183,0.047619047619047616,0.5,0.4409999966621399,0.010902873240411282,100,0
gaze_imu,hemisphere,loso,10,6,0.800000011920929,0.4919999986886978,0.05381450113259829,0.30800001323223114,0.047619047619047616,0.5,0.5089999973773957,0.016157349571585655,100,0
gaze_imu,hemisphere,loso,10,7,0.4000000059604645,0.5019999966025352,0.03627671428457701,-0.10199999064207077,1.0,0.5,0.4729999914765358,0.14443883299827576,100,0
gaze_imu,hemisphere,loso,10,8,0.5899999737739563,0.4989999905228615,0.05038848122819994,0.09099998325109482,0.09523809523809523,0.5,0.4850000023841858,0.03444056585431099,100,0
gaze_imu,hemisphere,loso,10,9,0.7900000214576721,0.5019999951124191,0.04749736772572148,0.288000026345253,0.047619047619047616,0.5,0.49999999552965163,0.01972510665655136,100,0
gaze_imu,hemisphere,loso,10,10,0.46000000834465027,0.5159999921917915,0.05986651485901167,-0.05599998384714122,0.9047619047619048,0.5,0.46100000143051145,0.005129554774612188,100,0
gaze_imu,hemisphere,loso,10,11,0.5799999833106995,0.49299999326467514,0.029171898793323495,0.08699999004602432,0.047619047619047616,0.5,0.3130000025033951,0.05912068113684654,100,0
gaze_imu,hemisphere,loso,10,12,0.7599999904632568,0.4939999967813492,0.045210614129587615,0.26599999368190763,0.047619047619047616,0.5,0.44099999964237213,0.0010556539054960012,100,0
gaze_imu,hemisphere,loso,10,13,0.4399999976158142,0.4979999974370003,0.024413115660353875,-0.05799999982118609,1.0,0.5,0.2030000016093254,0.0042622284963727,100,0
gaze_imu,hemisphere,loso,10,14,0.9300000071525574,0.5049999907612801,0.05435990714382725,0.42500001639127727,0.047619047619047616,0.5,0.4889999970793724,0.006318319123238325,100,0
gaze_imu,hemisphere,loso,10,15,0.800000011920929,0.4940000042319298,0.042941827139558846,0.30600000768899915,0.047619047619047616,0.5,0.497999994456768,0.001147266710177064,100,0
gaze_imu,hemisphere,within,10,0,0.753125011920929,0.5075624972581864,0.013308099427386729,0.2455625146627426,0.047619047619047616,0.5,0.48743750154972076,0.013858774676918983,1600,0
gaze_imu,hemisphere,within,10,1,0.7574999928474426,0.5010000050067902,0.013261779169280664,0.2564999878406524,0.047619047619047616,0.5,0.48312500268220904,0.036348097026348114,1600,0
gaze_imu,hemisphere,within,10,2,0.7475000023841858,0.503625002503395,0.011510183856595529,0.24387499988079075,0.047619047619047616,0.5,0.49556250423192977,0.008846985176205635,1600,0
gaze_imu,hemisphere,within,10,3,0.6748427748680115,0.4983647793531418,0.013264915923277333,0.1764779955148697,0.047619047619047616,0.49685534834861755,0.49786163717508314,0.01217679027467966,1590,0
gaze_imu,hemisphere,within,10,4,0.7174999713897705,0.502187505364418,0.014295297241188774,0.21531246602535248,0.047619047619047616,0.5,0.5016875013709068,0.0066845309920609,1600,0
gaze_imu,hemisphere,loso,15,0,0.550000011920929,0.5033333227038383,0.05416025848874339,0.04666668921709061,0.2857142857142857,0.5,0.2683333419263363,-0.0012770744506269693,60,0
gaze_imu,hemisphere,loso,15,1,0.9122806787490845,0.48947368562221527,0.059208903561553144,0.4228069931268692,0.047619047619047616,0.4736842215061188,0.5000000044703483,0.0015174380969256163,57,0
gaze_imu,hemisphere,loso,15,2,0.800000011920929,0.5050000086426735,0.06260547005824797,0.2950000032782555,0.047619047619047616,0.5,0.4216666713356972,0.0021684204693883657,60,0
gaze_imu,hemisphere,loso,15,3,0.800000011920929,0.5183333411812783,0.05320296874905004,0.2816666707396507,0.047619047619047616,0.5,0.41000000685453414,0.0018520010635256767,60,0
gaze_imu,hemisphere,loso,15,4,0.8333333134651184,0.5283333450555802,0.07765665434577183,0.30499996840953825,0.047619047619047616,0.5,0.48500000685453415,0.002665203996002674,60,0
gaze_imu,hemisphere,loso,15,5,0.7166666388511658,0.4983333259820938,0.04997222121444805,0.21833331286907198,0.047619047619047616,0.5,0.4633333429694176,-0.004984647501260042,60,0
gaze_imu,hemisphere,loso,15,6,0.7666666507720947,0.5133333459496499,0.07023769273230945,0.25333330482244487,0.047619047619047616,0.5,0.4850000023841858,0.007003155071288347,60,0
gaze_imu,hemisphere,loso,15,7,0.550000011920929,0.4983333215117455,0.07186020165058524,0.05166669040918348,0.2857142857142857,0.5,0.4616666749119759,0.1776799112558365,60,0
gaze_imu,hemisphere,loso,15,8,0.6333333253860474,0.4966666743159294,0.051532086936653905,0.13666665107011794,0.047619047619047616,0.5,0.4950000047683716,0.005635898560285568,60,0
gaze_imu,hemisphere,loso,15,9,0.800000011920929,0.5233333438634873,0.07681146350551428,0.27666666805744167,0.047619047619047616,0.5,0.4850000023841858,0.00783051922917366,60,0
gaze_imu,hemisphere,loso,15,10,0.550000011920929,0.5016666635870933,0.05624846365973531,0.048333348333835624,0.47619047619047616,0.5,0.41000000536441805,0.0065073370933532715,60,0
gaze_imu,hemisphere,loso,15,11,0.550000011920929,0.4733333230018616,0.05783117241354014,0.07666668891906736,0.19047619047619047,0.5,0.32333334237337114,0.012002418749034405,60,0
gaze_imu,hemisphere,loso,15,12,0.75,0.5049999937415123,0.08046738736995872,0.24500000625848772,0.047619047619047616,0.5,0.4766666695475578,0.006758507806807756,60,0
gaze_imu,hemisphere,loso,15,13,0.5166666507720947,0.49999999403953554,0.04013865734079194,0.016666656732559182,0.47619047619047616,0.5,0.160000004991889,0.005927433725446463,60,0
gaze_imu,hemisphere,loso,15,14,0.8833333253860474,0.49499999433755876,0.06348666204199753,0.3883333310484886,0.047619047619047616,0.5,0.468333338201046,0.0018968184012919664,60,0
gaze_imu,hemisphere,loso,15,15,0.8333333134651184,0.5150000125169754,0.0763580810676285,0.31833330094814305,0.047619047619047616,0.5,0.490000008046627,-0.0014892276376485825,60,0
gaze_imu,hemisphere,within,15,0,0.7489583492279053,0.5017708256840706,0.01657886984153781,0.24718752354383466,0.047619047619047616,0.5,0.4960416674613953,0.005921527277678251,960,0
gaze_imu,hemisphere,within,15,1,0.7447916865348816,0.5028125002980233,0.014542730649591946,0.24197918623685832,0.047619047619047616,0.5,0.4980208337306976,0.012958448380231857,960,0
gaze_imu,hemisphere,within,15,2,0.746874988079071,0.5032291635870934,0.01787877348213276,0.2436458244919777,0.047619047619047616,0.5,0.49958333671092986,0.009990610182285309,960,0
gaze_imu,hemisphere,within,15,3,0.705450713634491,0.4987421348690987,0.014485140241681328,0.20670857876539228,0.047619047619047616,0.5031446814537048,0.4738993689417839,0.006297513842582703,954,0
gaze_imu,hemisphere,within,15,4,0.7437499761581421,0.504166665673256,0.019432038895152052,0.23958331048488613,0.047619047619047616,0.5,0.49677083641290665,0.00456651346758008,960,0
gaze_imu,hemisphere,loso,20,0,0.6499999761581421,0.5300000041723252,0.07314369655484437,0.11999997198581691,0.14285714285714285,0.5,0.42749999910593034,-0.0013676007511094213,40,0
gaze_imu,hemisphere,loso,20,1,0.8947368264198303,0.5236842170357704,0.08723991823468011,0.37105260938405993,0.047619047619047616,0.4736842215061188,0.4631579011678696,0.006835305131971836,38,0
gaze_imu,hemisphere,loso,20,2,0.7749999761581421,0.5024999931454659,0.06977642583379537,0.2724999830126762,0.047619047619047616,0.5,0.4,0.005097968969494104,40,0
gaze_imu,hemisphere,loso,20,3,0.7749999761581421,0.49999999850988386,0.07984359235430794,0.27499997764825823,0.047619047619047616,0.5,0.38500000089406966,-0.002014507306739688,40,0
gaze_imu,hemisphere,loso,20,4,0.7250000238418579,0.47999998927116394,0.08930285125919071,0.24500003457069397,0.047619047619047616,0.5,0.4825000032782555,0.0012488316278904676,40,0
gaze_imu,hemisphere,loso,20,5,0.675000011920929,0.509999991953373,0.08077747005938184,0.16500001996755598,0.047619047619047616,0.5,0.3849999994039536,0.0004902399377897382,40,0
gaze_imu,hemisphere,loso,20,6,0.824999988079071,0.49999999403953554,0.07331438661507346,0.3249999940395355,0.047619047619047616,0.5,0.5,0.014769784174859524,40,0
gaze_imu,hemisphere,loso,20,7,0.42500001192092896,0.4874999910593033,0.07562240775449793,-0.06249997913837435,0.9047619047619048,0.5,0.44249999821186065,0.11832284182310104,40,0
gaze_imu,hemisphere,loso,20,8,0.625,0.4999999925494194,0.07331438712319854,0.1250000074505806,0.14285714285714285,0.5,0.4699999988079071,0.00273991865105927,40,0
gaze_imu,hemisphere,loso,20,9,0.7749999761581421,0.5099999949336051,0.07921489531263662,0.26499998122453694,0.047619047619047616,0.5,0.47500000447034835,0.03283269703388214,40,0
gaze_imu,hemisphere,loso,20,10,0.4749999940395355,0.512499988079071,0.0686931535478541,-0.03749999403953552,0.8095238095238095,0.5,0.5000000029802323,0.012471621856093407,40,0
gaze_imu,hemisphere,loso,20,11,0.699999988079071,0.492500002682209,0.0965336723181176,0.20749998539686204,0.047619047619047616,0.5,0.5225000023841858,0.01345376018434763,40,0
gaze_imu,hemisphere,loso,20,12,0.875,0.5124999940395355,0.0756224151437561,0.3625000059604645,0.047619047619047616,0.5,0.47750000059604647,-0.00039545694016851485,40,0
gaze_imu,hemisphere,loso,20,13,0.5249999761581421,0.5049999907612801,0.05338538193740483,0.019999985396861986,0.5714285714285714,0.5,0.27500000447034834,-0.00010254688822897151,40,0
gaze_imu,hemisphere,loso,20,14,0.925000011920929,0.48749999701976776,0.07048935339480517,0.4375000149011612,0.047619047619047616,0.5,0.5025000020861625,0.01063340250402689,40,0
gaze_imu,hemisphere,loso,20,15,0.800000011920929,0.4950000047683716,0.0722841698435724,0.3050000071525574,0.047619047619047616,0.5,0.5025000050663948,0.0009028141503222287,40,0
gaze_imu,hemisphere,within,20,0,0.7515624761581421,0.49781250208616257,0.026268597029631545,0.2537499740719795,0.047619047619047616,0.5,0.4940624997019768,0.004679263569414616,640,0
gaze_imu,hemisphere,within,20,1,0.7734375,0.496875,0.020811184309924603,0.2765625,0.047619047619047616,0.5,0.48812499940395354,0.011281037703156471,640,0
gaze_imu,hemisphere,within,20,2,0.7593749761581421,0.5009375005960465,0.021197084123300174,0.2584374755620956,0.047619047619047616,0.5,0.5025000035762787,0.0063947634771466255,640,0
gaze_imu,hemisphere,within,20,3,0.7154088020324707,0.506289304792881,0.020147888455716856,0.20911949723958967,0.047619047619047616,0.49685534834861755,0.4944968581199646,0.004051733762025833,636,0
gaze_imu,hemisphere,within,20,4,0.7562500238418579,0.502812497317791,0.017757587507591738,0.2534375265240669,0.047619047619047616,0.5,0.4931249976158142,0.003661940572783351,640,0
gaze_imu,hemisphere,loso,30,0,0.6000000238418579,0.485000005364418,0.06538348811864106,0.1150000184774399,0.19047619047619047,0.5,0.3350000075995922,0.0038778355810791254,20,0
gaze_imu,hemisphere,loso,30,1,0.8421052694320679,0.5052631586790085,0.10837505000219325,0.33684211075305937,0.047619047619047616,0.4736842215061188,0.463157893717289,0.009395627304911613,19,0
gaze_imu,hemisphere,loso,30,2,0.75,0.4699999958276749,0.08124038800824555,0.2800000041723251,0.047619047619047616,0.5,0.4900000050663948,0.009999074041843414,20,0
gaze_imu,hemisphere,loso,30,3,0.8999999761581421,0.49000000953674316,0.09433981612230703,0.4099999666213989,0.047619047619047616,0.5,0.5250000059604645,0.005692833568900824,20,0
gaze_imu,hemisphere,loso,30,4,0.8500000238418579,0.48499999940395355,0.142390312572896,0.36500002443790436,0.09523809523809523,0.5,0.49000000581145287,0.016391253098845482,20,0
gaze_imu,hemisphere,loso,30,5,0.6499999761581421,0.5149999931454659,0.11947802695113592,0.13499998301267624,0.3333333333333333,0.5,0.5400000065565109,0.0007944407989270985,20,0
gaze_imu,hemisphere,loso,30,6,0.699999988079071,0.5400000095367432,0.09695359874674232,0.15999997854232784,0.14285714285714285,0.5,0.4400000050663948,0.032272398471832275,20,0
gaze_imu,hemisphere,loso,30,7,0.44999998807907104,0.5049999967217446,0.1283549777024779,-0.055000008642673515,0.8095238095238095,0.5,0.47500001080334187,0.06270046532154083,20,0
gaze_imu,hemisphere,loso,30,8,0.75,0.5150000005960464,0.11947803162809227,0.23499999940395355,0.09523809523809523,0.5,0.48000000715255736,0.00680404482409358,20,0
gaze_imu,hemisphere,loso,30,9,0.800000011920929,0.4750000089406967,0.1177921907794246,0.32500000298023224,0.047619047619047616,0.5,0.46000000536441804,-0.009900118224322796,20,0
gaze_imu,hemisphere,loso,30,10,0.6499999761581421,0.5149999916553497,0.1013656711942725,0.13499998450279238,0.2857142857142857,0.5,0.3800000064074993,0.014417954720556736,20,0
gaze_imu,hemisphere,loso,30,11,0.6000000238418579,0.4800000056624413,0.06782330369807224,0.12000001817941663,0.19047619047619047,0.5,0.4200000062584877,0.0038275066763162613,20,0
gaze_imu,hemisphere,loso,30,12,0.8999999761581421,0.5150000065565109,0.11947802963259076,0.3849999696016312,0.047619047619047616,0.5,0.4600000061094761,0.01228407770395279,20,0
gaze_imu,hemisphere,loso,30,13,0.5,0.4950000047683716,0.05894913506168639,0.004999995231628418,0.8095238095238095,0.5,0.19500000290572644,0.03963633254170418,20,0
gaze_imu,hemisphere,loso,30,14,0.8999999761581421,0.500000013411045,0.1303840529040942,0.39999996274709704,0.047619047619047616,0.5,0.4750000089406967,0.020349111407995224,20,0
gaze_imu,hemisphere,loso,30,15,0.800000011920929,0.48500000685453415,0.12757350832685513,0.3150000050663948,0.09523809523809523,0.5,0.470000009611249,0.0018991319229826331,20,0
gaze_imu,hemisphere,within,30,0,0.7593749761581421,0.5062500029802323,0.027350444042437198,0.25312497317790983,0.047619047619047616,0.5,0.48281250298023226,0.008540327660739422,320,0
gaze_imu,hemisphere,within,30,1,0.762499988079071,0.5046875,0.039373759664574716,0.2578124880790711,0.047619047619047616,0.5,0.49687499850988387,0.006956336088478565,320,0
gaze_imu,hemisphere,within,30,2,0.778124988079071,0.5053125023841858,0.019088102173445698,0.27281248569488525,0.047619047619047616,0.5,0.48468749672174455,0.004490588791668415,320,0
gaze_imu,hemisphere,within,30,3,0.7201257944107056,0.4905660361051559,0.023658163858169164,0.22955975830554964,0.047619047619047616,0.49685534834861755,0.48742138743400576,0.003960646688938141,318,0
gaze_imu,hemisphere,within,30,4,0.7437499761581421,0.5159375071525574,0.02974336540248576,0.22781246900558472,0.047619047619047616,0.5,0.4721875011920929,0.0031263907440006733,320,0
gaze_imu_video,eccentricity,loso,5,0,0.5181818008422852,0.48727273046970365,0.03560573836475435,0.030909070372581504,0.23809523809523808,0.5,0.4831818163394928,0.026633532717823982,220,0
gaze_imu_video,eccentricity,loso,5,1,0.7081339955329895,0.5081339672207832,0.026189344571889095,0.2000000283122063,0.047619047619047616,0.4736842215061188,0.4133971333503723,0.01858937181532383,209,0
gaze_imu_video,eccentricity,loso,5,2,0.6590909361839294,0.4945454582571983,0.04184781546185233,0.16454547792673113,0.047619047619047616,0.5,0.49499999582767484,0.011971179395914078,220,0
gaze_imu_video,eccentricity,loso,5,3,0.6409090757369995,0.5059090927243233,0.02392740564569937,0.13499998301267624,0.047619047619047616,0.5,0.37590909749269485,0.010548919439315796,220,0
gaze_imu_video,eccentricity,loso,5,4,0.6909090876579285,0.5045454531908036,0.031162071858635284,0.1863636344671249,0.047619047619047616,0.5,0.49318181574344633,0.022272959351539612,220,0
gaze_imu_video,eccentricity,loso,5,5,0.5590909123420715,0.48636363744735717,0.030559520683695662,0.07272727489471437,0.047619047619047616,0.5,0.4831818133592606,0.018810706213116646,220,0
gaze_imu_video,eccentricity,loso,5,6,0.7681818008422852,0.5004545450210571,0.020424220363901496,0.267727255821228,0.047619047619047616,0.5,0.42863636314868925,0.014154929667711258,220,0
gaze_imu_video,eccentricity,loso,5,7,0.6363636255264282,0.5054545417428017,0.022526388911938377,0.13090908378362653,0.047619047619047616,0.5,0.347272726893425,0.31436505913734436,220,0
gaze_imu_video,eccentricity,loso,5,8,0.4272727370262146,0.4972727283835411,0.024410404958105477,-0.06999999135732649,1.0,0.5,0.2736363627016544,0.011818263679742813,220,0
gaze_imu_video,eccentricity,loso,5,9,0.8681818246841431,0.49590909034013747,0.022356055665325676,0.3722727343440056,0.047619047619047616,0.5,0.5018181785941124,0.013792263343930244,220,0
gaze_imu_video,eccentricity,loso,5,10,0.5045454502105713,0.49272727519273757,0.02620642666541234,0.01181817501783372,0.47619047619047616,0.5,0.3727272734045982,0.03922728821635246,220,0
gaze_imu_video,eccentricity,loso,5,11,0.4681818187236786,0.5040909096598625,0.03395123059345772,-0.035909090936183885,0.7619047619047619,0.5,0.4249999985098839,0.05763464421033859,220,0
gaze_imu_video,eccentricity,loso,5,12,0.7636363506317139,0.5013636365532875,0.030051610427568636,0.26227271407842634,0.047619047619047616,0.5,0.4899999961256981,0.08382390439510345,220,0
gaze_imu_video,eccentricity,loso,5,13,0.4272727370262146,0.5063636302947998,0.04274661050812584,-0.0790908932685852,0.9047619047619048,0.5,0.4595454543828964,0.019432296976447105,220,0
gaze_imu_video,eccentricity,loso,5,14,0.7909091114997864,0.4881818205118179,0.02933139220292813,0.30272729098796847,0.047619047619047616,0.5,0.49999999850988386,0.011360922828316689,220,0
gaze_imu_video,eccentricity,loso,5,15,0.668181836605072,0.5109090939164161,0.027438890580986586,0.15727274268865588,0.047619047619047616,0.5,0.4881818175315857,0.01414109580218792,220,0
gaze_imu_video,eccentricity,within,5,0,0.6897727251052856,0.5004545509815216,0.01222396789842984,0.18931817412376406,0.047619047619047616,0.5,0.4561079561710358,0.03673969581723213,3520,0
gaze_imu_video,eccentricity,within,5,1,0.6588068008422852,0.5018465876579284,0.009351516419540008,0.1569602131843567,0.047619047619047616,0.5,0.500198869407177,0.017318883910775185,3520,0
gaze_imu_video,eccentricity,within,5,2,0.6622158885002136,0.5017613559961319,0.0052334442525334,0.1604545325040817,0.047619047619047616,0.5,0.4868465930223465,0.05236022546887398,3520,0
gaze_imu_video,eccentricity,within,5,3,0.6326472163200378,0.5000571712851525,0.009884753955474293,0.13259004503488536,0.047619047619047616,0.5,0.4961406528949738,0.02741500735282898,3498,0
gaze_imu_video,eccentricity,within,5,4,0.6187499761581421,0.4997159123420715,0.008285523210612475,0.11903406381607057,0.047619047619047616,0.5,0.49610795825719833,0.014165638945996761,3520,0
gaze_imu_video,eccentricity,loso,10,0,0.550000011920929,0.510999995470047,0.05384236030755801,0.039000016450881914,0.3333333333333333,0.5,0.4560000017285347,0.005600038915872574,100,0
gaze_imu_video,eccentricity,loso,10,1,0.7894737124443054,0.5126315832138062,0.05211323717389358,0.2768421292304992,0.047619047619047616,0.4736842215061188,0.43473684340715407,0.011653948575258255,95,0
gaze_imu_video,eccentricity,loso,10,2,0.6899999976158142,0.49399998784065247,0.04586937396400643,0.19600000977516174,0.047619047619047616,0.5,0.49099999517202375,0.003839395008981228,100,0
gaze_imu_video,eccentricity,loso,10,3,0.6800000071525574,0.5039999976754188,0.05003999096428399,0.17600000947713856,0.047619047619047616,0.5,0.3650000035762787,0.01086854562163353,100,0
gaze_imu_video,eccentricity,loso,10,4,0.7300000190734863,0.5159999996423721,0.04103657276989675,0.21400001943111424,0.047619047619047616,0.5,0.4719999939203262,0.006354320794343948,100,0
gaze_imu_video,eccentricity,loso,10,5,0.550000011920929,0.5069999992847443,0.0342198782469226,0.04300001263618469,0.2857142857142857,0.5,0.4129999980330467,0.009359737858176231,100,0
gaze_imu_video,eccentricity,loso,10,6,0.6600000262260437,0.4849999979138374,0.03278719112172422,0.1750000283122063,0.047619047619047616,0.5,0.37999999672174456,0.01312638446688652,100,0
gaze_imu_video,eccentricity,loso,10,7,0.5699999928474426,0.5189999938011169,0.059824742984500176,0.050999999046325684,0.38095238095238093,0.5,0.4850000008940697,0.1809304803609848,100,0
gaze_imu_video,eccentricity,loso,10,8,0.44999998807907104,0.497999994456768,0.033704599665683205,-0.04800000637769697,1.0,0.5,0.1730000041425228,0.011776904575526714,100,0
gaze_imu_video,eccentricity,loso,10,9,0.8600000143051147,0.5099999949336051,0.04711687561600047,0.3500000193715096,0.047619047619047616,0.5,0.4889999985694885,0.02615741826593876,100,0
gaze_imu_video,eccentricity,loso,10,10,0.6000000238418579,0.5049999967217446,0.030248967387571157,0.09500002712011335,0.047619047619047616,0.5,0.17700000256299972,0.024673109874129295,100,0
gaze_imu_video,eccentricity,loso,10,11,0.5199999809265137,0.5150000005960464,0.04893874139051895,0.004999980330467224,0.6666666666666666,0.5,0.4919999971985817,0.02529894933104515,100,0
gaze_imu_video,eccentricity,loso,10,12,0.7300000190734863,0.5089999958872795,0.04624932219421181,0.22100002318620682,0.047619047619047616,0.5,0.4979999989271164,0.005735242273658514,100,0
gaze_imu_video,eccentricity,loso,10,13,0.5,0.5149999931454659,0.03398529119024159,-0.01499999314546585,0.8571428571428571,0.5,0.3380000039935112,0.002616840647533536,100,0
gaze_imu_video,eccentricity,loso,10,14,0.7799999713897705,0.4929999977350235,0.03912799349963194,0.286999973654747,0.047619047619047616,0.5,0.5029999986290932,0.009052885696291924,100,0
gaze_imu_video,eccentricity,loso,10,15,0.7300000190734863,0.494999997317791,0.054726594482457445,0.23500002175569534,0.047619047619047616,0.5,0.4909999966621399,0.00832384079694748,100,0
gaze_imu_video,eccentricity,within,10,0,0.6781250238418579,0.49599999338388445,0.007906678317277621,0.18212503045797346,0.047619047619047616,0.5,0.4806874990463257,0.03130272775888443,1600,0
gaze_imu_video,eccentricity,within,10,1,0.6643750071525574,0.502750001847744,0.01324115610129753,0.16162500530481339,0.047619047619047616,0.5,0.4976250037550926,0.01879044622182846,1600,0
gaze_imu_video,eccentricity,within,10,2,0.6812499761581421,0.4970000073313713,0.014226956826562952,0.1842499688267708,0.047619047619047616,0.5,0.4858749985694885,0.016106536611914635,1600,0
gaze_imu_video,eccentricity,within,10,3,0.6333333253860474,0.4934591203927994,0.012003187766842265,0.13987420499324799,0.047619047619047616,0.5,0.49993710666894914,0.028357552364468575,1590,0
gaze_imu_video,eccentricity,within,10,4,0.6056249737739563,0.5014374926686287,0.013004053783359974,0.1041874811053276,0.047619047619047616,0.5,0.4599375009536743,0.005984224379062653,1600,0
gaze_imu_video,eccentricity,loso,15,0,0.5833333134651184,0.48999999165534974,0.05120764419075493,0.09333332180976867,0.09523809523809523,0.5,0.43333333879709246,0.004479848779737949,60,0
gaze_imu_video,eccentricity,loso,15,1,0.7719298005104065,0.5122807055711747,0.04759530067886517,0.25964909493923183,0.047619047619047616,0.4736842215061188,0.3666666612029076,0.0027697021141648293,57,0
gaze_imu_video,eccentricity,loso,15,2,0.7333333492279053,0.48666667342185976,0.06616478073401602,0.2466666758060455,0.047619047619047616,0.5,0.47333333641290665,-0.00024786265566945076,60,0
gaze_imu_video,eccentricity,loso,15,3,0.6333333253860474,0.5050000101327896,0.05299371648599254,0.12833331525325775,0.047619047619047616,0.5,0.2650000087916851,0.006426801439374685,60,0
gaze_imu_video,eccentricity,loso,15,4,0.6166666746139526,0.4999999895691872,0.06708204310126183,0.11666668504476546,0.14285714285714285,0.5,0.373333340883255,0.002454011933878064,60,0
gaze_imu_video,eccentricity,loso,15,5,0.6000000238418579,0.47333334386348724,0.06548961633619112,0.12666667997837067,0.14285714285714285,0.5,0.4866666704416275,0.001153107499703765,60,0
gaze_imu_video,eccentricity,loso,15,6,0.6833333373069763,0.48999999165534974,0.0654896136057743,0.19333334565162658,0.09523809523809523,0.5,0.3133333422243595,0.017105430364608765,60,0
gaze_imu_video,eccentricity,loso,15,7,0.5666666626930237,0.5133333384990693,0.07630348593124768,0.05333332419395442,0.47619047619047616,0.5,0.35166667476296426,0.2701350152492523,60,0
gaze_imu_video,eccentricity,loso,15,8,0.4333333373069763,0.4916666716337204,0.02327374002226739,-0.05833333432674409,1.0,0.5,0.1216666717082262,0.011215188540518284,60,0
gaze_imu_video,eccentricity,loso,15,9,0.800000011920929,0.5033333450555801,0.0752034333747155,0.2966666668653488,0.047619047619047616,0.5,0.4833333417773247,0.009672311134636402,60,0
gaze_imu_video,eccentricity,loso,15,10,0.5666666626930237,0.5200000077486038,0.047609526696260895,0.046666654944419905,0.3333333333333333,0.5,0.22833333984017373,0.028805788606405258,60,0
gaze_imu_video,eccentricity,loso,15,11,0.44999998807907104,0.49999998658895495,0.05725187974844154,-0.0499999985098839,0.9523809523809523,0.5,0.40833333879709244,0.03632713109254837,60,0
gaze_imu_video,eccentricity,loso,15,12,0.6000000238418579,0.5100000068545342,0.06155395181135159,0.09000001698732374,0.14285714285714285,0.5,0.5083333432674408,-0.00011675128916976973,60,0
gaze_imu_video,eccentricity,loso,15,13,0.44999998807907104,0.49666665941476823,0.05099019988963146,-0.046666671335697185,0.9047619047619048,0.5,0.25500000864267347,0.008735583163797855,60,0
gaze_imu_video,eccentricity,loso,15,14,0.699999988079071,0.5000000059604645,0.05577733890180194,0.1999999821186066,0.047619047619047616,0.5,0.44000000655651095,0.0145331472158432,60,0
gaze_imu_video,eccentricity,loso,15,15,0.6000000238418579,0.4750000074505806,0.05464532414147217,0.12500001639127734,0.047619047619047616,0.5,0.4833333373069763,0.0016417443985119462,60,0
gaze_imu_video,eccentricity,within,15,0,0.703125,0.5027083262801171,0.01565413793244641,0.20041667371988292,0.047619047619047616,0.5,0.44500000327825545,0.014208297245204449,960,0
gaze_imu_video,eccentricity,within,15,1,0.6614583134651184,0.5006249979138374,0.015654142572953243,0.160833315551281,0.047619047619047616,0.5,0.5003125011920929,0.009699298068881035,960,0
gaze_imu_video,eccentricity,within,15,2,0.6729166507720947,0.5019791662693024,0.020203766302655128,0.17093748450279234,0.047619047619047616,0.5,0.47447916567325593,0.008703325875103474,960,0
gaze_imu_video,eccentricity,within,15,3,0.6394129991531372,0.49895178228616716,0.011933122900168756,0.14046121686697005,0.047619047619047616,0.5,0.4947589099407196,0.009362014010548592,954,0
gaze_imu_video,eccentricity,within,15,4,0.621874988079071,0.5008333295583725,0.015179766877981157,0.12104165852069859,0.047619047619047616,0.5,0.4812500044703484,0.009019563905894756,960,0
gaze_imu_video,eccentricity,loso,20,0,0.5,0.49750000089406965,0.09549214723360487,0.0024999991059303506,0.6190476190476191,0.5,0.46749999970197675,0.01444286946207285,40,0
gaze_imu_video,eccentricity,loso,20,1,0.6842105388641357,0.5078947424888611,0.07115002868948926,0.1763157963752746,0.047619047619047616,0.4736842215061188,0.3157894715666771,0.0052157058380544186,38,0
gaze_imu_video,eccentricity,loso,20,2,0.7749999761581421,0.5149999916553497,0.08154753003183583,0.2599999845027924,0.047619047619047616,0.5,0.4675000041723251,0.01220918819308281,40,0
gaze_imu_video,eccentricity,loso,20,3,0.550000011920929,0.4950000047683716,0.09069178879216881,0.05500000715255737,0.47619047619047616,0.5,0.45750000327825546,0.01599864475429058,40,0
gaze_imu_video,eccentricity,loso,20,4,0.675000011920929,0.4849999979138374,0.08455766793885923,0.19000001400709154,0.09523809523809523,0.5,0.4850000008940697,0.01040576584637165,40,0
gaze_imu_video,eccentricity,loso,20,5,0.5,0.517500002682209,0.0794905678867629,-0.01750000268220897,0.6666666666666666,0.5,0.44249999821186065,0.009560034610331059,40,0
gaze_imu_video,eccentricity,loso,20,6,0.699999988079071,0.49500000178813935,0.06304761160570438,0.2049999862909317,0.047619047619047616,0.5,0.3449999995529652,0.009886117652058601,40,0
gaze_imu_video,eccentricity,loso,20,7,0.675000011920929,0.5049999922513961,0.07810249019589732,0.17000001966953282,0.047619047619047616,0.5,0.46749999970197675,0.15728740394115448,40,0
gaze_imu_video,eccentricity,loso,20,8,0.44999998807907104,0.5075000017881394,0.03269174987087375,-0.05750001370906832,1.0,0.5,0.10000000149011612,0.002737390110269189,40,0
gaze_imu_video,eccentricity,loso,20,9,0.75,0.5125000014901161,0.08042854151713079,0.2374999985098839,0.047619047619047616,0.5,0.47250000536441805,0.0017571449279785156,40,0
gaze_imu_video,eccentricity,loso,20,10,0.5,0.5150000065565109,0.06344289742608145,-0.015000006556510903,0.7619047619047619,0.5,0.2525000050663948,0.017528269439935684,40,0
gaze_imu_video,eccentricity,loso,20,11,0.4749999940395355,0.4799999937415123,0.05454354912620638,-0.004999999701976787,0.6666666666666666,0.5,0.4875000029802322,0.017500432208180428,40,0
gaze_imu_video,eccentricity,loso,20,12,0.699999988079071,0.5150000005960464,0.07921489916890412,0.1849999874830246,0.09523809523809523,0.5,0.4300000011920929,0.010255211964249611,40,0
gaze_imu_video,eccentricity,loso,20,13,0.4000000059604645,0.49750000089406965,0.04322904811023341,-0.09749999493360517,1.0,0.5,0.1825000040233135,0.01423319336026907,40,0
gaze_imu_video,eccentricity,loso,20,14,0.625,0.5024999931454659,0.07660776385543347,0.1225000068545341,0.14285714285714285,0.5,0.4599999949336052,0.0074324533343315125,40,0
gaze_imu_video,eccentricity,loso,20,15,0.7749999761581421,0.5049999877810478,0.06595452450458435,0.26999998837709427,0.047619047619047616,0.5,0.3924999967217445,0.006627285853028297,40,0
gaze_imu_video,eccentricity,within,20,0,0.690625011920929,0.4978125050663948,0.021403397571079428,0.19281250685453416,0.047619047619047616,0.5,0.3909375011920929,0.013462811708450317,640,0
gaze_imu_video,eccentricity,within,20,1,0.6812499761581421,0.49703125059604647,0.01628227072283299,0.18421872556209562,0.047619047619047616,0.5,0.494218747317791,0.012600751593708992,640,0
gaze_imu_video,eccentricity,within,20,2,0.6640625,0.49968750327825545,0.024395025223864057,0.16437499672174455,0.047619047619047616,0.5,0.4928125008940697,0.007298454642295837,640,0
gaze_imu_video,eccentricity,within,20,3,0.6399371027946472,0.49905660152435305,0.020611288926022847,0.14088050127029417,0.047619047619047616,0.5,0.4827044069766998,0.011598587036132812,636,0
gaze_imu_video,eccentricity,within,20,4,0.6265624761581421,0.491093747317791,0.017932033086724582,0.1354687288403511,0.047619047619047616,0.5,0.5040624976158142,0.004751737229526043,640,0
gaze_imu_video,eccentricity,loso,30,0,0.6499999761581421,0.5149999961256981,0.07921489813429618,0.13499998003244396,0.19047619047619047,0.5,0.36500000655651094,0.010734638199210167,20,0
gaze_imu_video,eccentricity,loso,30,1,0.6315789222717285,0.5210526376962662,0.07041624525663845,0.11052628457546232,0.23809523809523808,0.5263158082962036,0.20000000149011612,0.005434783641248941,19,0
gaze_imu_video,eccentricity,loso,30,2,0.6499999761581421,0.4849999979138374,0.1152171860757657,0.16499997824430468,0.19047619047619047,0.5,0.49500000923871995,0.010442317463457584,20,0
gaze_imu_video,eccentricity,loso,30,3,0.6000000238418579,0.5200000047683716,0.12489995634110342,0.0800000190734863,0.42857142857142855,0.5,0.5050000093877316,0.040326077491045,20,0
gaze_imu_video,eccentricity,loso,30,4,0.6000000238418579,0.490000008046627,0.08306624354443704,0.11000001579523089,0.2857142857142857,0.5,0.45000000298023224,0.016594164073467255,20,0
gaze_imu_video,eccentricity,loso,30,5,0.44999998807907104,0.49499999433755876,0.0920597630519331,-0.04500000625848771,0.8571428571428571,0.5,0.44000000655651095,-0.004952199757099152,20,0
gaze_imu_video,eccentricity,loso,30,6,0.6499999761581421,0.4799999952316284,0.07141428879244191,0.1699999809265137,0.09523809523809523,0.5,0.2750000096857548,0.024441348388791084,20,0
gaze_imu_video,eccentricity,loso,30,7,0.550000011920929,0.48499999940395355,0.1061838047884482,0.0650000125169754,0.5714285714285714,0.5,0.4750000074505806,0.08775078505277634,20,0
gaze_imu_video,eccentricity,loso,30,8,0.4000000059604645,0.5600000053644181,0.09165151233830175,-0.1599999994039536,1.0,0.5,0.34500000774860384,-0.0033267673570662737,20,0
gaze_imu_video,eccentricity,loso,30,9,0.699999988079071,0.4900000050663948,0.11789826089690225,0.20999998301267625,0.14285714285714285,0.5,0.5400000095367432,0.024231715127825737,20,0
gaze_imu_video,eccentricity,loso,30,10,0.5,0.5250000089406968,0.10897247427222968,-0.02500000894069676,0.8095238095238095,0.5,0.3200000088661909,0.011574102565646172,20,0
gaze_imu_video,eccentricity,loso,30,11,0.550000011920929,0.5249999955296516,0.09420721911886913,0.025000016391277358,0.5714285714285714,0.5,0.4550000064074993,0.0005714717553928494,20,0
gaze_imu_video,eccentricity,loso,30,12,0.699999988079071,0.5000000059604645,0.1048808842487077,0.1999999821186066,0.14285714285714285,0.5,0.5050000086426735,0.010660492815077305,20,0
gaze_imu_video,eccentricity,loso,30,13,0.3499999940395355,0.49999999105930326,0.09746794069620193,-0.14999999701976774,0.9523809523809523,0.5,0.3700000062584877,0.003791447728872299,20,0
gaze_imu_video,eccentricity,loso,30,14,0.800000011920929,0.46000000834465027,0.0969535999762918,0.3400000035762787,0.047619047619047616,0.5,0.5250000074505806,0.008514218963682652,20,0
gaze_imu_video,eccentricity,loso,30,15,0.800000011920929,0.44500000923871996,0.10234745037873073,0.355000002682209,0.047619047619047616,0.5,0.5300000101327896,0.002347770379856229,20,0
gaze_imu_video,eccentricity,within,30,0,0.71875,0.4978125005960464,0.02470726760178573,0.22093749940395357,0.047619047619047616,0.5,0.4656250014901161,0.005575335118919611,320,0
gaze_imu_video,eccentricity,within,30,1,0.668749988079071,0.4968750014901161,0.023259747026865188,0.17187498658895495,0.047619047619047616,0.5,0.4725000008940697,0.011896336451172829,320,0
gaze_imu_video,eccentricity,within,30,2,0.684374988079071,0.5031250014901161,0.03217384129592912,0.18124998658895497,0.047619047619047616,0.5,0.49874999970197675,0.006614520214498043,320,0
gaze_imu_video,eccentricity,within,30,3,0.6477987170219421,0.49559748619794847,0.036216804469268456,0.15220123082399367,0.047619047619047616,0.5,0.5012578696012497,0.015585373155772686,318,0
gaze_imu_video,eccentricity,within,30,4,0.6187499761581421,0.497500005364418,0.02549510203917462,0.12124997079372407,0.047619047619047616,0.5,0.47562499791383744,0.003406266449019313,320,0
gaze_imu_video,hemisphere,loso,5,0,0.5363636612892151,0.4968181774020195,0.028930670050446524,0.03954548388719559,0.19047619047619047,0.5,0.3863636374473572,0.028665635734796524,220,0
gaze_imu_video,hemisphere,loso,5,1,0.8468899726867676,0.49186603277921676,0.020943599244694466,0.3550239399075508,0.047619047619047616,0.4736842215061188,0.49521531015634535,0.014001112431287766,209,0
gaze_imu_video,hemisphere,loso,5,2,0.7818182110786438,0.5022727221250534,0.031211747776970063,0.27954548895359044,0.047619047619047616,0.5,0.4395454540848732,0.014647305011749268,220,0
gaze_imu_video,hemisphere,loso,5,3,0.7954545617103577,0.4972727298736572,0.02237915673188722,0.29818183183670044,0.047619047619047616,0.5,0.4213636353611946,0.02823886089026928,220,0
gaze_imu_video,hemisphere,loso,5,4,0.7818182110786438,0.49500000178813935,0.03698056503108841,0.28681820929050444,0.047619047619047616,0.5,0.4418181836605072,0.04210640862584114,220,0
gaze_imu_video,hemisphere,loso,5,5,0.6818181872367859,0.4931818187236786,0.030542614536455112,0.18863636851310728,0.047619047619047616,0.5,0.4577272742986679,0.010099537670612335,220,0
gaze_imu_video,hemisphere,loso,5,6,0.8045454621315002,0.5054545477032661,0.02315952742606683,0.2990909144282341,0.047619047619047616,0.5,0.4749999985098839,0.02583332173526287,220,0
gaze_imu_video,hemisphere,loso,5,7,0.459090918302536,0.5018181785941124,0.02247128511415515,-0.04272726029157636,1.0,0.5,0.3609090939164162,0.2735177278518677,220,0
gaze_imu_video,hemisphere,loso,5,8,0.6318181753158569,0.497727270424366,0.026948831583857982,0.13409090489149095,0.047619047619047616,0.5,0.47590909600257875,0.007208889350295067,220,0
gaze_imu_video,hemisphere,loso,5,9,0.8090909123420715,0.5009090855717659,0.028444521615427956,0.3081818267703056,0.047619047619047616,0.5,0.5022727206349373,0.015594346448779106,220,0
gaze_imu_video,hemisphere,loso,5,10,0.6000000238418579,0.48318182229995726,0.0381682903574285,0.11681820154190065,0.047619047619047616,0.5,0.5159090846776963,0.00888132955878973,220,0
gaze_imu_video,hemisphere,loso,5,11,0.6272727251052856,0.48999999463558197,0.034605204308125546,0.13727273046970367,0.047619047619047616,0.5,0.4222727298736572,0.08257691562175751,220,0
gaze_imu_video,hemisphere,loso,5,12,0.6909090876579285,0.5045454531908036,0.027797968850963053,0.1863636344671249,0.047619047619047616,0.5,0.3563636362552643,0.06654612720012665,220,0
gaze_imu_video,hemisphere,loso,5,13,0.5227272510528564,0.49681818187236787,0.02137330671181667,0.025909069180488575,0.19047619047619047,0.5,0.23227272778749466,0.006429564673453569,220,0
gaze_imu_video,hemisphere,loso,5,14,0.8818181753158569,0.49045454412698747,0.031158747728423787,0.39136363118886947,0.047619047619047616,0.5,0.4959090918302536,0.028897425159811974,220,0
gaze_imu_video,hemisphere,loso,5,15,0.7272727489471436,0.49045454561710355,0.03514726667220615,0.23681820333004,0.047619047619047616,0.5,0.4804545432329178,0.002052298979833722,220,0
gaze_imu_video,hemisphere,within,5,0,0.7747159004211426,0.4980113565921783,0.007948454484870868,0.27670454382896426,0.047619047619047616,0.5,0.49346591532230377,0.025968868285417557,3520,0
gaze_imu_video,hemisphere,within,5,1,0.7488636374473572,0.49852273166179656,0.007406876355307466,0.2503409057855606,0.047619047619047616,0.5,0.4973011419177055,0.015653636306524277,3520,0
gaze_imu_video,hemisphere,within,5,2,0.7275568246841431,0.5006249889731407,0.007680756508728025,0.2269318357110024,0.047619047619047616,0.5,0.4993181869387627,0.014482988975942135,3520,0
gaze_imu_video,hemisphere,within,5,3,0.6726701259613037,0.5014293849468231,0.006495147951418337,0.1712407410144806,0.047619047619047616,0.49685534834861755,0.49997141361236574,0.013803134672343731,3498,0
gaze_imu_video,hemisphere,within,5,4,0.7036932110786438,0.49943180978298185,0.005492587205157631,0.20426140129566195,0.047619047619047616,0.5,0.4898295536637306,0.015120160765945911,3520,0
gaze_imu_video,hemisphere,loso,10,0,0.4699999988079071,0.49099999517202375,0.029308695639814676,-0.020999996364116646,0.9523809523809523,0.5,0.2780000030994415,0.013700098730623722,100,0
gaze_imu_video,hemisphere,loso,10,1,0.8842105269432068,0.48842105716466905,0.03801152127001176,0.39578946977853774,0.047619047619047616,0.5263158082962036,0.4894736811518669,0.010262172669172287,95,0
gaze_imu_video,hemisphere,loso,10,2,0.800000011920929,0.4959999993443489,0.05238320545842962,0.30400001257658005,0.047619047619047616,0.5,0.44099999517202376,-0.0006915375706739724,100,0
gaze_imu_video,hemisphere,loso,10,3,0.8700000047683716,0.4929999947547913,0.04659398893606036,0.3770000100135803,0.047619047619047616,0.5,0.4759999975562096,0.0042520249262452126,100,0
gaze_imu_video,hemisphere,loso,10,4,0.75,0.4919999986886978,0.049759420839977295,0.2580000013113022,0.047619047619047616,0.5,0.48199999928474424,0.0065950630232691765,100,0
gaze_imu_video,hemisphere,loso,10,5,0.7200000286102295,0.5070000022649765,0.045287970963572906,0.21300002634525295,0.047619047619047616,0.5,0.4940000042319298,0.0014685174683108926,100,0
gaze_imu_video,hemisphere,loso,10,6,0.7400000095367432,0.49599999785423277,0.058514954656575274,0.2440000116825104,0.047619047619047616,0.5,0.46799999922513963,0.012097718194127083,100,0
gaze_imu_video,hemisphere,loso,10,7,0.6100000143051147,0.5089999958872795,0.0491833273233821,0.10100001841783524,0.09523809523809523,0.5,0.5139999955892562,0.22367750108242035,100,0
gaze_imu_video,hemisphere,loso,10,8,0.6899999976158142,0.5199999943375587,0.05779272930151248,0.17000000327825548,0.047619047619047616,0.5,0.4559999957680702,0.004435102455317974,100,0
gaze_imu_video,hemisphere,loso,10,9,0.7599999904632568,0.5040000036358834,0.04923413960440978,0.25599998682737346,0.047619047619047616,0.5,0.49999999850988386,0.02272270992398262,100,0
gaze_imu_video,hemisphere,loso,10,10,0.5299999713897705,0.5089999988675118,0.05847221503396262,0.020999972522258714,0.47619047619047616,0.5,0.5179999962449073,0.0012650445569306612,100,0
gaze_imu_video,hemisphere,loso,10,11,0.5600000023841858,0.5069999977946281,0.04013726774634021,0.05300000458955767,0.14285714285714285,0.5,0.3470000013709068,0.036185942590236664,100,0
gaze_imu_video,hemisphere,loso,10,12,0.7599999904632568,0.507999999821186,0.057061375071039776,0.2519999906420708,0.047619047619047616,0.5,0.419999997317791,0.010704543441534042,100,0
gaze_imu_video,hemisphere,loso,10,13,0.44999998807907104,0.49999999552965163,0.03065941789768372,-0.050000007450580586,0.9523809523809523,0.5,0.22799999713897706,0.0005376326153054833,100,0
gaze_imu_video,hemisphere,loso,10,14,0.9100000262260437,0.5049999967217446,0.05687705292507638,0.40500002950429914,0.047619047619047616,0.5,0.4929999947547913,0.014220363460481167,100,0
gaze_imu_video,hemisphere,loso,10,15,0.7900000214576721,0.4909999966621399,0.04581483970277847,0.2990000247955322,0.047619047619047616,0.5,0.4959999963641167,-0.0007767216884531081,100,0
gaze_imu_video,hemisphere,within,10,0,0.7693750262260437,0.5046874985098839,0.01464622076555785,0.2646875277161598,0.047619047619047616,0.5,0.48443749994039537,0.019754264503717422,1600,0
gaze_imu_video,hemisphere,within,10,1,0.7475000023841858,0.4986250028014183,0.01258036769456646,0.2488749995827675,0.047619047619047616,0.5,0.4965000063180923,0.04680781811475754,1600,0
gaze_imu_video,hemisphere,within,10,2,0.7493749856948853,0.5013124957680702,0.01192735338797793,0.248062489926815,0.047619047619047616,0.5,0.49950000196695327,0.005371283274143934,1600,0
gaze_imu_video,hemisphere,within,10,3,0.699999988079071,0.5018867939710617,0.012569182441832768,0.19811319410800932,0.047619047619047616,0.49685534834861755,0.46295597553253176,0.005370104219764471,1590,0
gaze_imu_video,hemisphere,within,10,4,0.7093750238418579,0.503687496483326,0.011294876463660149,0.2056875273585319,0.047619047619047616,0.5,0.4895624965429306,0.0036332164891064167,1600,0
gaze_imu_video,hemisphere,loso,15,0,0.5333333611488342,0.5050000131130219,0.03032235305508997,0.028333348035812334,0.47619047619047616,0.5,0.18333333730697632,0.006548912730067968,60,0
gaze_imu_video,hemisphere,loso,15,1,0.9649122953414917,0.4982456237077713,0.05668594363917739,0.4666666716337204,0.047619047619047616,0.4736842215061188,0.5017543867230415,-0.0012999656610190868,57,0
gaze_imu_video,hemisphere,loso,15,2,0.7666666507720947,0.5033333405852318,0.05567764432414673,0.2633333101868629,0.047619047619047616,0.5,0.4183333396911621,0.0005617475835606456,60,0
gaze_imu_video,hemisphere,loso,15,3,0.8333333134651184,0.5233333393931389,0.0633333323033245,0.30999997407197954,0.047619047619047616,0.5,0.43166667222976685,0.0032765576615929604,60,0
gaze_imu_video,hemisphere,loso,15,4,0.7833333611488342,0.5183333277702331,0.07108289551460459,0.2650000333786011,0.047619047619047616,0.5,0.47666666805744173,0.0030648463871330023,60,0
gaze_imu_video,hemisphere,loso,15,5,0.7166666388511658,0.5083333238959312,0.06487167121117415,0.20833331495523455,0.047619047619047616,0.5,0.4716666743159294,-0.002236525760963559,60,0
gaze_imu_video,hemisphere,loso,15,6,0.8333333134651184,0.5383333399891853,0.0838484073955482,0.2949999734759331,0.047619047619047616,0.5,0.4750000059604645,0.012863215059041977,60,0
gaze_imu_video,hemisphere,loso,15,7,0.44999998807907104,0.5016666531562806,0.055251946191088246,-0.05166666507720952,0.9047619047619048,0.5,0.33500000908970834,0.1682032346725464,60,0
gaze_imu_video,hemisphere,loso,15,8,0.75,0.47999998927116394,0.048189442439442454,0.27000001072883606,0.047619047619047616,0.5,0.4516666725277901,0.0040571438148617744,60,0
gaze_imu_video,hemisphere,loso,15,9,0.7166666388511658,0.5083333179354668,0.04930066192061485,0.208333320915699,0.047619047619047616,0.5,0.40333333909511565,0.015288207679986954,60,0
gaze_imu_video,hemisphere,loso,15,10,0.6000000238418579,0.49833333790302276,0.07488880806728608,0.10166668593883516,0.14285714285714285,0.5,0.4850000098347664,0.0009350911132059991,60,0
gaze_imu_video,hemisphere,loso,15,11,0.6499999761581421,0.4799999907612801,0.05763872354616582,0.169999985396862,0.047619047619047616,0.5,0.3966666728258133,0.05006667599081993,60,0
gaze_imu_video,hemisphere,loso,15,12,0.800000011920929,0.5066666752099991,0.05333333835005872,0.29333333671092987,0.047619047619047616,0.5,0.43500000685453416,0.0012731023598462343,60,0
gaze_imu_video,hemisphere,loso,15,13,0.5333333611488342,0.49000000655651094,0.03511885110424665,0.04333335459232329,0.2857142857142857,0.5,0.2316666729748249,-0.0008324671653099358,60,0
gaze_imu_video,hemisphere,loso,15,14,0.8666666746139526,0.5116666734218598,0.06934214793585691,0.35500000119209285,0.047619047619047616,0.5,0.4833333417773247,0.008420877158641815,60,0
gaze_imu_video,hemisphere,loso,15,15,0.7833333611488342,0.5133333250880241,0.06823163157177284,0.27000003606081013,0.047619047619047616,0.5,0.4966666713356972,-0.002411991124972701,60,0
gaze_imu_video,hemisphere,within,15,0,0.7593749761581421,0.5068749889731408,0.018814699322619182,0.25249998718500133,0.047619047619047616,0.5,0.4838541656732559,0.00842647347599268,960,0
gaze_imu_video,hemisphere,within,15,1,0.7697916626930237,0.5076041623950005,0.017030850910941014,0.2621875002980232,0.047619047619047616,0.5,0.49510416835546495,0.01100980956107378,960,0
gaze_imu_video,hemisphere,within,15,2,0.7541666626930237,0.5072916686534882,0.018012097440330464,0.2468749940395355,0.047619047619047616,0.5,0.48708333522081376,0.0031080618500709534,960,0
gaze_imu_video,hemisphere,within,15,3,0.7023060917854309,0.49884696304798126,0.01625887584937881,0.20345912873744965,0.047619047619047616,0.49685534834861755,0.4961215898394585,0.005961049348115921,954,0
gaze_imu_video,hemisphere,within,15,4,0.734375,0.5031249985098839,0.017529737277509467,0.2312500014901161,0.047619047619047616,0.5,0.4951041653752327,0.0030921900179237127,960,0
gaze_imu_video,hemisphere,loso,20,0,0.574999988079071,0.5099999904632568,0.05267826378573267,0.06499999761581421,0.2857142857142857,0.5,0.2300000011920929,0.010183126665651798,40,0
gaze_imu_video,hemisphere,loso,20,1,0.9210526347160339,0.5421052560210228,0.08421052228659517,0.37894737869501116,0.047619047619047616,0.4736842215061188,0.4552631601691246,-0.004020473919808865,38,0
gaze_imu_video,hemisphere,loso,20,2,0.7250000238418579,0.4999999925494194,0.0766485440151711,0.2250000312924385,0.047619047619047616,0.5,0.3399999991059303,0.006231660023331642,40,0
gaze_imu_video,hemisphere,loso,20,3,0.8500000238418579,0.5000000029802323,0.06892025586814272,0.3500000208616256,0.047619047619047616,0.5,0.44999999850988387,0.001596441026777029,40,0
gaze_imu_video,hemisphere,loso,20,4,0.824999988079071,0.4949999928474426,0.07810249210379581,0.32999999523162843,0.047619047619047616,0.5,0.5000000044703483,0.006585737224668264,40,0
gaze_imu_video,hemisphere,loso,20,5,0.6499999761581421,0.5100000038743019,0.07348469743408603,0.1399999722838402,0.09523809523809523,0.5,0.3075000040233135,-0.0010221335105597973,40,0
gaze_imu_video,hemisphere,loso,20,6,0.75,0.510000005364418,0.05385165482301129,0.23999999463558197,0.047619047619047616,0.5,0.4874999985098839,0.003955689258873463,40,0
gaze_imu_video,hemisphere,loso,20,7,0.42500001192092896,0.509999991953373,0.07433033830379897,-0.08499998003244402,0.9047619047619048,0.5,0.4849999964237213,0.13710832595825195,40,0
gaze_imu_video,hemisphere,loso,20,8,0.7250000238418579,0.49999999403953554,0.07826237311969189,0.22500002980232237,0.047619047619047616,0.5,0.44000000059604644,0.0009491064702160656,40,0
gaze_imu_video,hemisphere,loso,20,9,0.7250000238418579,0.5074999913573265,0.08104782407266421,0.21750003248453142,0.047619047619047616,0.5,0.40500000268220904,0.004387285560369492,40,0
gaze_imu_video,hemisphere,loso,20,10,0.6000000238418579,0.5000000014901161,0.041833007738410026,0.10000002235174177,0.09523809523809523,0.5,0.17750000394880772,0.016316091641783714,40,0
gaze_imu_video,hemisphere,loso,20,11,0.6000000238418579,0.4750000059604645,0.10062306446678165,0.12500001788139342,0.23809523809523808,0.5,0.4399999976158142,0.034766171127557755,40,0
gaze_imu_video,hemisphere,loso,20,12,0.8500000238418579,0.5049999967217446,0.08930285451297988,0.34500002712011335,0.047619047619047616,0.5,0.4474999994039536,-0.002437887480482459,40,0
gaze_imu_video,hemisphere,loso,20,13,0.4749999940395355,0.507499985396862,0.03960743970864629,-0.03249999135732651,0.9047619047619048,0.5,0.2300000011920929,0.0010739961871877313,40,0
gaze_imu_video,hemisphere,loso,20,14,0.875,0.4824999958276749,0.07628072723387844,0.3925000041723251,0.047619047619047616,0.5,0.5075000032782555,-0.0011298496974632144,40,0
gaze_imu_video,hemisphere,loso,20,15,0.75,0.49500000327825544,0.06304760936040042,0.25499999672174456,0.047619047619047616,0.5,0.47750000059604647,-0.002118257340043783,40,0
gaze_imu_video,hemisphere,within,20,0,0.7578125,0.4949999988079071,0.017757588844976288,0.2628125011920929,0.047619047619047616,0.5,0.48687499910593035,0.006408368702977896,640,0
gaze_imu_video,hemisphere,within,20,1,0.762499988079071,0.5010937497019767,0.019820361610128283,0.2614062383770943,0.047619047619047616,0.5,0.49062499552965166,0.019919535145163536,640,0
gaze_imu_video,hemisphere,within,20,2,0.7718750238418579,0.5015625,0.021639348811867153,0.2703125238418579,0.047619047619047616,0.5,0.491874997317791,0.004136728122830391,640,0
gaze_imu_video,hemisphere,within,20,3,0.7232704162597656,0.5014150947332382,0.016504938575758053,0.22185532152652743,0.047619047619047616,0.5031446814537048,0.4904088020324707,0.004220298491418362,636,0
gaze_imu_video,hemisphere,within,20,4,0.739062488079071,0.49984374791383746,0.01423419701183719,0.2392187401652336,0.047619047619047616,0.5,0.4573437511920929,0.0022965541575104,640,0
gaze_imu_video,hemisphere,loso,30,0,0.5,0.4750000059604645,0.08291562155603306,0.02499999403953551,0.7142857142857143,0.5,0.340000007301569,0.021558785811066628,20,0
gaze_imu_video,hemisphere,loso,30,1,1.0,0.5000000029802323,0.12838222343314684,0.4999999970197677,0.047619047619047616,0.4736842215061188,0.49999999403953554,0.0009523693006485701,19,0
gaze_imu_video,hemisphere,loso,30,2,0.6499999761581421,0.4899999961256981,0.0663325012884092,0.15999998003244398,0.09523809523809523,0.5,0.2850000109523535,0.014018901623785496,20,0
gaze_imu_video,hemisphere,loso,30,3,0.8500000238418579,0.4849999979138374,0.10136567626591099,0.3650000259280205,0.047619047619047616,0.5,0.49000000655651094,-0.0020970897749066353,20,0
gaze_imu_video,hemisphere,loso,30,4,0.800000011920929,0.5050000108778476,0.14309088326898495,0.29500000104308133,0.09523809523809523,0.5,0.46000000461935997,0.01208736002445221,20,0
gaze_imu_video,hemisphere,loso,30,5,0.75,0.5249999925494194,0.09937303389697685,0.22500000745058057,0.09523809523809523,0.5,0.3850000061094761,0.018720561638474464,20,0
gaze_imu_video,hemisphere,loso,30,6,0.8999999761581421,0.4950000047683716,0.10234744593811777,0.4049999713897705,0.047619047619047616,0.5,0.5000000089406967,-0.018349265679717064,20,0
gaze_imu_video,hemisphere,loso,30,7,0.4000000059604645,0.5050000056624413,0.10234744688447804,-0.10499999970197682,0.9523809523809523,0.5,0.4400000095367432,0.06818161904811859,20,0
gaze_imu_video,hemisphere,loso,30,8,0.699999988079071,0.5100000090897083,0.11789826664764724,0.18999997898936272,0.09523809523809523,0.5,0.4750000059604645,0.009241897612810135,20,0
gaze_imu_video,hemisphere,loso,30,9,0.8500000238418579,0.4799999982118607,0.09000000390741632,0.37000002562999723,0.047619047619047616,0.5,0.5050000116229058,0.015123497694730759,20,0
gaze_imu_video,hemisphere,loso,30,10,0.6499999761581421,0.5049999982118607,0.10234744724846308,0.1449999779462814,0.19047619047619047,0.5,0.4950000062584877,0.021451111882925034,20,0
gaze_imu_video,hemisphere,loso,30,11,0.5,0.5250000104308128,0.08874120153213118,-0.02500001043081279,0.7619047619047619,0.5,0.47500000447034835,-0.000713739893399179,20,0
gaze_imu_video,hemisphere,loso,30,12,1.0,0.49000000581145287,0.1220655560230549,0.5099999941885471,0.047619047619047616,0.5,0.5100000083446503,0.008658625185489655,20,0
gaze_imu_video,hemisphere,loso,30,13,0.44999998807907104,0.4949999988079071,0.049749383716505544,-0.04500001072883608,1.0,0.5,0.10000000149011612,-0.0022976372856646776,20,0
gaze_imu_video,hemisphere,loso,30,14,1.0,0.49000000581145287,0.1220655560230549,0.5099999941885471,0.047619047619047616,0.5,0.5100000083446503,0.037523139268159866,20,0
gaze_imu_video,hemisphere,loso,30,15,0.8999999761581421,0.4850000075995922,0.11521718863005388,0.41499996855854987,0.047619047619047616,0.5,0.4850000090897083,0.005666983779519796,20,0
gaze_imu_video,hemisphere,within,30,0,0.78125,0.5015624985098839,0.020811187330622854,0.2796875014901161,0.047619047619047616,0.5,0.47187500149011613,0.009684170596301556,320,0
gaze_imu_video,hemisphere,within,30,1,0.768750011920929,0.5021875038743019,0.033440421572288735,0.26656250804662707,0.047619047619047616,0.5,0.465625,0.0179098192602396,320,0
gaze_imu_video,hemisphere,within,30,2,0.78125,0.5059375017881393,0.02432487201778642,0.27531249821186066,0.047619047619047616,0.5,0.49312500208616256,0.005744974594563246,320,0
gaze_imu_video,hemisphere,within,30,3,0.7295597195625305,0.493081770837307,0.020418474025090283,0.23647794872522354,0.047619047619047616,0.49685534834861755,0.5000000029802323,0.006069530732929707,318,0
gaze_imu_video,hemisphere,within,30,4,0.75,0.5140625,0.0246756290765093,0.23593750000000002,0.047619047619047616,0.5,0.48999999910593034,0.002030143514275551,320,0
gaze_video,eccentricity,loso,5,0,0.5454545617103577,0.4863636359572411,0.031029177923806207,0.059090925753116585,0.09523809523809523,0.5,0.43727273046970366,0.02931210771203041,220,0
gaze_video,eccentricity,loso,5,1,0.7320573925971985,0.5138755962252617,0.02355699717809294,0.2181817963719368,0.047619047619047616,0.4736842215061188,0.35454546511173246,0.06867450475692749,209,0
gaze_video,eccentricity,loso,5,2,0.6318181753158569,0.48590909242630004,0.02895922017241815,0.1459090828895569,0.047619047619047616,0.5,0.37181818336248396,0.02145293727517128,220,0
gaze_video,eccentricity,loso,5,3,0.6863636374473572,0.5018181875348091,0.0317661944715613,0.18454544991254807,0.047619047619047616,0.5,0.38136363327503203,0.01787748374044895,220,0
gaze_video,eccentricity,loso,5,4,0.6772727370262146,0.503181816637516,0.03255954682314892,0.17409092038869856,0.047619047619047616,0.5,0.4827272713184357,0.042539581656455994,220,0
gaze_video,eccentricity,loso,5,5,0.5772727131843567,0.5013636335730552,0.025917060172006564,0.07590907961130144,0.047619047619047616,0.5,0.4331818178296089,0.004685492720454931,220,0
gaze_video,eccentricity,loso,5,6,0.7590909004211426,0.5045454606413842,0.02335497273305452,0.2545454397797584,0.047619047619047616,0.5,0.40409090667963027,0.0493289940059185,220,0
gaze_video,eccentricity,loso,5,7,0.6454545259475708,0.5036363586783409,0.02234218996298415,0.1418181672692299,0.047619047619047616,0.5,0.375,0.5128440260887146,220,0
gaze_video,eccentricity,loso,5,8,0.4545454680919647,0.495454540848732,0.013016198960823733,-0.04090907275676725,1.0,0.5,0.08681818209588528,0.01584337092936039,220,0
gaze_video,eccentricity,loso,5,9,0.8045454621315002,0.4850000008940697,0.02231905494377509,0.31954546123743055,0.047619047619047616,0.5,0.4818181782960892,0.04510580748319626,220,0
gaze_video,eccentricity,loso,5,10,0.5,0.49863636046648024,0.02357947263727636,0.001363639533519756,0.5714285714285714,0.5,0.24681817963719369,0.03114372119307518,220,0
gaze_video,eccentricity,loso,5,11,0.4681818187236786,0.49863636344671247,0.03368240152296033,-0.030454544723033883,0.7619047619047619,0.5,0.4977272689342499,0.04188580438494682,220,0
gaze_video,eccentricity,loso,5,12,0.7681818008422852,0.4927272692322731,0.028762343314566355,0.27545453161001204,0.047619047619047616,0.5,0.5109090879559517,0.020392106845974922,220,0
gaze_video,eccentricity,loso,5,13,0.4363636374473572,0.5045454487204551,0.02198796795368783,-0.06818181127309797,1.0,0.5,0.19227272644639015,0.02032800018787384,220,0
gaze_video,eccentricity,loso,5,14,0.8136363625526428,0.4881818190217018,0.02825503358885179,0.325454543530941,0.047619047619047616,0.5,0.5140909031033516,0.02232532761991024,220,0
gaze_video,eccentricity,loso,5,15,0.6772727370262146,0.5059090942144394,0.0289306685754908,0.17136364281177519,0.047619047619047616,0.5,0.4595454573631287,0.019586557522416115,220,0
gaze_video,eccentricity,within,5,0,0.6627840995788574,0.5014488562941551,0.009338729721010946,0.16133524328470228,0.047619047619047616,0.5,0.4861363634467125,0.07851578295230865,3520,0
gaze_video,eccentricity,within,5,1,0.6536931991577148,0.5008238583803177,0.009314503363798899,0.1528693407773971,0.047619047619047616,0.5,0.4840624988079071,0.15527567267417908,3520,0
gaze_video,eccentricity,within,5,2,0.6926136612892151,0.5025284186005592,0.006144450852559946,0.1900852426886559,0.047619047619047616,0.5,0.4769034042954445,0.032842885702848434,3520,0
gaze_video,eccentricity,within,5,3,0.6500857472419739,0.4990280166268349,0.006739921782630413,0.151057730615139,0.047619047619047616,0.5,0.4890223011374474,0.029901664704084396,3498,0
gaze_video,eccentricity,within,5,4,0.6119318008422852,0.5010511413216591,0.009109129684874394,0.11088065952062609,0.047619047619047616,0.5,0.4987215980887413,0.01715916581451893,3520,0
gaze_video,eccentricity,loso,10,0,0.5099999904632568,0.4849999964237213,0.04466542364224812,0.02499999403953551,0.5238095238095238,0.5,0.40999999791383746,0.05104769766330719,100,0
gaze_video,eccentricity,loso,10,1,0.7684210538864136,0.5221052676439285,0.04941766751850157,0.24631578624248507,0.047619047619047616,0.4736842215061188,0.44842105358839035,0.006900600157678127,95,0
gaze_video,eccentricity,loso,10,2,0.7300000190734863,0.4900000005960464,0.043817806341577184,0.2400000184774399,0.047619047619047616,0.5,0.5009999960660935,0.008527768775820732,100,0
gaze_video,eccentricity,loso,10,3,0.5899999737739563,0.49499999433755876,0.04421537667472523,0.09499997943639754,0.047619047619047616,0.5,0.4389999985694885,0.015805991366505623,100,0
gaze_video,eccentricity,loso,10,4,0.6800000071525574,0.5089999973773957,0.0479478856639902,0.17100000977516172,0.047619047619047616,0.5,0.46700000017881393,0.014024226926267147,100,0
gaze_video,eccentricity,loso,10,5,0.5299999713897705,0.5049999937415123,0.043760706483875575,0.02499997764825823,0.3333333333333333,0.5,0.44599999487400055,0.007860936224460602,100,0
gaze_video,eccentricity,loso,10,6,0.6600000262260437,0.497999994456768,0.0357211419219968,0.1620000317692757,0.047619047619047616,0.5,0.32500000298023224,0.01942884735763073,100,0
gaze_video,eccentricity,loso,10,7,0.5899999737739563,0.5159999936819076,0.034698699428527914,0.07399998009204867,0.09523809523809523,0.5,0.34900000542402265,0.4135814607143402,100,0
gaze_video,eccentricity,loso,10,8,0.4399999976158142,0.5060000047087669,0.03746999433104291,-0.06600000709295273,1.0,0.5,0.17900000289082527,0.007841741666197777,100,0
gaze_video,eccentricity,loso,10,9,0.8799999952316284,0.5049999967217446,0.04376071669931295,0.37499999850988386,0.047619047619047616,0.5,0.48799999952316286,0.019010743126273155,100,0
gaze_video,eccentricity,loso,10,10,0.5099999904632568,0.5079999953508377,0.039446161621773196,0.001999995112419106,0.5714285714285714,0.5,0.33900000154972076,0.03367449715733528,100,0
gaze_video,eccentricity,loso,10,11,0.5,0.4930000022053719,0.05030904488754211,0.006999997794628121,0.5714285714285714,0.5,0.4879999965429306,0.020468873903155327,100,0
gaze_video,eccentricity,loso,10,12,0.8100000023841858,0.5149999901652336,0.04511097039657793,0.2950000122189522,0.047619047619047616,0.5,0.4769999995827675,0.008209755644202232,100,0
gaze_video,eccentricity,loso,10,13,0.5299999713897705,0.5109999969601631,0.05421254286070752,0.018999974429607436,0.42857142857142855,0.5,0.4579999953508377,0.006410771980881691,100,0
gaze_video,eccentricity,loso,10,14,0.7400000095367432,0.5209999978542328,0.035482395971923986,0.21900001168251038,0.047619047619047616,0.5,0.47499999701976775,0.012997262179851532,100,0
gaze_video,eccentricity,loso,10,15,0.6600000262260437,0.4939999982714653,0.05180733976678102,0.1660000279545784,0.047619047619047616,0.5,0.5279999926686287,0.005930695217102766,100,0
gaze_video,eccentricity,within,10,0,0.6875,0.49781250953674316,0.008659132212527565,0.18968749046325684,0.047619047619047616,0.5,0.3981875017285347,0.03862105682492256,1600,0
gaze_video,eccentricity,within,10,1,0.6862499713897705,0.4994375079870224,0.00933303737606579,0.1868124634027481,0.047619047619047616,0.5,0.4839375033974648,0.01648450829088688,1600,0
gaze_video,eccentricity,within,10,2,0.6650000214576721,0.4995625078678131,0.010747638100550808,0.16543751358985903,0.047619047619047616,0.5,0.5021875023841857,0.010782369412481785,1600,0
gaze_video,eccentricity,within,10,3,0.650943398475647,0.4926415055990219,0.015892294229591403,0.15830189287662505,0.047619047619047616,0.5,0.5011320754885673,0.015549566596746445,1590,0
gaze_video,eccentricity,within,10,4,0.6175000071525574,0.502187505364418,0.011570941527388927,0.11531250178813934,0.047619047619047616,0.5,0.4824375003576279,0.018214667215943336,1600,0
gaze_video,eccentricity,loso,15,0,0.44999998807907104,0.49166665226221085,0.025549514671723315,-0.0416666641831398,1.0,0.5,0.09500000178813935,0.017369166016578674,60,0
gaze_video,eccentricity,loso,15,1,0.719298243522644,0.5052631676197052,0.05754813700103373,0.2140350759029388,0.047619047619047616,0.4736842215061188,0.47719298452138903,-0.0006654232856817544,57,0
gaze_video,eccentricity,loso,15,2,0.6499999761581421,0.4916666612029076,0.05041495221417755,0.1583333149552345,0.047619047619047616,0.5,0.34500000923871993,0.0012233841698616743,60,0
gaze_video,eccentricity,loso,15,3,0.6333333253860474,0.5100000098347663,0.059721581729762746,0.12333331555128102,0.047619047619047616,0.5,0.4566666707396507,0.005926938261836767,60,0
gaze_video,eccentricity,loso,15,4,0.7166666388511658,0.4749999940395355,0.08490190804089463,0.24166664481163025,0.047619047619047616,0.5,0.5000000104308129,0.006325537338852882,60,0
gaze_video,eccentricity,loso,15,5,0.5166666507720947,0.4833333268761635,0.06236096069423622,0.033333323895931244,0.5714285714285714,0.5,0.4733333379030228,-8.042329864110798e-05,60,0
gaze_video,eccentricity,loso,15,6,0.8166666626930237,0.5033333256840706,0.07102425456961593,0.31333333700895305,0.047619047619047616,0.5,0.4500000044703484,0.010579905472695827,60,0
gaze_video,eccentricity,loso,15,7,0.5,0.510000005364418,0.05783117086754119,-0.01000000536441803,0.7619047619047619,0.5,0.48166667222976683,0.3370518982410431,60,0
gaze_video,eccentricity,loso,15,8,0.44999998807907104,0.4899999871850014,0.02905932763490565,-0.03999999910593033,1.0,0.5,0.09500000178813935,0.00829552672803402,60,0
gaze_video,eccentricity,loso,15,9,0.8166666626930237,0.4983333259820938,0.07921490148893447,0.3183333367109299,0.047619047619047616,0.5,0.45666667222976687,-8.587163756601512e-05,60,0
gaze_video,eccentricity,loso,15,10,0.5333333611488342,0.5166666746139527,0.0703167458653382,0.01666668653488157,0.6190476190476191,0.5,0.3633333407342434,0.022862045094370842,60,0
gaze_video,eccentricity,loso,15,11,0.38333332538604736,0.5049999877810478,0.06435578171263746,-0.12166666239500046,1.0,0.5,0.47500000447034835,0.04011372849345207,60,0
gaze_video,eccentricity,loso,15,12,0.7833333611488342,0.5083333194255829,0.08424500875626881,0.2750000417232513,0.047619047619047616,0.5,0.49333334118127825,0.006420616060495377,60,0
gaze_video,eccentricity,loso,15,13,0.4333333373069763,0.49333334267139434,0.04294700152310311,-0.06000000536441802,0.9523809523809523,0.5,0.23333333805203438,0.0013708685291931033,60,0
gaze_video,eccentricity,loso,15,14,0.6499999761581421,0.508333320915699,0.06821127231006874,0.14166665524244304,0.09523809523809523,0.5,0.5000000089406967,0.018410291522741318,60,0
gaze_video,eccentricity,loso,15,15,0.6333333253860474,0.49000000953674316,0.06839428625527154,0.1433333158493042,0.047619047619047616,0.5,0.4716666728258133,-0.0011682898038998246,60,0
gaze_video,eccentricity,within,15,0,0.6791666746139526,0.5031250014901161,0.019626503386652044,0.17604167312383656,0.047619047619047616,0.5,0.44406249970197675,0.03209509700536728,960,0
gaze_video,eccentricity,within,15,1,0.671875,0.5041666701436043,0.01693149557440823,0.16770832985639572,0.047619047619047616,0.5,0.49687500298023224,0.009175513871014118,960,0
gaze_video,eccentricity,within,15,2,0.6822916865348816,0.5015625,0.01543460770183261,0.18072918653488157,0.047619047619047616,0.5,0.48166667073965075,0.006926382426172495,960,0
gaze_video,eccentricity,within,15,3,0.6436058878898621,0.49968553334474564,0.011256029740365648,0.14392035454511642,0.047619047619047616,0.5,0.49423480331897734,0.003665939439088106,954,0
gaze_video,eccentricity,within,15,4,0.625,0.497500005364418,0.012282840626431452,0.12749999463558198,0.047619047619047616,0.5,0.49250000417232515,0.00800304301083088,960,0
gaze_video,eccentricity,loso,20,0,0.44999998807907104,0.5000000089406967,0.08944272626379401,-0.050000020861625694,0.7619047619047619,0.5,0.48250000476837157,0.01304400060325861,40,0
gaze_video,eccentricity,loso,20,1,0.5789473652839661,0.47105263769626615,0.09035939961919638,0.10789472758769991,0.19047619047619047,0.4736842215061188,0.5052631616592407,0.011278420686721802,38,0
gaze_video,eccentricity,loso,20,2,0.675000011920929,0.4999999925494194,0.062249491885804975,0.17500001937150955,0.047619047619047616,0.5,0.42499999701976776,0.01782987453043461,40,0
gaze_video,eccentricity,loso,20,3,0.625,0.4849999949336052,0.09027734735622753,0.14000000506639482,0.14285714285714285,0.5,0.4375,0.019597116857767105,40,0
gaze_video,eccentricity,loso,20,4,0.625,0.49249999076128004,0.07628072698969479,0.13250000923871996,0.09523809523809523,0.5,0.3475000038743019,0.0077125453390181065,40,0
gaze_video,eccentricity,loso,20,5,0.5,0.517500002682209,0.07790218394724731,-0.01750000268220897,0.6666666666666666,0.5,0.46500000059604646,0.006509844679385424,40,0
gaze_video,eccentricity,loso,20,6,0.699999988079071,0.5000000059604645,0.06892025046292335,0.1999999821186066,0.047619047619047616,0.5,0.3450000025331974,0.011091647669672966,40,0
gaze_video,eccentricity,loso,20,7,0.675000011920929,0.5249999910593033,0.05916079178598256,0.15000002086162567,0.047619047619047616,0.5,0.3075000002980232,0.232143834233284,40,0
gaze_video,eccentricity,loso,20,8,0.4000000059604645,0.5225000023841858,0.0486698096313199,-0.12249999642372134,1.0,0.5,0.2625000052154064,0.002705571474507451,40,0
gaze_video,eccentricity,loso,20,9,0.824999988079071,0.5174999907612801,0.072929758348723,0.307499997317791,0.047619047619047616,0.5,0.46500000059604646,0.005755651742219925,40,0
gaze_video,eccentricity,loso,20,10,0.5249999761581421,0.5024999842047692,0.024874677031784587,0.022499991953372933,0.5714285714285714,0.5,0.047500000707805155,0.019367437809705734,40,0
gaze_video,eccentricity,loso,20,11,0.5,0.48999999910593034,0.06041524081904553,0.01000000089406966,0.47619047619047616,0.5,0.4675000011920929,0.002523446688428521,40,0
gaze_video,eccentricity,loso,20,12,0.800000011920929,0.5000000029802323,0.09082951505244792,0.30000000894069667,0.047619047619047616,0.5,0.5,0.004366972483694553,40,0
gaze_video,eccentricity,loso,20,13,0.574999988079071,0.5049999907612801,0.06403123460158025,0.06999999731779094,0.2857142857142857,0.5,0.36250000149011613,0.01770869456231594,40,0
gaze_video,eccentricity,loso,20,14,0.7250000238418579,0.49999999105930326,0.08139409767134707,0.22500003278255465,0.047619047619047616,0.5,0.4975000023841858,0.0336751751601696,40,0
gaze_video,eccentricity,loso,20,15,0.75,0.5075000047683715,0.06378676312817391,0.24249999523162846,0.047619047619047616,0.5,0.41500000208616256,0.002037195023149252,40,0
gaze_video,eccentricity,within,20,0,0.6937500238418579,0.49734374433755874,0.02156646089395129,0.19640627950429917,0.047619047619047616,0.5,0.4656250014901161,0.01745292730629444,640,0
gaze_video,eccentricity,within,20,1,0.692187488079071,0.4993749976158142,0.016538895203420816,0.19281249046325682,0.047619047619047616,0.5,0.4592187523841858,0.03108403831720352,640,0
gaze_video,eccentricity,within,20,2,0.668749988079071,0.49453125,0.026105912444956903,0.17421873807907107,0.047619047619047616,0.5,0.5035937532782555,0.02078080177307129,640,0
gaze_video,eccentricity,within,20,3,0.6352201104164124,0.49968553632497786,0.01786926965014362,0.1355345740914345,0.047619047619047616,0.5,0.48852201700210574,0.00738480594009161,636,0
gaze_video,eccentricity,within,20,4,0.6312500238418579,0.48437499850988386,0.02005851086281145,0.14687502533197405,0.047619047619047616,0.5,0.49140625,0.005407136399298906,640,0
gaze_video,eccentricity,loso,30,0,0.699999988079071,0.4800000056624413,0.07483315044358117,0.21999998241662977,0.047619047619047616,0.5,0.5050000056624413,0.015244152396917343,20,0
gaze_video,eccentricity,loso,30,1,0.6315789222717285,0.5052631586790085,0.11337188820071215,0.12631576359272,0.2857142857142857,0.4736842215061188,0.3631578892469406,0.01880604401230812,19,0
gaze_video,eccentricity,loso,30,2,0.6499999761581421,0.4749999985098839,0.14097872396552508,0.1749999776482582,0.19047619047619047,0.5,0.5000000037252903,0.01166535448282957,20,0
gaze_video,eccentricity,loso,30,3,0.699999988079071,0.5100000038743019,0.09949874182365745,0.18999998420476916,0.14285714285714285,0.5,0.5000000044703483,0.03123575448989868,20,0
gaze_video,eccentricity,loso,30,4,0.699999988079071,0.46500000804662706,0.09630680403616002,0.234999980032444,0.047619047619047616,0.5,0.48000001087784766,0.01972605474293232,20,0
gaze_video,eccentricity,loso,30,5,0.44999998807907104,0.4850000038743019,0.09096703434829773,-0.03500001579523088,0.8095238095238095,0.5,0.4800000056624413,0.0055393618531525135,20,0
gaze_video,eccentricity,loso,30,6,0.75,0.4499999970197678,0.08366600835270213,0.3000000029802322,0.047619047619047616,0.5,0.4150000050663948,0.06833738088607788,20,0
gaze_video,eccentricity,loso,30,7,0.699999988079071,0.4650000065565109,0.07921490048567775,0.23499998152256013,0.047619047619047616,0.5,0.44000000432133674,0.1191706582903862,20,0
gaze_video,eccentricity,loso,30,8,0.44999998807907104,0.5250000059604645,0.043301280513049246,-0.07500001788139343,1.0,0.5,0.09500000141561031,-0.00016018215683288872,20,0
gaze_video,eccentricity,loso,30,9,0.800000011920929,0.47000000178813933,0.10049875022101624,0.3300000101327896,0.047619047619047616,0.5,0.4950000122189522,0.0030652398709207773,20,0
gaze_video,eccentricity,loso,30,10,0.44999998807907104,0.5349999949336052,0.1061837982629335,-0.08500000685453413,0.9047619047619048,0.5,0.3700000062584877,0.010113188996911049,20,0
gaze_video,eccentricity,loso,30,11,0.6000000238418579,0.4750000074505806,0.08874119985296033,0.12500001639127734,0.23809523809523808,0.5,0.3850000075995922,0.006170910317450762,20,0
gaze_video,eccentricity,loso,30,12,0.800000011920929,0.4650000035762787,0.10618379847343318,0.33500000834465027,0.047619047619047616,0.5,0.4700000062584877,0.006277541164308786,20,0
gaze_video,eccentricity,loso,30,13,0.550000011920929,0.46499999463558195,0.09630680225681187,0.08500001728534701,0.38095238095238093,0.5,0.37500000521540644,0.022255485877394676,20,0
gaze_video,eccentricity,loso,30,14,0.75,0.4499999940395355,0.11401754094161234,0.3000000059604645,0.047619047619047616,0.5,0.5650000035762787,0.012518149800598621,20,0
gaze_video,eccentricity,loso,30,15,0.800000011920929,0.4650000065565109,0.1152171845884581,0.33500000536441804,0.047619047619047616,0.5,0.510000005364418,0.0033361634705215693,20,0
gaze_video,eccentricity,within,30,0,0.71875,0.5003124982118606,0.02880937678032951,0.21843750178813937,0.047619047619047616,0.5,0.4700000032782555,0.025423025712370872,320,0
gaze_video,eccentricity,within,30,1,0.6812499761581421,0.49749999642372134,0.018895264578789896,0.18374997973442075,0.047619047619047616,0.5,0.42406250089406966,0.03587020933628082,320,0
gaze_video,eccentricity,within,30,2,0.6968749761581421,0.5099999979138374,0.02208824948798919,0.18687497824430466,0.047619047619047616,0.5,0.4690624997019768,0.01217119675129652,320,0
gaze_video,eccentricity,within,30,3,0.6477987170219421,0.4940251588821411,0.0324052006381029,0.15377355813980104,0.047619047619047616,0.5,0.4987421452999115,0.006311177276074886,318,0
gaze_video,eccentricity,within,30,4,0.6156250238418579,0.49656250029802323,0.02907929584059247,0.11906252354383468,0.047619047619047616,0.5,0.4318749994039536,0.011386767029762268,320,0
gaze_video,hemisphere,loso,5,0,0.5636363625526428,0.49454544931650163,0.031281180153117476,0.0690909132361412,0.047619047619047616,0.5,0.4577272742986679,0.020144520327448845,220,0
gaze_video,hemisphere,loso,5,1,0.8851674795150757,0.48660287261009216,0.021025420533855588,0.3985646069049835,0.047619047619047616,0.5263158082962036,0.5023923426866531,0.013471853919327259,209,0
gaze_video,hemisphere,loso,5,2,0.7409090995788574,0.49818181693553926,0.034389602684901155,0.24272728264331817,0.047619047619047616,0.5,0.3840909078717232,0.012578855268657207,220,0
gaze_video,hemisphere,loso,5,3,0.7409090995788574,0.5018181800842285,0.025889147978370344,0.2390909194946289,0.047619047619047616,0.5,0.3722727298736572,0.013347248546779156,220,0
gaze_video,hemisphere,loso,5,4,0.7727272510528564,0.4899999961256981,0.0395114749251665,0.28272725492715833,0.047619047619047616,0.5,0.5018181785941124,0.016733143478631973,220,0
gaze_video,hemisphere,loso,5,5,0.6727272868156433,0.492272724211216,0.0333123142580254,0.18045456260442733,0.047619047619047616,0.5,0.4509090930223465,0.01291824784129858,220,0
gaze_video,hemisphere,loso,5,6,0.7954545617103577,0.4990909084677696,0.029931049486686664,0.29636365324258807,0.047619047619047616,0.5,0.49227272272109984,0.04626515507698059,220,0
gaze_video,hemisphere,loso,5,7,0.3227272629737854,0.5081818193197251,0.035605738745213854,-0.18545455634593966,1.0,0.5,0.49999999552965163,0.24015431106090546,220,0
gaze_video,hemisphere,loso,5,8,0.6727272868156433,0.49681818038225173,0.04276352243848504,0.17590910643339158,0.047619047619047616,0.5,0.4863636389374733,0.026717638596892357,220,0
gaze_video,hemisphere,loso,5,9,0.7590909004211426,0.5063636377453804,0.029401749402814318,0.2527272626757622,0.047619047619047616,0.5,0.45272727459669115,0.045067887753248215,220,0
gaze_video,hemisphere,loso,5,10,0.5545454621315002,0.4986363649368286,0.030325373795220413,0.05590909719467163,0.047619047619047616,0.5,0.49863636046648024,0.017129722982645035,220,0
gaze_video,hemisphere,loso,5,11,0.6545454263687134,0.49090908616781237,0.034377578528300874,0.163636340200901,0.047619047619047616,0.5,0.4749999985098839,0.02708926983177662,220,0
gaze_video,hemisphere,loso,5,12,0.7045454382896423,0.4918181836605072,0.026721708886013322,0.2127272546291351,0.047619047619047616,0.5,0.3822727307677269,0.010063592344522476,220,0
gaze_video,hemisphere,loso,5,13,0.47727271914482117,0.49227272570133207,0.030999200311812414,-0.015000006556510903,0.7142857142857143,0.5,0.36636363714933395,0.006021409761160612,220,0
gaze_video,hemisphere,loso,5,14,0.9454545378684998,0.4986363559961319,0.03392687733181448,0.4468181818723679,0.047619047619047616,0.5,0.5009090825915337,0.0059318882413208485,220,0
gaze_video,hemisphere,loso,5,15,0.6772727370262146,0.5049999982118607,0.039779873062985825,0.1722727388143539,0.047619047619047616,0.5,0.47181817442178725,0.007882552221417427,220,0
gaze_video,hemisphere,within,5,0,0.7573863863945007,0.4977841004729271,0.00877082364458554,0.25960228592157364,0.047619047619047616,0.5,0.4971306845545769,0.026796525344252586,3520,0
gaze_video,hemisphere,within,5,1,0.7443181872367859,0.4967613711953163,0.008877287443252481,0.24755681604146956,0.047619047619047616,0.5,0.49750000834465025,0.039143916219472885,3520,0
gaze_video,hemisphere,within,5,2,0.7298295497894287,0.49946021735668183,0.007640881615958061,0.23036933243274688,0.047619047619047616,0.5,0.49392045885324476,0.010161838494241238,3520,0
gaze_video,hemisphere,within,5,3,0.6975414752960205,0.5022584363818169,0.009228984149614119,0.19528303891420362,0.047619047619047616,0.5031446814537048,0.49645511955022814,0.013699691742658615,3498,0
gaze_video,hemisphere,within,5,4,0.6798295378684998,0.501732948422432,0.007158811364529768,0.17809658944606777,0.047619047619047616,0.5,0.47880681306123735,0.023018313571810722,3520,0
gaze_video,hemisphere,loso,10,0,0.5199999809265137,0.5089999958872795,0.04121892789494482,0.010999985039234161,0.5714285714285714,0.5,0.40999999940395354,0.014135095290839672,100,0
gaze_video,hemisphere,loso,10,1,0.8631578683853149,0.4905263140797615,0.03652495016173996,0.37263155430555345,0.047619047619047616,0.4736842215061188,0.48842104971408845,0.002713871421292424,95,0
gaze_video,hemisphere,loso,10,2,0.7300000190734863,0.49699999392032623,0.04910193536415203,0.2330000251531601,0.047619047619047616,0.5,0.3780000001192093,0.006793588865548372,100,0
gaze_video,hemisphere,loso,10,3,0.7699999809265137,0.49199999272823336,0.04556314337110112,0.2779999881982803,0.047619047619047616,0.5,0.39099999964237214,0.014215705916285515,100,0
gaze_video,hemisphere,loso,10,4,0.8799999952316284,0.49699999690055846,0.049101933118444185,0.38299999833106996,0.047619047619047616,0.5,0.49699999392032623,0.006067168898880482,100,0
gaze_video,hemisphere,loso,10,5,0.7400000095367432,0.5079999968409539,0.042614552685822975,0.2320000126957893,0.047619047619047616,0.5,0.494999997317791,0.000615748402196914,100,0
gaze_video,hemisphere,loso,10,6,0.8100000023841858,0.5029999911785126,0.038613465207116525,0.3070000112056732,0.047619047619047616,0.5,0.4629999935626984,0.015252133831381798,100,0
gaze_video,hemisphere,loso,10,7,0.4300000071525574,0.49699999690055846,0.03702701356372458,-0.06699998974800109,1.0,0.5,0.38399999886751174,0.23448430001735687,100,0
gaze_video,hemisphere,loso,10,8,0.7400000095367432,0.5130000025033951,0.047021277326563915,0.2270000070333481,0.047619047619047616,0.5,0.4579999968409538,0.014516462571918964,100,0
gaze_video,hemisphere,loso,10,9,0.7099999785423279,0.5009999975562096,0.03713488879138685,0.20899998098611827,0.047619047619047616,0.5,0.49200000166893004,0.014371066354215145,100,0
gaze_video,hemisphere,loso,10,10,0.5099999904632568,0.5149999991059303,0.056169388160253006,-0.00500000864267347,0.5714285714285714,0.5,0.46099999994039537,0.003208467038348317,100,0
gaze_video,hemisphere,loso,10,11,0.6800000071525574,0.5189999923110008,0.02791057192451169,0.16100001484155657,0.047619047619047616,0.5,0.43100000023841856,0.01932653784751892,100,0
gaze_video,hemisphere,loso,10,12,0.75,0.4909999921917915,0.04311611817021251,0.2590000078082085,0.047619047619047616,0.5,0.4549999967217445,0.008598162792623043,100,0
gaze_video,hemisphere,loso,10,13,0.4300000071525574,0.5129999965429306,0.038091992867357295,-0.08299998939037323,1.0,0.5,0.3130000025033951,0.0003085650678258389,100,0
gaze_video,hemisphere,loso,10,14,0.8600000143051147,0.5019999995827675,0.060299256963012374,0.3580000147223472,0.047619047619047616,0.5,0.494999997317791,0.0056496853940188885,100,0
gaze_video,hemisphere,loso,10,15,0.7300000190734863,0.48499999940395355,0.04236744177768631,0.24500001966953278,0.047619047619047616,0.5,0.49099999368190766,0.01616399548947811,100,0
gaze_video,hemisphere,within,10,0,0.7587500214576721,0.5052500054240227,0.013781780148393038,0.25350001603364947,0.047619047619047616,0.5,0.4950000002980232,0.014715843833982944,1600,0
gaze_video,hemisphere,within,10,1,0.7593749761581421,0.4993749991059303,0.013199201514427333,0.2599999770522118,0.047619047619047616,0.5,0.4958750084042549,0.012927427887916565,1600,0
gaze_video,hemisphere,within,10,2,0.7368749976158142,0.500500001013279,0.013421652465088666,0.23637499660253525,0.047619047619047616,0.5,0.5018750071525574,0.0068488959223032,1600,0
gaze_video,hemisphere,within,10,3,0.7194968461990356,0.4998742133378983,0.01398660419519601,0.21962263286113737,0.047619047619047616,0.5031446814537048,0.4964779898524284,0.008411339484155178,1590,0
gaze_video,hemisphere,within,10,4,0.721875011920929,0.506624998152256,0.012123072134215202,0.21525001376867292,0.047619047619047616,0.5,0.48943750709295275,0.005799153354018927,1600,0
gaze_video,hemisphere,loso,15,0,0.5833333134651184,0.4899999886751175,0.04784233453396694,0.0933333247900009,0.09523809523809523,0.5,0.44000000655651095,0.009048199281096458,60,0
gaze_video,hemisphere,loso,15,1,0.9473684430122375,0.4947368443012238,0.056468341577581765,0.45263159871101377,0.047619047619047616,0.4736842215061188,0.5000000044703483,0.0022037094458937645,57,0
gaze_video,hemisphere,loso,15,2,0.6833333373069763,0.4949999898672104,0.05403188675995035,0.18833334743976593,0.047619047619047616,0.5,0.3383333429694176,0.013539123348891735,60,0
gaze_video,hemisphere,loso,15,3,0.8666666746139526,0.5183333396911621,0.0627826952086739,0.3483333349227905,0.047619047619047616,0.5,0.4566666707396507,0.012606900185346603,60,0
gaze_video,hemisphere,loso,15,4,0.8333333134651184,0.5333333373069763,0.07378647568557797,0.2999999761581421,0.047619047619047616,0.5,0.4616666749119759,0.0008414963376708329,60,0
gaze_video,hemisphere,loso,15,5,0.6833333373069763,0.4799999907612801,0.06489307693150746,0.20333334654569624,0.047619047619047616,0.5,0.4366666704416275,0.0023549979086965322,60,0
gaze_video,hemisphere,loso,15,6,0.8166666626930237,0.5116666585206986,0.07547994906144381,0.3050000041723251,0.047619047619047616,0.5,0.4666666716337204,0.026280928403139114,60,0
gaze_video,hemisphere,loso,15,7,0.5166666507720947,0.4899999886751175,0.06463573034611583,0.02666666209697721,0.42857142857142855,0.5,0.4433333396911621,0.18464162945747375,60,0
gaze_video,hemisphere,loso,15,8,0.75,0.4683333232998848,0.04884783837014516,0.2816666767001152,0.047619047619047616,0.5,0.4633333384990692,0.012049042619764805,60,0
gaze_video,hemisphere,loso,15,9,0.6833333373069763,0.48833332657814027,0.04627815175939035,0.19500001072883605,0.047619047619047616,0.5,0.418333338201046,0.0028315484523773193,60,0
gaze_video,hemisphere,loso,15,10,0.550000011920929,0.4949999898672104,0.05703313142759217,0.05500002205371857,0.23809523809523808,0.5,0.47666667103767396,-0.0004396190633997321,60,0
gaze_video,hemisphere,loso,15,11,0.699999988079071,0.47833333611488343,0.05403188188775552,0.2216666519641876,0.047619047619047616,0.5,0.46333333998918536,0.0020593071822077036,60,0
gaze_video,hemisphere,loso,15,12,0.75,0.5049999862909317,0.05703312829232747,0.24500001370906832,0.047619047619047616,0.5,0.37000000700354574,0.0010416386649012566,60,0
gaze_video,hemisphere,loso,15,13,0.44999998807907104,0.4916666552424431,0.03926406538527951,-0.04166666716337203,0.9523809523809523,0.5,0.20500000268220903,0.006987839937210083,60,0
gaze_video,hemisphere,loso,15,14,0.8333333134651184,0.49833333790302276,0.0662277215360196,0.33499997556209565,0.047619047619047616,0.5,0.47666667252779005,0.005715420935302973,60,0
gaze_video,hemisphere,loso,15,15,0.8166666626930237,0.5316666603088379,0.06366143474002735,0.28500000238418577,0.047619047619047616,0.5,0.4733333379030228,0.007171656936407089,60,0
gaze_video,hemisphere,within,15,0,0.7604166865348816,0.5036458387970925,0.01670406180542866,0.25677084773778913,0.047619047619047616,0.5,0.49281249940395355,0.019983414560556412,960,0
gaze_video,hemisphere,within,15,1,0.765625,0.5039583325386048,0.013491896010105609,0.2616666674613952,0.047619047619047616,0.5,0.47874999791383743,0.012761765159666538,960,0
gaze_video,hemisphere,within,15,2,0.7427083253860474,0.5039583325386048,0.014737288652507117,0.23874999284744258,0.047619047619047616,0.5,0.5006250083446503,0.006022403948009014,960,0
gaze_video,hemisphere,within,15,3,0.7117400169372559,0.5019916132092476,0.01731908906391449,0.2097484037280083,0.047619047619047616,0.49685534834861755,0.49937107115983964,0.009072638116776943,954,0
gaze_video,hemisphere,within,15,4,0.703125,0.5024999961256981,0.01755571311670879,0.20062500387430193,0.047619047619047616,0.5,0.4950000062584877,0.00720194960013032,960,0
gaze_video,hemisphere,loso,20,0,0.550000011920929,0.5075000062584877,0.06571720549609296,0.042500005662441276,0.5238095238095238,0.5,0.17500000391155482,-0.0005284235812723637,40,0
gaze_video,hemisphere,loso,20,1,0.7894737124443054,0.5131578996777535,0.0968692719878074,0.2763158127665519,0.047619047619047616,0.4736842215061188,0.410526317358017,0.002124449936673045,38,0
gaze_video,hemisphere,loso,20,2,0.7250000238418579,0.5174999922513962,0.06571719444218928,0.2075000315904617,0.047619047619047616,0.5,0.3475000008940697,0.007334085647016764,40,0
gaze_video,hemisphere,loso,20,3,0.7749999761581421,0.49999999850988386,0.07984359235430794,0.27499997764825823,0.047619047619047616,0.5,0.38500000089406966,0.013312109746038914,40,0
gaze_video,hemisphere,loso,20,4,0.75,0.4875000059604645,0.0864219373290005,0.2624999940395355,0.047619047619047616,0.5,0.5200000032782555,0.0013650772161781788,40,0
gaze_video,hemisphere,loso,20,5,0.675000011920929,0.49249999672174455,0.07462405495748142,0.1825000151991844,0.047619047619047616,0.5,0.4249999985098839,-0.003227803623303771,40,0
gaze_video,hemisphere,loso,20,6,0.675000011920929,0.5174999877810478,0.04815339416573869,0.15750002413988118,0.047619047619047616,0.5,0.49750000834465025,0.0131180789321661,40,0
gaze_video,hemisphere,loso,20,7,0.625,0.48999999165534974,0.08958236174093581,0.13500000834465026,0.14285714285714285,0.5,0.44749999791383743,0.12898452579975128,40,0
gaze_video,hemisphere,loso,20,8,0.6499999761581421,0.5050000071525573,0.06689544739478795,0.14499996900558476,0.047619047619047616,0.5,0.4850000008940697,0.005153208505362272,40,0
gaze_video,hemisphere,loso,20,9,0.800000011920929,0.5074999988079071,0.07790218485582912,0.2925000131130219,0.047619047619047616,0.5,0.46000000089406967,-0.0019096985924988985,40,0
gaze_video,hemisphere,loso,20,10,0.625,0.5099999979138374,0.08817595620100704,0.11500000208616257,0.2857142857142857,0.5,0.4850000038743019,0.00423479825258255,40,0
gaze_video,hemisphere,loso,20,11,0.5249999761581421,0.4824999928474426,0.10158124703733774,0.042499983310699485,0.47619047619047616,0.5,0.40999999791383746,0.006518762558698654,40,0
gaze_video,hemisphere,loso,20,12,0.875,0.5149999961256981,0.08602325239327133,0.36000000387430187,0.047619047619047616,0.5,0.46500000208616254,0.0012955910060554743,40,0
gaze_video,hemisphere,loso,20,13,0.44999998807907104,0.5049999997019767,0.06689544683790591,-0.05500001162290569,0.9523809523809523,0.5,0.3275000028312206,8.328755939146504e-05,40,0
gaze_video,hemisphere,loso,20,14,0.875,0.48499999940395355,0.08455766952488229,0.39000000059604645,0.047619047619047616,0.5,0.5175000011920929,0.004197225905954838,40,0
gaze_video,hemisphere,loso,20,15,0.8500000238418579,0.4950000047683716,0.07566373932335772,0.35500001907348633,0.047619047619047616,0.5,0.5174999997019768,0.004528874531388283,40,0
gaze_video,hemisphere,within,20,0,0.7484375238418579,0.4971874937415123,0.019823439672038045,0.25125003010034563,0.047619047619047616,0.5,0.4900000005960464,0.008538697846233845,640,0
gaze_video,hemisphere,within,20,1,0.746874988079071,0.4992187485098839,0.018245155899098333,0.24765623956918714,0.047619047619047616,0.5,0.49062499701976775,0.009845576249063015,640,0
gaze_video,hemisphere,within,20,2,0.7421875,0.5004687532782555,0.017712853163723525,0.24171874672174454,0.047619047619047616,0.5,0.4893749997019768,0.004827028140425682,640,0
gaze_video,hemisphere,within,20,3,0.7154088020324707,0.4984276697039604,0.018946374966109087,0.2169811323285103,0.047619047619047616,0.5031446814537048,0.49559748619794847,0.006576962769031525,636,0
gaze_video,hemisphere,within,20,4,0.7015625238418579,0.5018750011920929,0.019286595340112705,0.19968752264976497,0.047619047619047616,0.5,0.4879687488079071,0.0067190201953053474,640,0
gaze_video,hemisphere,loso,30,0,0.550000011920929,0.4749999985098839,0.06982120886230903,0.07500001341104506,0.42857142857142855,0.5,0.4000000052154064,0.009428711608052254,20,0
gaze_video,hemisphere,loso,30,1,1.0,0.5000000029802323,0.12838222343314684,0.4999999970197677,0.047619047619047616,0.4736842215061188,0.49999999403953554,0.013711399398744106,19,0
gaze_video,hemisphere,loso,30,2,0.75,0.4799999937415123,0.06403124670286621,0.2700000062584877,0.047619047619047616,0.5,0.4150000050663948,0.00484102638438344,20,0
gaze_video,hemisphere,loso,30,3,0.8500000238418579,0.4849999979138374,0.10136567626591099,0.3650000259280205,0.047619047619047616,0.5,0.49000000655651094,0.016537295654416084,20,0
gaze_video,hemisphere,loso,30,4,0.8500000238418579,0.48499999940395355,0.142390312572896,0.36500002443790436,0.09523809523809523,0.5,0.49000000581145287,0.0035294131375849247,20,0
gaze_video,hemisphere,loso,30,5,0.6499999761581421,0.5049999982118607,0.05894913733670694,0.1449999779462814,0.09523809523809523,0.5,0.2450000073760748,0.0011501462431624532,20,0
gaze_video,hemisphere,loso,30,6,0.75,0.5249999955296516,0.10428326471512885,0.2250000044703484,0.047619047619047616,0.5,0.47000000476837156,0.08668868243694305,20,0
gaze_video,hemisphere,loso,30,7,0.4000000059604645,0.47000000774860384,0.11000000048767478,-0.07000000178813937,0.8571428571428571,0.5,0.4750000089406967,0.06607608497142792,20,0
gaze_video,hemisphere,loso,30,8,0.800000011920929,0.5050000078976155,0.1203120984095526,0.2950000040233135,0.09523809523809523,0.5,0.495000009983778,0.006077078636735678,20,0
gaze_video,hemisphere,loso,30,9,0.800000011920929,0.4700000062584877,0.07810249954459826,0.33000000566244125,0.047619047619047616,0.5,0.4500000044703484,0.01448147464543581,20,0
gaze_video,hemisphere,loso,30,10,0.550000011920929,0.539999994635582,0.07681145445234057,0.01000001728534694,0.6666666666666666,0.5,0.3800000064074993,0.003836455987766385,20,0
gaze_video,hemisphere,loso,30,11,0.550000011920929,0.525,0.08291561975888617,0.025000011920928933,0.7142857142857143,0.5,0.25500000827014446,-0.0007227094611153007,20,0
gaze_video,hemisphere,loso,30,12,0.8500000238418579,0.5049999982118607,0.12439855287854805,0.3450000256299972,0.047619047619047616,0.5,0.4550000064074993,0.0012576855951920152,20,0
gaze_video,hemisphere,loso,30,13,0.5,0.5000000104308129,0.08366601013373139,-1.043081288010228e-08,0.6666666666666666,0.5,0.3300000086426735,0.013390551321208477,20,0
gaze_video,hemisphere,loso,30,14,0.8999999761581421,0.5200000070035458,0.1435269990337617,0.37999996915459633,0.047619047619047616,0.5,0.4600000061094761,0.02392278052866459,20,0
gaze_video,hemisphere,loso,30,15,0.8500000238418579,0.4799999952316284,0.11874342157312602,0.3700000286102295,0.047619047619047616,0.5,0.47500000782310964,0.012213505804538727,20,0
gaze_video,hemisphere,within,30,0,0.746874988079071,0.5018749952316284,0.022061702297803635,0.24499999284744267,0.047619047619047616,0.5,0.47843750566244125,0.00909467600286007,320,0
gaze_video,hemisphere,within,30,1,0.768750011920929,0.5034375011920929,0.033276482854072365,0.2653125107288361,0.047619047619047616,0.5,0.46312499791383743,0.012543540447950363,320,0
gaze_video,hemisphere,within,30,2,0.75,0.5106250002980233,0.02165965476973812,0.23937499970197673,0.047619047619047616,0.5,0.4896875023841858,0.007506067398935556,320,0
gaze_video,hemisphere,within,30,3,0.7264150977134705,0.5047169715166092,0.024830812894916846,0.22169812619686124,0.047619047619047616,0.5031446814537048,0.5062893137335778,0.007227461785078049,318,0
gaze_video,hemisphere,within,30,4,0.762499988079071,0.5134375035762787,0.02719109227849298,0.24906248450279234,0.047619047619047616,0.5,0.49062500298023226,0.00536369951441884,320,0
imu,eccentricity,loso,5,0,0.5227272510528564,0.4950000002980232,0.02430437287181791,0.027727250754833233,0.19047619047619047,0.5,0.399545456469059,0.030617469921708107,220,0
imu,eccentricity,loso,5,1,0.6842105388641357,0.4999999970197678,0.03578934184786199,0.18421054184436797,0.047619047619047616,0.4736842215061188,0.4708133935928345,0.023348568007349968,209,0
imu,eccentricity,loso,5,2,0.6636363863945007,0.4949999928474426,0.022540135563982447,0.16863639354705812,0.047619047619047616,0.5,0.3,0.013981593772768974,220,0
imu,eccentricity,loso,5,3,0.5136363506317139,0.5022727325558662,0.03612135471547301,0.011363618075847626,0.38095238095238093,0.5,0.4731818184256554,0.039598748087882996,220,0
imu,eccentricity,loso,5,4,0.668181836605072,0.492272724211216,0.03086561221859536,0.17590911239385604,0.047619047619047616,0.5,0.4513636365532875,0.00851932168006897,220,0
imu,eccentricity,loso,5,5,0.5454545617103577,0.4913636356592178,0.036075563367365254,0.054090926051139854,0.14285714285714285,0.5,0.5031818106770516,0.017488673329353333,220,0
imu,eccentricity,loso,5,6,0.75,0.4913636416196823,0.027495309733719372,0.2586363583803177,0.047619047619047616,0.5,0.49681817591190336,0.008024752140045166,220,0
imu,eccentricity,loso,5,7,0.48181816935539246,0.5149999976158142,0.02849895147118519,-0.03318182826042171,0.9047619047619048,0.5,0.47590908855199815,0.03290185332298279,220,0
imu,eccentricity,loso,5,8,0.5,0.5004545375704765,0.01612835399799502,-0.000454537570476532,0.6190476190476191,0.5,0.15272727087140084,0.008451542817056179,220,0
imu,eccentricity,loso,5,9,0.7818182110786438,0.5022727251052856,0.019042147273322763,0.27954548597335815,0.047619047619047616,0.5,0.4754545450210571,0.0062544564716517925,220,0
imu,eccentricity,loso,5,10,0.4227272868156433,0.5163636386394501,0.020948581579195744,-0.09363635182380681,1.0,0.5,0.3254545420408249,0.011386271566152573,220,0
imu,eccentricity,loso,5,11,0.47727271914482117,0.4886363610625267,0.025692874993717658,-0.011363641917705558,0.6666666666666666,0.5,0.24045454263687133,0.04208797961473465,220,0
imu,eccentricity,loso,5,12,0.6227272748947144,0.5009090915322304,0.02909091180190907,0.12181818336248396,0.047619047619047616,0.5,0.45363636016845704,0.011571232229471207,220,0
imu,eccentricity,loso,5,13,0.3863636255264282,0.49727272540330886,0.026597705856443887,-0.11090909987688063,1.0,0.5,0.3999999985098839,0.010985421016812325,220,0
imu,eccentricity,loso,5,14,0.5409091114997864,0.48772727251052855,0.03488766011655205,0.053181838989257824,0.09523809523809523,0.5,0.42590909004211425,0.022167302668094635,220,0
imu,eccentricity,loso,5,15,0.6409090757369995,0.4931818231940269,0.03472144319356286,0.1477272525429726,0.047619047619047616,0.5,0.49954545199871064,0.011283393949270248,220,0
imu,eccentricity,within,5,0,0.6411932110786438,0.5021022707223892,0.008716731363348619,0.13909094035625458,0.047619047619047616,0.5,0.4444034084677696,0.007714139763265848,3520,0
imu,eccentricity,within,5,1,0.6082386374473572,0.5020170345902443,0.007592137391423763,0.1062216028571129,0.047619047619047616,0.5,0.4761363610625267,0.01334298774600029,3520,0
imu,eccentricity,within,5,2,0.6315340995788574,0.5028977200388909,0.006783534978537049,0.12863637953996654,0.047619047619047616,0.5,0.45428977608680726,0.018044495955109596,3520,0
imu,eccentricity,within,5,3,0.5991995334625244,0.5011720955371857,0.00915785920533203,0.09802743792533875,0.047619047619047616,0.5,0.45294454544782636,0.010302042588591576,3498,0
imu,eccentricity,within,5,4,0.5897727012634277,0.5025000050663948,0.007999873609178509,0.08727269619703293,0.047619047619047616,0.5,0.4345738634467125,0.00991924200206995,3520,0
imu,eccentricity,loso,10,0,0.5099999904632568,0.5049999937415123,0.053244713586900985,0.0049999967217445596,0.5714285714285714,0.5,0.4399999976158142,0.004701048135757446,100,0
imu,eccentricity,loso,10,1,0.7684210538864136,0.5105263218283653,0.05064678870394663,0.25789473205804825,0.047619047619047616,0.4736842215061188,0.475789475440979,0.014355318620800972,95,0
imu,eccentricity,loso,10,2,0.6399999856948853,0.5039999976754188,0.031999998167160246,0.13599998801946644,0.047619047619047616,0.5,0.2939999967813492,0.005746512208133936,100,0
imu,eccentricity,loso,10,3,0.4300000071525574,0.5109999924898148,0.04311611702971636,-0.08099998533725739,1.0,0.5,0.4880000025033951,0.012642628513276577,100,0
imu,eccentricity,loso,10,4,0.6100000143051147,0.5049999967217446,0.05094114438576222,0.10500001758337019,0.09523809523809523,0.5,0.4799999982118607,0.00837708916515112,100,0
imu,eccentricity,loso,10,5,0.5099999904632568,0.4999999970197678,0.057445628748065344,0.009999993443489064,0.5238095238095238,0.5,0.3780000016093254,0.021767953410744667,100,0
imu,eccentricity,loso,10,6,0.7400000095367432,0.5049999967217446,0.037881396862918186,0.2350000128149986,0.047619047619047616,0.5,0.38799999952316283,0.01610727421939373,100,0
imu,eccentricity,loso,10,7,0.4399999976158142,0.5059999972581863,0.05180733683299141,-0.06599999964237213,1.0,0.5,0.4959999963641167,0.03481391444802284,100,0
imu,eccentricity,loso,10,8,0.46000000834465027,0.5079999938607216,0.02400000145038303,-0.04799998551607132,1.0,0.5,0.17800000309944153,0.017144441604614258,100,0
imu,eccentricity,loso,10,9,0.7699999809265137,0.5019999995827675,0.052306784387085255,0.26799998134374614,0.047619047619047616,0.5,0.46399999856948854,0.010096867568790913,100,0
imu,eccentricity,loso,10,10,0.3400000035762787,0.5040000051259994,0.05043808935546837,-0.16400000154972072,1.0,0.5,0.4379999965429306,0.028567181900143623,100,0
imu,eccentricity,loso,10,11,0.49000000953674316,0.49099999815225603,0.05346962303795639,-0.00099998861551287,0.7142857142857143,0.5,0.5110000029206276,0.09319312870502472,100,0
imu,eccentricity,loso,10,12,0.5099999904632568,0.4989999979734421,0.042178191278399786,0.010999992489814758,0.47619047619047616,0.5,0.5129999980330467,0.021519195288419724,100,0
imu,eccentricity,loso,10,13,0.4099999964237213,0.49499999433755876,0.032787191121723944,-0.08499999791383744,1.0,0.5,0.3230000056326389,0.0071678729727864265,100,0
imu,eccentricity,loso,10,14,0.4699999988079071,0.4989999979734421,0.05530822400952242,-0.028999999165534973,0.8095238095238095,0.5,0.44699999392032624,0.01487900409847498,100,0
imu,eccentricity,loso,10,15,0.699999988079071,0.5139999985694885,0.04386342904082101,0.18599998950958252,0.047619047619047616,0.5,0.47899999618530276,0.007048641797155142,100,0
imu,eccentricity,within,10,0,0.621874988079071,0.49624999761581423,0.011487086994422724,0.1256249904632568,0.047619047619047616,0.5,0.47737499624490737,0.010129662230610847,1600,0
imu,eccentricity,within,10,1,0.5962499976158142,0.49862500429153445,0.011949765902742016,0.09762499332427976,0.047619047619047616,0.5,0.46868750005960463,0.010262321680784225,1600,0
imu,eccentricity,within,10,2,0.6256250143051147,0.5034999936819077,0.012469335299696412,0.12212502062320707,0.047619047619047616,0.5,0.4898125037550926,0.008952083997428417,1600,0
imu,eccentricity,within,10,3,0.6000000238418579,0.5003144696354866,0.011899100756089898,0.09968555420637126,0.047619047619047616,0.5,0.43509433418512344,0.0027565096970647573,1590,0
imu,eccentricity,within,10,4,0.5849999785423279,0.5009375020861626,0.011837933807914511,0.08406247645616527,0.047619047619047616,0.5,0.46456249952316286,0.003620784031227231,1600,0
imu,eccentricity,loso,15,0,0.5333333611488342,0.5116666734218598,0.04974937612854991,0.021666687726974443,0.42857142857142855,0.5,0.4716666743159294,0.005277023650705814,60,0
imu,eccentricity,loso,15,1,0.719298243522644,0.5245614156126976,0.06023959747500388,0.1947368279099464,0.047619047619047616,0.4736842215061188,0.4315789446234703,0.018990611657500267,57,0
imu,eccentricity,loso,15,2,0.6666666865348816,0.5016666740179062,0.056248461143025695,0.16500001251697538,0.047619047619047616,0.5,0.3333333425223827,0.04742162302136421,60,0
imu,eccentricity,loso,15,3,0.4333333373069763,0.5266666725277901,0.06463573142197264,-0.09333333522081377,0.9523809523809523,0.5,0.49333334267139434,0.007656806614249945,60,0
imu,eccentricity,loso,15,4,0.6166666746139526,0.49999998807907103,0.06708203902881632,0.1166666865348816,0.14285714285714285,0.5,0.3950000062584877,0.007317990064620972,60,0
imu,eccentricity,loso,15,5,0.4333333373069763,0.4966666758060455,0.04333333831567181,-0.06333333849906919,0.9047619047619048,0.5,0.4016666725277901,0.014149832539260387,60,0
imu,eccentricity,loso,15,6,0.5,0.510000005364418,0.07078920108729442,-0.01000000536441803,0.7142857142857143,0.5,0.4233333393931389,0.011130955070257187,60,0
imu,eccentricity,loso,15,7,0.5,0.49666666984558105,0.06137317358745149,0.0033333301544189453,0.6666666666666666,0.5,0.4533333405852318,0.031024005264043808,60,0
imu,eccentricity,loso,15,8,0.4166666567325592,0.49666665494441986,0.046427961580116965,-0.07999999821186066,1.0,0.5,0.248333340883255,0.008004661649465561,60,0
imu,eccentricity,loso,15,9,0.7333333492279053,0.4966666728258133,0.07063206869851771,0.236666676402092,0.047619047619047616,0.5,0.47500000447034835,0.008299802429974079,60,0
imu,eccentricity,loso,15,10,0.30000001192092896,0.5033333405852318,0.05467073602014911,-0.20333332866430287,1.0,0.5,0.44833333790302277,0.07020153105258942,60,0
imu,eccentricity,loso,15,11,0.5833333134651184,0.49666665941476823,0.06182412925930159,0.08666665405035018,0.19047619047619047,0.5,0.4333333417773247,0.05671044439077377,60,0
imu,eccentricity,loso,15,12,0.550000011920929,0.4999999925494194,0.05527708508093818,0.05000001937150955,0.3333333333333333,0.5,0.3950000062584877,0.01414705254137516,60,0
imu,eccentricity,loso,15,13,0.4833333194255829,0.5049999952316284,0.04861984724230099,-0.021666675806045532,0.7619047619047619,0.5,0.4150000065565109,0.00535106984898448,60,0
imu,eccentricity,loso,15,14,0.38333332538604736,0.49833332300186156,0.057227618072114524,-0.1149999976158142,1.0,0.5,0.4283333390951157,0.03936180844902992,60,0
imu,eccentricity,loso,15,15,0.6000000238418579,0.5166666775941848,0.06009252594161803,0.08333334624767308,0.23809523809523808,0.5,0.47666667848825456,0.00010066598042612895,60,0
imu,eccentricity,within,15,0,0.5979166626930237,0.4988541677594185,0.01921274830254903,0.0990624949336052,0.047619047619047616,0.5,0.4931250050663948,0.009134248830378056,960,0
imu,eccentricity,within,15,1,0.6083333492279053,0.5046875029802322,0.014280714797306039,0.10364584624767303,0.047619047619047616,0.5,0.4914583429694176,0.009100408293306828,960,0
imu,eccentricity,within,15,2,0.643750011920929,0.49479167014360426,0.015831967464054783,0.1489583417773247,0.047619047619047616,0.5,0.4996875047683716,0.012424465268850327,960,0
imu,eccentricity,within,15,3,0.5639412999153137,0.4965408816933632,0.012425257546064977,0.06740041822195053,0.047619047619047616,0.5,0.4995807185769081,0.006437300704419613,954,0
imu,eccentricity,within,15,4,0.5822916626930237,0.5067708238959312,0.011465433844046418,0.07552083879709248,0.047619047619047616,0.5,0.49302083551883696,0.005025903694331646,960,0
imu,eccentricity,loso,20,0,0.5249999761581421,0.4949999898672104,0.05099018742090292,0.0299999862909317,0.47619047619047616,0.5,0.47249999791383746,0.020720330998301506,40,0
imu,eccentricity,loso,20,1,0.5526315569877625,0.4736842095851898,0.07158668550422291,0.07894734740257264,0.23809523809523808,0.4736842215061188,0.5315789535641671,0.029452810063958168,38,0
imu,eccentricity,loso,20,2,0.6000000238418579,0.5200000062584877,0.048476806443283206,0.08000001758337016,0.14285714285714285,0.5,0.30500000044703485,0.013690449297428131,40,0
imu,eccentricity,loso,20,3,0.42500001192092896,0.46749999225139616,0.06941721089553622,-0.0424999803304672,0.8571428571428571,0.5,0.480000002682209,0.02224564738571644,40,0
imu,eccentricity,loso,20,4,0.6000000238418579,0.492500002682209,0.07462406004940031,0.1075000211596489,0.19047619047619047,0.5,0.4825000002980232,0.022142698988318443,40,0
imu,eccentricity,loso,20,5,0.5249999761581421,0.5024999931454659,0.07495831949652988,0.022499983012676195,0.5238095238095238,0.5,0.5050000011920929,0.017309511080384254,40,0
imu,eccentricity,loso,20,6,0.6499999761581421,0.5275000005960464,0.06609652504382328,0.12249997556209569,0.14285714285714285,0.5,0.31000000312924386,0.022142654284834862,40,0
imu,eccentricity,loso,20,7,0.574999988079071,0.4974999949336052,0.11008519639990884,0.07749999314546585,0.3333333333333333,0.5,0.47499999701976775,0.012759225443005562,40,0
imu,eccentricity,loso,20,8,0.42500001192092896,0.4924999877810478,0.06378674765157662,-0.06749997586011885,0.9047619047619048,0.5,0.4400000020861626,0.008106344379484653,40,0
imu,eccentricity,loso,20,9,0.75,0.515000008046627,0.08674676231353125,0.23499999195337296,0.047619047619047616,0.5,0.4449999988079071,0.05144933611154556,40,0
imu,eccentricity,loso,20,10,0.2750000059604645,0.5049999922513961,0.08426149624627288,-0.22999998629093166,1.0,0.5,0.4749999985098839,0.12103312462568283,40,0
imu,eccentricity,loso,20,11,0.4749999940395355,0.4899999901652336,0.059371706394399086,-0.014999996125698078,0.8571428571428571,0.5,0.49500000327825544,0.11086482554674149,40,0
imu,eccentricity,loso,20,12,0.550000011920929,0.4875,0.05448624499880494,0.06250001192092897,0.3333333333333333,0.5,0.37000000327825544,0.023136109113693237,40,0
imu,eccentricity,loso,20,13,0.5249999761581421,0.5174999862909317,0.04548350664946126,0.007499989867210344,0.7142857142857143,0.5,0.21250000223517418,0.012298285961151123,40,0
imu,eccentricity,loso,20,14,0.5249999761581421,0.48749999403953553,0.08496322260447449,0.037499982118606556,0.5238095238095238,0.5,0.46750000268220904,0.040148332715034485,40,0
imu,eccentricity,loso,20,15,0.6499999761581421,0.5050000041723252,0.06103278750286429,0.14499997198581693,0.047619047619047616,0.5,0.49750000387430193,0.0033738967031240463,40,0
imu,eccentricity,within,20,0,0.5953124761581421,0.4978125050663948,0.02360565300553771,0.0974999710917473,0.047619047619047616,0.5,0.47765624821186065,0.017516883090138435,640,0
imu,eccentricity,within,20,1,0.5921875238418579,0.4943749964237213,0.018674325532799248,0.09781252741813662,0.047619047619047616,0.5,0.49593750238418577,0.011548311449587345,640,0
imu,eccentricity,within,20,2,0.6156250238418579,0.4951562523841858,0.01857929947456386,0.1204687714576721,0.047619047619047616,0.5,0.4996875062584877,0.014593391679227352,640,0
imu,eccentricity,within,20,3,0.553459107875824,0.5064465433359147,0.018456599534705135,0.04701256453990932,0.047619047619047616,0.5,0.4971698150038719,0.03555277734994888,636,0
imu,eccentricity,within,20,4,0.5874999761581421,0.49359375387430193,0.024813269401537476,0.09390622228384016,0.047619047619047616,0.5,0.4629687532782555,0.010697318241000175,640,0
imu,eccentricity,loso,30,0,0.550000011920929,0.48999999910593034,0.09695359966890474,0.060000012814998616,0.5714285714285714,0.5,0.4250000059604645,0.08859386295080185,20,0
imu,eccentricity,loso,30,1,0.4736842215061188,0.47894737124443054,0.09100850628145059,-0.005263149738311768,0.7619047619047619,0.4736842215061188,0.3421052597463131,0.044431038200855255,19,0
imu,eccentricity,loso,30,2,0.6000000238418579,0.5050000101327896,0.08645808863701018,0.0950000137090683,0.38095238095238093,0.5,0.3300000078976154,0.012636014260351658,20,0
imu,eccentricity,loso,30,3,0.44999998807907104,0.49999999403953554,0.09746794528268256,-0.0500000059604645,0.9047619047619048,0.5,0.47000000551342963,0.0707654058933258,20,0
imu,eccentricity,loso,30,4,0.6499999761581421,0.44999999552965164,0.07071068444068242,0.19999998062849045,0.047619047619047616,0.5,0.490000008046627,0.025931743904948235,20,0
imu,eccentricity,loso,30,5,0.3499999940395355,0.5299999982118606,0.09797958995466301,-0.1800000041723251,1.0,0.5,0.4850000075995922,0.06222251057624817,20,0
imu,eccentricity,loso,30,6,0.6000000238418579,0.5200000107288361,0.07483315601908509,0.08000001311302185,0.42857142857142855,0.5,0.1750000026077032,0.17151883244514465,20,0
imu,eccentricity,loso,30,7,0.6000000238418579,0.4800000064074993,0.12884098675836775,0.12000001743435862,0.3333333333333333,0.5,0.48500000461936,0.05219496786594391,20,0
imu,eccentricity,loso,30,8,0.44999998807907104,0.5100000023841857,0.048989806535740844,-0.0600000143051147,1.0,0.5,0.10000000149011612,0.03366708382964134,20,0
imu,eccentricity,loso,30,9,0.550000011920929,0.5299999982118606,0.08717797709316304,0.020000013709068343,0.7142857142857143,0.5,0.3850000061094761,0.061555441468954086,20,0
imu,eccentricity,loso,30,10,0.44999998807907104,0.5049999982118607,0.11169154093262736,-0.055000010132789656,0.8571428571428571,0.5,0.5000000059604645,0.26566678285598755,20,0
imu,eccentricity,loso,30,11,0.44999998807907104,0.4849999934434891,0.0792148989807935,-0.03500000536441805,0.9047619047619048,0.5,0.4800000056624413,0.21028663218021393,20,0
imu,eccentricity,loso,30,12,0.5,0.5450000032782555,0.12835497143343616,-0.045000003278255485,0.7619047619047619,0.5,0.4850000113248825,0.07194232195615768,20,0
imu,eccentricity,loso,30,13,0.550000011920929,0.4899999976158142,0.04898980653574084,0.06000001430511476,0.42857142857142855,0.5,0.10000000149011612,0.07740055024623871,20,0
imu,eccentricity,loso,30,14,0.44999998807907104,0.5100000023841857,0.048989806535740844,-0.0600000143051147,1.0,0.5,0.10000000149011612,0.060054387897253036,20,0
imu,eccentricity,loso,30,15,0.5,0.4550000049173832,0.13592277085868223,0.04499999508261682,0.5238095238095238,0.5,0.5400000080466271,-0.003767977235838771,20,0
imu,eccentricity,within,30,0,0.574999988079071,0.50625,0.027950850385149457,0.06874998807907107,0.047619047619047616,0.5,0.49625000208616254,0.031032240018248558,320,0
imu,eccentricity,within,30,1,0.518750011920929,0.49750000089406965,0.024558599906792194,0.021250011026859306,0.19047619047619047,0.5,0.4993750035762787,0.0537874810397625,320,0
imu,eccentricity,within,30,2,0.5687500238418579,0.5087500005960465,0.025875300865224094,0.06000002324581144,0.09523809523809523,0.5,0.4943750023841858,0.027292702347040176,320,0
imu,eccentricity,within,30,3,0.5628930926322937,0.5066037684679031,0.020618473788345682,0.056289324164390586,0.047619047619047616,0.5,0.36886792331933976,0.08956395089626312,318,0
imu,eccentricity,within,30,4,0.574999988079071,0.5034375056624413,0.027419982920280216,0.07156248241662977,0.047619047619047616,0.5,0.4346875011920929,0.008877300657331944,320,0
imu,hemisphere,loso,5,0,0.44090908765792847,0.5018181830644608,0.030842173830069836,-0.06090909540653233,0.9523809523809523,0.5,0.5045454487204551,0.010057173669338226,220,0
imu,hemisphere,loso,5,1,0.779904305934906,0.48947369009256364,0.029068702272742122,0.29043061584234237,0.047619047619047616,0.5263158082962036,0.48468899428844453,0.005972307175397873,209,0
imu,hemisphere,loso,5,2,0.6454545259475708,0.49318181723356247,0.0255315379987615,0.15227270871400833,0.047619047619047616,0.5,0.35772727280855177,0.026030978187918663,220,0
imu,hemisphere,loso,5,3,0.8409090638160706,0.49181818664073945,0.025454549491408757,0.3490908771753311,0.047619047619047616,0.5,0.5099999904632568,0.02122606709599495,220,0
imu,hemisphere,loso,5,4,0.5227272510528564,0.5009090915322304,0.02609582430148808,0.021818159520626046,0.2857142857142857,0.5,0.4949999988079071,0.011798473075032234,220,0
imu,hemisphere,loso,5,5,0.7454545497894287,0.49954545348882673,0.027040680225041032,0.24590909630060198,0.047619047619047616,0.5,0.5049999982118607,0.02521204948425293,220,0
imu,hemisphere,loso,5,6,0.6818181872367859,0.4986363559961319,0.03139655401429374,0.18318183124065401,0.047619047619047616,0.5,0.4868181854486465,0.025609001517295837,220,0
imu,hemisphere,loso,5,7,0.5181818008422852,0.5118181765079498,0.025889148920221396,0.006363624334335349,0.38095238095238093,0.5,0.4754545450210571,0.016450071707367897,220,0
imu,hemisphere,loso,5,8,0.48636364936828613,0.49181818068027494,0.03478386803063221,-0.005454531311988808,0.6190476190476191,0.5,0.48636363446712494,0.026802347972989082,220,0
imu,hemisphere,loso,5,9,0.6863636374473572,0.5127272754907608,0.027257574376567624,0.17363636195659637,0.047619047619047616,0.5,0.4890909090638161,0.0158692579716444,220,0
imu,hemisphere,loso,5,10,0.5181818008422852,0.5059090852737427,0.03255954509652826,0.01227271556854248,0.47619047619047616,0.5,0.49681818336248396,0.02612149715423584,220,0
imu,hemisphere,loso,5,11,0.5,0.5095454543828964,0.031944556298795446,-0.009545454382896446,0.7142857142857143,0.5,0.4818181827664375,0.018941137939691544,220,0
imu,hemisphere,loso,5,12,0.6363636255264282,0.5036363586783409,0.022709080704323897,0.13272726684808733,0.047619047619047616,0.5,0.4940909057855606,0.012663761153817177,220,0
imu,hemisphere,loso,5,13,0.5545454621315002,0.5045454487204551,0.027648914557009335,0.0500000134110451,0.09523809523809523,0.5,0.47636363208293914,0.025779778137803078,220,0
imu,hemisphere,loso,5,14,0.7272727489471436,0.4918181762099266,0.025045412616598026,0.23545457273721693,0.047619047619047616,0.5,0.4954545423388481,0.02177591435611248,220,0
imu,hemisphere,loso,5,15,0.5409091114997864,0.5036363691091538,0.031215066154650268,0.03727274239063261,0.19047619047619047,0.5,0.4813636362552643,0.013545854948461056,220,0
imu,hemisphere,within,5,0,0.6721590757369995,0.4965909138321877,0.00804133109583067,0.17556816190481184,0.047619047619047616,0.5,0.4956250086426735,0.02447582595050335,3520,0
imu,hemisphere,within,5,1,0.6434659361839294,0.5022159054875374,0.006661068131459435,0.14125003069639208,0.047619047619047616,0.5,0.4910795480012894,0.010616373270750046,3520,0
imu,hemisphere,within,5,2,0.6255682110786438,0.5031250029802322,0.007441874337725648,0.12244320809841158,0.047619047619047616,0.5,0.44039772599935534,0.02713462896645069,3520,0
imu,hemisphere,within,5,3,0.5688965320587158,0.498227559030056,0.0066219991735943775,0.07066897302865982,0.047619047619047616,0.5031446814537048,0.46606632322072983,0.022268252447247505,3498,0
imu,hemisphere,within,5,4,0.6159090995788574,0.500056828558445,0.0069655031507840056,0.1158522710204124,0.047619047619047616,0.5,0.4918181896209717,0.0239113699644804,3520,0
imu,hemisphere,loso,10,0,0.5299999713897705,0.48099999874830246,0.04581484474411406,0.04899997264146805,0.2857142857142857,0.5,0.5150000005960464,0.014699332416057587,100,0
imu,hemisphere,loso,10,1,0.7473683953285217,0.4978947415947914,0.058900365432747515,0.24947365373373032,0.047619047619047616,0.5263158082962036,0.49578947126865386,0.010399505496025085,95,0
imu,hemisphere,loso,10,2,0.6600000262260437,0.5079999983310699,0.05741080656953358,0.1520000278949738,0.047619047619047616,0.5,0.47399999648332597,0.015903720632195473,100,0
imu,hemisphere,loso,10,3,0.7099999785423279,0.5069999933242798,0.05701753853043463,0.20299998521804807,0.047619047619047616,0.5,0.3610000014305115,0.01927874982357025,100,0
imu,hemisphere,loso,10,4,0.5199999809265137,0.49099999368190766,0.04170131595957199,0.028999987244606007,0.38095238095238093,0.5,0.4949999988079071,0.007312224246561527,100,0
imu,hemisphere,loso,10,5,0.800000011920929,0.49100000113248826,0.04836321402673802,0.3090000107884407,0.047619047619047616,0.5,0.4980000019073486,0.01641922816634178,100,0
imu,hemisphere,loso,10,6,0.6499999761581421,0.5079999923706054,0.03572113649901514,0.14199998378753664,0.047619047619047616,0.5,0.4639999970793724,0.0136126559227705,100,0
imu,hemisphere,loso,10,7,0.550000011920929,0.48400000035762786,0.03292415554872677,0.0660000115633011,0.14285714285714285,0.5,0.4869999960064888,0.0071564894169569016,100,0
imu,hemisphere,loso,10,8,0.5799999833106995,0.5139999985694885,0.06483825841239263,0.06599998474121094,0.23809523809523808,0.5,0.49599999785423277,0.012959333136677742,100,0
imu,hemisphere,loso,10,9,0.7599999904632568,0.502999997138977,0.04659399328545912,0.2569999933242798,0.047619047619047616,0.5,0.4939999982714653,0.01735381782054901,100,0
imu,hemisphere,loso,10,10,0.4699999988079071,0.5039999961853028,0.043863426051308975,-0.033999997377395674,0.9047619047619048,0.5,0.4739999994635582,0.04224691540002823,100,0
imu,hemisphere,loso,10,11,0.5,0.5030000016093255,0.049507581268730415,-0.0030000016093254533,0.6190476190476191,0.5,0.4249999985098839,0.011768273077905178,100,0
imu,hemisphere,loso,10,12,0.8399999737739563,0.48799999952316286,0.049152821629231826,0.35199997425079343,0.047619047619047616,0.5,0.4909999966621399,0.005586970131844282,100,0
imu,hemisphere,loso,10,13,0.5,0.4929999992251396,0.0305122940288615,0.007000000774860404,0.5238095238095238,0.5,0.5079999938607216,0.028637686744332314,100,0
imu,hemisphere,loso,10,14,0.7200000286102295,0.4960000038146973,0.049638699478302226,0.22400002479553222,0.047619047619047616,0.5,0.4989999994635582,0.034259285777807236,100,0
imu,hemisphere,loso,10,15,0.6100000143051147,0.49599999040365217,0.054808753297694746,0.11400002390146258,0.047619047619047616,0.5,0.4719999969005585,0.008192761801183224,100,0
imu,hemisphere,within,10,0,0.6862499713897705,0.5056875064969063,0.012148015874502585,0.1805624648928642,0.047619047619047616,0.5,0.48806250244379046,0.015601150691509247,1600,0
imu,hemisphere,within,10,1,0.671875,0.5045624926686287,0.010497579149701938,0.16731250733137126,0.047619047619047616,0.5,0.4936875030398369,0.016004309058189392,1600,0
imu,hemisphere,within,10,2,0.6518750190734863,0.500187499821186,0.011939141398765573,0.15168751925230028,0.047619047619047616,0.5,0.4970000058412552,0.020232565701007843,1600,0
imu,hemisphere,within,10,3,0.5691823959350586,0.5005660340189934,0.01788409444825503,0.06861636191606524,0.047619047619047616,0.5031446814537048,0.5002515748143196,0.013045492582023144,1590,0
imu,hemisphere,within,10,4,0.6418750286102295,0.5021874904632568,0.013929928460344614,0.13968753814697266,0.047619047619047616,0.5,0.49637501388788224,0.022680412977933884,1600,0
imu,hemisphere,loso,15,0,0.5666666626930237,0.4833333432674408,0.061010022711442354,0.08333331942558286,0.14285714285714285,0.5,0.4866666689515114,0.009617825970053673,60,0
imu,hemisphere,loso,15,1,0.6491228342056274,0.482456149160862,0.05644107987712054,0.16666668504476545,0.047619047619047616,0.5263158082962036,0.32982455641031266,0.0108135174959898,57,0
imu,hemisphere,loso,15,2,0.7333333492279053,0.4866666719317436,0.07023769188369539,0.24666667729616165,0.047619047619047616,0.5,0.48166667222976683,0.026583099737763405,60,0
imu,hemisphere,loso,15,3,0.6833333373069763,0.5099999904632568,0.05120764186279615,0.17333334684371948,0.047619047619047616,0.5,0.481666673719883,0.015116317197680473,60,0
imu,hemisphere,loso,15,4,0.550000011920929,0.521666656434536,0.08115485851820307,0.02833335548639293,0.5714285714285714,0.5,0.49333334267139434,0.016105229035019875,60,0
imu,hemisphere,loso,15,5,0.8166666626930237,0.508333320915699,0.07444236867806728,0.30833334177732463,0.047619047619047616,0.5,0.498333340883255,0.010258837603032589,60,0
imu,hemisphere,loso,15,6,0.7166666388511658,0.5099999859929085,0.07039570500178814,0.20666665285825725,0.047619047619047616,0.5,0.4933333367109299,0.025876475498080254,60,0
imu,hemisphere,loso,15,7,0.5333333611488342,0.4883333399891853,0.057999045018053065,0.045000021159648906,0.2857142857142857,0.5,0.4933333396911621,0.004624777473509312,60,0
imu,hemisphere,loso,15,8,0.6166666746139526,0.5183333277702331,0.05320297056957906,0.09833334684371953,0.09523809523809523,0.5,0.4866666719317436,0.028695251792669296,60,0
imu,hemisphere,loso,15,9,0.6833333373069763,0.49499999135732653,0.07092641263226337,0.1883333459496498,0.047619047619047616,0.5,0.48666667491197585,0.01861339434981346,60,0
imu,hemisphere,loso,15,10,0.38333332538604736,0.5116666629910469,0.06605974476681899,-0.12833333760499954,1.0,0.5,0.4633333370089531,0.07996149361133575,60,0
imu,hemisphere,loso,15,11,0.5666666626930237,0.4916666731238365,0.06313565816016552,0.07499998956918719,0.23809523809523808,0.5,0.42166667282581327,0.011424317955970764,60,0
imu,hemisphere,loso,15,12,0.800000011920929,0.5150000050663948,0.07339013069639239,0.2850000068545342,0.047619047619047616,0.5,0.5033333420753479,0.004777520429342985,60,0
imu,hemisphere,loso,15,13,0.6000000238418579,0.48833333551883695,0.06171169428995819,0.11166668832302096,0.09523809523809523,0.5,0.4833333432674408,0.026696648448705673,60,0
imu,hemisphere,loso,15,14,0.8166666626930237,0.4916666567325592,0.05150512579426204,0.32500000596046447,0.047619047619047616,0.5,0.5200000047683716,0.06246782839298248,60,0
imu,hemisphere,loso,15,15,0.6333333253860474,0.5066666752099991,0.05436502623403652,0.12666665017604828,0.047619047619047616,0.5,0.4883333399891853,0.007537486031651497,60,0
imu,hemisphere,within,15,0,0.703125,0.5074999943375588,0.015533070206085745,0.19562500566244123,0.047619047619047616,0.5,0.4831250041723251,0.01654159463942051,960,0
imu,hemisphere,within,15,1,0.6833333373069763,0.5003125026822091,0.014347417558171496,0.18302083462476726,0.047619047619047616,0.5,0.4770833343267441,0.013216976076364517,960,0
imu,hemisphere,within,15,2,0.6968749761581421,0.5047916680574417,0.017524783763366893,0.1920833081007004,0.047619047619047616,0.5,0.5009375005960465,0.017705176025629044,960,0
imu,hemisphere,within,15,3,0.5796645879745483,0.4986373096704483,0.012600869268851367,0.08102727830410006,0.047619047619047616,0.5031446814537048,0.4533542960882187,0.011828124523162842,954,0
imu,hemisphere,within,15,4,0.6625000238418579,0.5083333358168602,0.016627559602066112,0.15416668802499767,0.047619047619047616,0.5,0.4871875047683716,0.013825790025293827,960,0
imu,hemisphere,loso,20,0,0.574999988079071,0.5299999877810478,0.08046738564158762,0.0450000002980232,0.42857142857142855,0.5,0.4775000050663948,0.013239300809800625,40,0
imu,hemisphere,loso,20,1,0.8157894611358643,0.5315789431333542,0.10313640703668386,0.28421051800251007,0.047619047619047616,0.5263158082962036,0.48684210777282716,0.008961054496467113,38,0
imu,hemisphere,loso,20,2,0.699999988079071,0.4875000029802322,0.07395099779249717,0.21249998509883883,0.047619047619047616,0.5,0.37000000178813935,0.0967254638671875,40,0
imu,hemisphere,loso,20,3,0.824999988079071,0.494999997317791,0.08999999695354122,0.32999999076128006,0.047619047619047616,0.5,0.4625000014901161,0.05883938819169998,40,0
imu,hemisphere,loso,20,4,0.574999988079071,0.49499999433755876,0.07483314088557477,0.07999999374151229,0.2857142857142857,0.5,0.4949999988079071,0.021474985405802727,40,0
imu,hemisphere,loso,20,5,0.6499999761581421,0.505000002682209,0.06873863869771656,0.14499997347593307,0.09523809523809523,0.5,0.31750000044703486,0.040525440126657486,40,0
imu,hemisphere,loso,20,6,0.675000011920929,0.49999999552965163,0.09013878147331679,0.17500001639127732,0.14285714285714285,0.5,0.5000000029802323,0.01710779219865799,40,0
imu,hemisphere,loso,20,7,0.675000011920929,0.49749999344348905,0.06796137905712064,0.1775000184774399,0.047619047619047616,0.5,0.49000000208616257,0.012002147734165192,40,0
imu,hemisphere,loso,20,8,0.5249999761581421,0.4974999949336052,0.08870596788194023,0.027499981224536896,0.5714285714285714,0.5,0.4600000023841858,0.0334959477186203,40,0
imu,hemisphere,loso,20,9,0.675000011920929,0.5199999868869781,0.06689543982118576,0.15500002503395083,0.09523809523809523,0.5,0.5199999928474426,0.028180846944451332,40,0
imu,hemisphere,loso,20,10,0.44999998807907104,0.5000000014901161,0.05000000894069705,-0.0500000134110451,0.9523809523809523,0.5,0.17750000394880772,0.084428571164608,40,0
imu,hemisphere,loso,20,11,0.6000000238418579,0.4950000047683716,0.08789198264874878,0.10500001907348633,0.23809523809523808,0.5,0.4750000014901161,0.03879428654909134,40,0
imu,hemisphere,loso,20,12,0.800000011920929,0.47499999701976775,0.07331439372882835,0.3250000149011612,0.047619047619047616,0.5,0.4549999997019768,0.02952461689710617,40,0
imu,hemisphere,loso,20,13,0.550000011920929,0.48499999940395355,0.06344289766095668,0.0650000125169754,0.23809523809523808,0.5,0.47750000208616256,0.05569441244006157,40,0
imu,hemisphere,loso,20,14,0.75,0.5075000047683715,0.05309190807773719,0.24249999523162846,0.047619047619047616,0.5,0.4949999988079071,0.1402157098054886,40,0
imu,hemisphere,loso,20,15,0.6000000238418579,0.48999999910593034,0.09165151477707652,0.11000002473592757,0.23809523809523808,0.5,0.475,0.005674149375408888,40,0
imu,hemisphere,within,20,0,0.6968749761581421,0.5035937488079071,0.018282584229308754,0.193281227350235,0.047619047619047616,0.5,0.4971875011920929,0.031071489676833153,640,0
imu,hemisphere,within,20,1,0.671875,0.5015624985098839,0.016372731374931795,0.17031250149011612,0.047619047619047616,0.5,0.4675000011920929,0.01610741578042507,640,0
imu,hemisphere,within,20,2,0.6734374761581421,0.5081249967217445,0.023320541472568894,0.1653124794363976,0.047619047619047616,0.5,0.49421875178813934,0.015929602086544037,640,0
imu,hemisphere,within,20,3,0.606918215751648,0.498113214969635,0.022066424920352795,0.10880500078201294,0.047619047619047616,0.49685534834861755,0.4775157287716866,0.04491513967514038,636,0
imu,hemisphere,within,20,4,0.675000011920929,0.4990624964237213,0.01540786523070879,0.17593751549720765,0.047619047619047616,0.5,0.459375,0.021603899076581,640,0
imu,hemisphere,loso,30,0,0.30000001192092896,0.5100000068545342,0.08306624175054823,-0.20999999493360522,1.0,0.5,0.3200000084936619,0.06416049599647522,20,0
imu,hemisphere,loso,30,1,0.8421052694320679,0.46842105239629744,0.12664431011613167,0.3736842170357704,0.047619047619047616,0.5263158082962036,0.5210526347160339,0.030279377475380898,19,0
imu,hemisphere,loso,30,2,0.6000000238418579,0.4700000051409006,0.1345362398449465,0.1300000187009573,0.2857142857142857,0.5,0.5050000056624413,0.12235948443412781,20,0
imu,hemisphere,loso,30,3,0.800000011920929,0.5000000089406967,0.10488088709024766,0.3000000029802322,0.047619047619047616,0.5,0.4450000047683716,0.038331665098667145,20,0
imu,hemisphere,loso,30,4,0.5,0.5000000014901161,0.10488087998639743,-1.4901161415892261e-09,0.7142857142857143,0.5,0.34500000849366186,0.009215585887432098,20,0
imu,hemisphere,loso,30,5,0.800000011920929,0.515000008046627,0.08529361437218487,0.2850000038743019,0.047619047619047616,0.5,0.5000000059604645,0.01400105282664299,20,0
imu,hemisphere,loso,30,6,0.949999988079071,0.4849999934434891,0.13143439239895158,0.46499999463558195,0.047619047619047616,0.5,0.5150000102818012,0.02958001010119915,20,0
imu,hemisphere,loso,30,7,0.6000000238418579,0.4950000062584877,0.08645808441440392,0.10500001758337019,0.2857142857142857,0.5,0.5350000083446502,0.024043770506978035,20,0
imu,hemisphere,loso,30,8,0.6499999761581421,0.5099999949336051,0.11999999880790779,0.13999998122453694,0.2857142857142857,0.5,0.4200000040233135,0.028839241713285446,20,0
imu,hemisphere,loso,30,9,0.800000011920929,0.4950000077486038,0.08645808622409236,0.30500000417232515,0.047619047619047616,0.5,0.4850000075995922,0.06372792273759842,20,0
imu,hemisphere,loso,30,10,0.44999998807907104,0.4849999949336052,0.09096702795977149,-0.03500000685453414,0.9047619047619048,0.5,0.3700000062584877,0.085628442466259,20,0
imu,hemisphere,loso,30,11,0.44999998807907104,0.5249999940395356,0.10428326721572471,-0.07500000596046452,0.9047619047619048,0.5,0.44000001028180125,0.1456407904624939,20,0
imu,hemisphere,loso,30,12,0.8999999761581421,0.4950000077486038,0.11169154253358922,0.4049999684095383,0.047619047619047616,0.5,0.5000000089406967,0.04371503368020058,20,0
imu,hemisphere,loso,30,13,0.44999998807907104,0.4849999964237213,0.11079259854661684,-0.03500000834465028,0.7619047619047619,0.5,0.37000000700354574,0.05883106589317322,20,0
imu,hemisphere,loso,30,14,0.8500000238418579,0.509999991953373,0.11999999533097017,0.34000003188848493,0.047619047619047616,0.5,0.49000000953674316,0.05001584067940712,20,0
imu,hemisphere,loso,30,15,0.699999988079071,0.5050000101327896,0.11169154173310833,0.19499997794628143,0.09523809523809523,0.5,0.4800000093877316,0.004254501778632402,20,0
imu,hemisphere,within,30,0,0.7562500238418579,0.5046875044703484,0.02828945259290583,0.25156251937150953,0.047619047619047616,0.5,0.5006250068545341,0.037655699998140335,320,0
imu,hemisphere,within,30,1,0.6937500238418579,0.49468749910593035,0.03651171536189134,0.19906252473592756,0.047619047619047616,0.5,0.4856250032782555,0.061944473534822464,320,0
imu,hemisphere,within,30,2,0.7250000238418579,0.49375000447034834,0.0242866973473902,0.23125001937150957,0.047619047619047616,0.5,0.49749999642372134,0.03442708030343056,320,0
imu,hemisphere,within,30,3,0.650943398475647,0.49622641056776046,0.022624033498558245,0.15471698790788652,0.047619047619047616,0.49685534834861755,0.44056603908538816,0.018811581656336784,318,0
imu,hemisphere,within,30,4,0.671875,0.5134374931454658,0.021311946814002683,0.15843750685453417,0.047619047619047616,0.5,0.4568750038743019,0.02338719554245472,320,0
imu_video,eccentricity,loso,5,0,0.4636363685131073,0.5,0.03910147480164541,-0.0363636314868927,0.8095238095238095,0.5,0.46454545557498933,0.18271991610527039,220,0
imu_video,eccentricity,loso,5,1,0.7846890091896057,0.5057416245341301,0.031196027054517805,0.27894738465547564,0.047619047619047616,0.4736842215061188,0.4631578952074051,0.08772990852594376,209,0
imu_video,eccentricity,loso,5,2,0.6181818246841431,0.4854545399546623,0.025777169007544745,0.13272728472948075,0.047619047619047616,0.5,0.3459090903401375,0.038107119500637054,220,0
imu_video,eccentricity,loso,5,3,0.6727272868156433,0.4990909114480019,0.028877058800272314,0.17363637536764143,0.047619047619047616,0.5,0.38772727400064466,0.031637195497751236,220,0
imu_video,eccentricity,loso,5,4,0.7090908885002136,0.49863636344671247,0.030188802851655736,0.21045452505350115,0.047619047619047616,0.5,0.5,0.03106299787759781,220,0
imu_video,eccentricity,loso,5,5,0.5727272629737854,0.4949999988079071,0.024473802041866125,0.07772726416587827,0.047619047619047616,0.5,0.4899999976158142,0.040381427854299545,220,0
imu_video,eccentricity,loso,5,6,0.75,0.49681817889213564,0.02137330183151694,0.25318182110786436,0.047619047619047616,0.5,0.40681818425655364,0.012415926903486252,220,0
imu_video,eccentricity,loso,5,7,0.6136363744735718,0.5063636347651481,0.019412871551236284,0.10727273970842366,0.047619047619047616,0.5,0.3713636383414268,0.013797487132251263,220,0
imu_video,eccentricity,loso,5,8,0.4636363685131073,0.5027272671461105,0.014402701124662026,-0.03909089863300319,1.0,0.5,0.0704545434564352,0.02651551179587841,220,0
imu_video,eccentricity,loso,5,9,0.8454545736312866,0.497272726893425,0.024069460189444364,0.3481818467378616,0.047619047619047616,0.5,0.4827272713184357,0.030648794025182724,220,0
imu_video,eccentricity,loso,5,10,0.4681818187236786,0.49863636344671247,0.026391053279112106,-0.030454544723033883,0.9047619047619048,0.5,0.4522727280855179,0.01388561725616455,220,0
imu_video,eccentricity,loso,5,11,0.5045454502105713,0.49999999850988386,0.01829509936564059,0.004545451700687431,0.5238095238095238,0.5,0.20181818231940268,0.11673761159181595,220,0
imu_video,eccentricity,loso,5,12,0.8090909123420715,0.49727272391319277,0.023372649767610356,0.31181818842887876,0.047619047619047616,0.5,0.4545454517006874,0.03851470723748207,220,0
imu_video,eccentricity,loso,5,13,0.48181816935539246,0.4963636353611946,0.025936990463420028,-0.014545466005802143,0.7619047619047619,0.5,0.3295454517006874,0.02137896604835987,220,0
imu_video,eccentricity,loso,5,14,0.7727272510528564,0.48545454293489454,0.020610508890184363,0.2872727081179619,0.047619047619047616,0.5,0.4868181809782982,0.027306100353598595,220,0
imu_video,eccentricity,loso,5,15,0.6181818246841431,0.49954545348882673,0.029243213336119536,0.11863637119531634,0.047619047619047616,0.5,0.4677272722125053,0.016176503151655197,220,0
imu_video,eccentricity,within,5,0,0.6840909123420715,0.5033522784709931,0.00932043182838708,0.18073863387107847,0.047619047619047616,0.5,0.4359659105539322,0.027231106534600258,3520,0
imu_video,eccentricity,within,5,1,0.6625000238418579,0.5014772787690163,0.00844738928714038,0.16102274507284164,0.047619047619047616,0.5,0.4500852257013321,0.012648570351302624,3520,0
imu_video,eccentricity,within,5,2,0.6852272748947144,0.5057102307677269,0.0071925448016110114,0.17951704412698744,0.047619047619047616,0.5,0.49613636881113055,0.007277878001332283,3520,0
imu_video,eccentricity,within,5,3,0.6375071406364441,0.5020869076251984,0.008546305787529275,0.13542023301124573,0.047619047619047616,0.5,0.4983419135212898,0.01006357278674841,3498,0
imu_video,eccentricity,within,5,4,0.6113636493682861,0.5003977343440056,0.00870468212128068,0.11096591502428055,0.047619047619047616,0.5,0.49653410017490385,0.01859235391020775,3520,0
imu_video,eccentricity,loso,10,0,0.47999998927116394,0.4939999938011169,0.042000000817436815,-0.01400000452995298,0.8095238095238095,0.5,0.4719999969005585,0.013113563880324364,100,0
imu_video,eccentricity,loso,10,1,0.7157894968986511,0.5273684173822403,0.03425503061982835,0.18842107951641085,0.047619047619047616,0.4736842215061188,0.30210525542497635,0.047777850180864334,95,0
imu_video,eccentricity,loso,10,2,0.6800000071525574,0.4849999904632568,0.03398528834025556,0.19500001668930056,0.047619047619047616,0.5,0.40799999982118607,0.021092480048537254,100,0
imu_video,eccentricity,loso,10,3,0.6600000262260437,0.5049999982118607,0.06095080257862323,0.155000028014183,0.047619047619047616,0.5,0.5049999997019767,0.010592527687549591,100,0
imu_video,eccentricity,loso,10,4,0.7200000286102295,0.5159999951720238,0.03611093824924245,0.20400003343820572,0.047619047619047616,0.5,0.47799999862909315,0.028324035927653313,100,0
imu_video,eccentricity,loso,10,5,0.550000011920929,0.49099999368190766,0.045376204306540116,0.05900001823902129,0.19047619047619047,0.5,0.4759999945759773,0.004424893297255039,100,0
imu_video,eccentricity,loso,10,6,0.7900000214576721,0.506999994814396,0.04439593977164508,0.28300002664327617,0.047619047619047616,0.5,0.40799999982118607,0.03584472835063934,100,0
imu_video,eccentricity,loso,10,7,0.6700000166893005,0.5010000005364418,0.044034077984684505,0.16900001615285876,0.047619047619047616,0.5,0.3939999982714653,0.030721981078386307,100,0
imu_video,eccentricity,loso,10,8,0.47999998927116394,0.5049999907612801,0.013964234729641001,-0.025000001490116164,1.0,0.5,0.03999999910593033,0.018632547929883003,100,0
imu_video,eccentricity,loso,10,9,0.8600000143051147,0.5079999938607216,0.039698868110099095,0.35200002044439316,0.047619047619047616,0.5,0.47399999797344206,0.05268130078911781,100,0
imu_video,eccentricity,loso,10,10,0.4699999988079071,0.5069999992847443,0.05975784633305008,-0.03700000047683716,0.8095238095238095,0.5,0.497999994456768,0.05148616433143616,100,0
imu_video,eccentricity,loso,10,11,0.5099999904632568,0.4989999979734421,0.0371348882697341,0.010999992489814758,0.5714285714285714,0.5,0.2970000021159649,0.021290920674800873,100,0
imu_video,eccentricity,loso,10,12,0.7900000214576721,0.49899999648332594,0.0523354539850321,0.2910000249743462,0.047619047619047616,0.5,0.5099999994039536,0.015805214643478394,100,0
imu_video,eccentricity,loso,10,13,0.49000000953674316,0.4919999957084656,0.023579648463517157,-0.001999986171722423,0.7619047619047619,0.5,0.22099999859929084,0.028909478336572647,100,0
imu_video,eccentricity,loso,10,14,0.7799999713897705,0.4999999925494194,0.04242640574727841,0.2799999788403511,0.047619047619047616,0.5,0.503999999165535,0.029165402054786682,100,0
imu_video,eccentricity,loso,10,15,0.6100000143051147,0.4979999929666519,0.039191836073117936,0.11200002133846282,0.047619047619047616,0.5,0.41400000005960463,0.007605654187500477,100,0
imu_video,eccentricity,within,10,0,0.653124988079071,0.4975624904036522,0.008201322949340598,0.15556249767541885,0.047619047619047616,0.5,0.4384999990463257,0.019176166504621506,1600,0
imu_video,eccentricity,within,10,1,0.6631249785423279,0.5004999905824661,0.01103899305096932,0.1626249879598618,0.047619047619047616,0.5,0.44231249690055846,0.01130562461912632,1600,0
imu_video,eccentricity,within,10,2,0.6875,0.4980000078678131,0.0132606104167166,0.18949999213218688,0.047619047619047616,0.5,0.4799374982714653,0.014005664736032486,1600,0
imu_video,eccentricity,within,10,3,0.6339622735977173,0.49729560166597364,0.013170211020896388,0.13666667193174364,0.047619047619047616,0.5,0.4954716980457306,0.008678115904331207,1590,0
imu_video,eccentricity,within,10,4,0.5993750095367432,0.5018749952316284,0.010846947907518507,0.09750001430511479,0.047619047619047616,0.5,0.4842499986290932,0.004822843708097935,1600,0
imu_video,eccentricity,loso,15,0,0.44999998807907104,0.4849999889731407,0.056248456860203744,-0.03500000089406968,0.8095238095238095,0.5,0.5200000077486038,0.02893800102174282,60,0
imu_video,eccentricity,loso,15,1,0.8245614171028137,0.5122807085514068,0.051925084457102054,0.3122807085514069,0.047619047619047616,0.5263158082962036,0.41929824352264405,0.01706521585583687,57,0
imu_video,eccentricity,loso,15,2,0.699999988079071,0.49000000655651094,0.05174725281420877,0.2099999815225601,0.047619047619047616,0.5,0.448333340883255,0.0762016624212265,60,0
imu_video,eccentricity,loso,15,3,0.6666666865348816,0.5250000089406968,0.05464532845904302,0.14166667759418483,0.047619047619047616,0.5,0.47333334386348724,0.005471004173159599,60,0
imu_video,eccentricity,loso,15,4,0.699999988079071,0.47500000819563865,0.09596006389287515,0.2249999798834324,0.047619047619047616,0.5,0.5183333441615104,0.016469106078147888,60,0
imu_video,eccentricity,loso,15,5,0.5,0.5133333399891853,0.05906682120319935,-0.013333339989185289,0.6666666666666666,0.5,0.4533333405852318,0.016664981842041016,60,0
imu_video,eccentricity,loso,15,6,0.800000011920929,0.5083333373069763,0.06821127358439551,0.2916666746139527,0.047619047619047616,0.5,0.43000000566244123,0.05551657825708389,60,0
imu_video,eccentricity,loso,15,7,0.6666666865348816,0.5100000038743019,0.06591239893862777,0.1566666826605797,0.047619047619047616,0.5,0.49333334118127825,0.014284685254096985,60,0
imu_video,eccentricity,loso,15,8,0.4333333373069763,0.4916666716337204,0.02327374002226739,-0.05833333432674409,1.0,0.5,0.1216666717082262,0.01805715821683407,60,0
imu_video,eccentricity,loso,15,9,0.8333333134651184,0.5100000068545342,0.07461009949603759,0.32333330661058424,0.047619047619047616,0.5,0.43333334028720855,0.01549989078193903,60,0
imu_video,eccentricity,loso,15,10,0.550000011920929,0.5166666582226753,0.05477225702011605,0.03333335369825363,0.38095238095238093,0.5,0.4450000062584877,0.06193055585026741,60,0
imu_video,eccentricity,loso,15,11,0.4333333373069763,0.5050000071525573,0.06605973653347794,-0.07166666984558101,0.9047619047619048,0.5,0.48500000685453415,0.06699811667203903,60,0
imu_video,eccentricity,loso,15,12,0.8500000238418579,0.4983333259820938,0.0748888097917549,0.3516666978597641,0.047619047619047616,0.5,0.49000000953674316,0.00988298375159502,60,0
imu_video,eccentricity,loso,15,13,0.5333333611488342,0.49166667014360427,0.0392640641202415,0.04166669100522996,0.23809523809523808,0.5,0.18166667073965073,0.026697885245084763,60,0
imu_video,eccentricity,loso,15,14,0.7666666507720947,0.5133333384990693,0.05811865116753836,0.25333331227302547,0.047619047619047616,0.5,0.5016666755080224,0.0017503771232441068,60,0
imu_video,eccentricity,loso,15,15,0.6000000238418579,0.4933333396911621,0.06110101115206475,0.1066666841506958,0.09523809523809523,0.5,0.4933333396911621,0.0015112623805180192,60,0
imu_video,eccentricity,within,15,0,0.6875,0.49958333373069763,0.01618577558613227,0.18791666626930237,0.047619047619047616,0.5,0.4837500035762787,0.029762573540210724,960,0
imu_video,eccentricity,within,15,1,0.637499988079071,0.5057291716337204,0.013207003644791031,0.1317708164453506,0.047619047619047616,0.5,0.49864583611488345,0.022847190499305725,960,0
imu_video,eccentricity,within,15,2,0.6958333253860474,0.49979166835546496,0.014341747232482641,0.1960416570305824,0.047619047619047616,0.5,0.4941666752099991,0.0061326660215854645,960,0
imu_video,eccentricity,within,15,3,0.6257861852645874,0.5027253642678261,0.014173831848454338,0.1230608209967613,0.047619047619047616,0.5,0.4794549286365509,0.005142522510141134,954,0
imu_video,eccentricity,within,15,4,0.6020833253860474,0.5005208402872086,0.016547425686928477,0.1015624850988388,0.047619047619047616,0.5,0.4842708304524422,0.022968389093875885,960,0
imu_video,eccentricity,loso,20,0,0.5249999761581421,0.5124999895691872,0.09984362598495117,0.012499986588954903,0.7142857142857143,0.5,0.452499994635582,0.025071920827031136,40,0
imu_video,eccentricity,loso,20,1,0.7631579041481018,0.5210526257753372,0.06315789719422768,0.24210527837276463,0.047619047619047616,0.4736842215061188,0.36578947156667707,0.01648218370974064,38,0
imu_video,eccentricity,loso,20,2,0.675000011920929,0.4899999901652336,0.0593717038845907,0.18500002175569535,0.047619047619047616,0.5,0.3000000037252903,0.0318341925740242,40,0
imu_video,eccentricity,loso,20,3,0.699999988079071,0.49500000178813935,0.06689544138045692,0.2049999862909317,0.047619047619047616,0.5,0.4375,0.017560577020049095,40,0
imu_video,eccentricity,loso,20,4,0.550000011920929,0.48999999910593034,0.09027735148272252,0.060000012814998616,0.3333333333333333,0.5,0.4675000011920929,0.0860496386885643,40,0
imu_video,eccentricity,loso,20,5,0.574999988079071,0.5149999931454659,0.0751664776098362,0.059999994933605194,0.38095238095238093,0.5,0.4825000002980232,0.03958200663328171,40,0
imu_video,eccentricity,loso,20,6,0.625,0.5124999865889549,0.0414578076330088,0.1125000134110451,0.09523809523809523,0.5,0.22250000163912773,0.0637032613158226,40,0
imu_video,eccentricity,loso,20,7,0.6499999761581421,0.50750000923872,0.08699857046025802,0.14249996691942213,0.047619047619047616,0.5,0.44999999850988387,0.03275790438055992,40,0
imu_video,eccentricity,loso,20,8,0.375,0.48999999165534974,0.06538347376068586,-0.11499999165534974,1.0,0.5,0.2875000022351742,0.010816559195518494,40,0
imu_video,eccentricity,loso,20,9,0.8500000238418579,0.5100000083446503,0.07516649009908778,0.3400000154972076,0.047619047619047616,0.5,0.43250000327825544,0.05931635946035385,40,0
imu_video,eccentricity,loso,20,10,0.5249999761581421,0.49749999195337297,0.05584575805885684,0.027499984204769123,0.5714285714285714,0.5,0.40999999940395354,0.12157934904098511,40,0
imu_video,eccentricity,loso,20,11,0.574999988079071,0.5149999871850014,0.05147814387354462,0.06000000089406965,0.23809523809523808,0.5,0.28250000029802325,0.05563909560441971,40,0
imu_video,eccentricity,loso,20,12,0.7749999761581421,0.49499999135732653,0.09924716434463679,0.27999998480081556,0.047619047619047616,0.5,0.4599999964237213,0.016767526045441628,40,0
imu_video,eccentricity,loso,20,13,0.375,0.5074999868869782,0.03960744224813929,-0.13249998688697817,1.0,0.5,0.21750000193715097,0.04296074062585831,40,0
imu_video,eccentricity,loso,20,14,0.7250000238418579,0.5024999961256981,0.08135569848907269,0.22250002771615984,0.047619047619047616,0.5,0.4549999967217445,0.035771481692790985,40,0
imu_video,eccentricity,loso,20,15,0.625,0.4774999961256981,0.06609651236251478,0.1475000038743019,0.09523809523809523,0.5,0.4299999952316284,0.00033600637107156217,40,0
imu_video,eccentricity,within,20,0,0.6734374761581421,0.49484375268220904,0.021293044135717365,0.17859372347593305,0.047619047619047616,0.5,0.4589062511920929,0.04172426834702492,640,0
imu_video,eccentricity,within,20,1,0.6499999761581421,0.49531250447034836,0.017856313007631377,0.15468747168779373,0.047619047619047616,0.5,0.49624999761581423,0.06782088428735733,640,0
imu_video,eccentricity,within,20,2,0.6703125238418579,0.4989062488079071,0.02364026743372316,0.17140627503395078,0.047619047619047616,0.5,0.4576562508940697,0.01258935034275055,640,0
imu_video,eccentricity,within,20,3,0.6383647918701172,0.502358490228653,0.015529460342656185,0.1360063016414642,0.047619047619047616,0.5,0.5012578651309013,0.008645778521895409,636,0
imu_video,eccentricity,within,20,4,0.6187499761581421,0.4896874979138374,0.016420378658343008,0.12906247824430467,0.047619047619047616,0.5,0.49640624821186063,0.029197944328188896,640,0
imu_video,eccentricity,loso,30,0,0.5,0.515000008046627,0.1061838037359457,-0.015000008046627045,0.7142857142857143,0.5,0.3300000064074993,0.04216499254107475,20,0
imu_video,eccentricity,loso,30,1,0.8947368264198303,0.5105263203382492,0.12576635242335396,0.38421050608158114,0.047619047619047616,0.5263158082962036,0.4684210538864136,0.06567122042179108,19,0
imu_video,eccentricity,loso,30,2,0.6499999761581421,0.519999997317791,0.09539391867335346,0.12999997884035108,0.23809523809523808,0.5,0.4450000077486038,0.10519148409366608,20,0
imu_video,eccentricity,loso,30,3,0.6000000238418579,0.5200000077486038,0.09797959117133748,0.08000001609325413,0.42857142857142855,0.5,0.5150000050663948,0.05083155259490013,20,0
imu_video,eccentricity,loso,30,4,0.75,0.4549999997019768,0.08645809027434719,0.2950000002980232,0.047619047619047616,0.5,0.5100000068545342,0.02279137633740902,20,0
imu_video,eccentricity,loso,30,5,0.6000000238418579,0.4800000101327896,0.11661904014577112,0.12000001370906832,0.38095238095238093,0.5,0.5300000086426735,0.051208484917879105,20,0
imu_video,eccentricity,loso,30,6,0.8500000238418579,0.4299999952316284,0.08717798187914742,0.4200000286102295,0.047619047619047616,0.5,0.5300000071525574,0.11958792805671692,20,0
imu_video,eccentricity,loso,30,7,0.699999988079071,0.45500000566244125,0.08046738527122185,0.2449999824166298,0.047619047619047616,0.5,0.4400000095367432,0.052459776401519775,20,0
imu_video,eccentricity,loso,30,8,0.44999998807907104,0.5250000059604645,0.043301280513049246,-0.07500001788139343,1.0,0.5,0.09500000141561031,0.07716933637857437,20,0
imu_video,eccentricity,loso,30,9,0.75,0.4999999925494194,0.10723805280868264,0.2500000074505806,0.09523809523809523,0.5,0.46500000506639483,0.04892456531524658,20,0
imu_video,eccentricity,loso,30,10,0.44999998807907104,0.49999999552965163,0.12845232683070024,-0.050000007450580586,0.8095238095238095,0.5,0.47000000774860384,0.1891559660434723,20,0
imu_video,eccentricity,loso,30,11,0.30000001192092896,0.5250000119209289,0.1042832743602841,-0.22499999999999998,1.0,0.5,0.5100000098347663,0.07634267210960388,20,0
imu_video,eccentricity,loso,30,12,0.8999999761581421,0.4300000086426735,0.10535653846200241,0.4699999675154686,0.047619047619047616,0.5,0.5300000086426735,0.05144292861223221,20,0
imu_video,eccentricity,loso,30,13,0.5,0.47500000447034835,0.06224950026403514,0.024999995529651653,0.6666666666666666,0.5,0.180000002682209,0.04689547047019005,20,0
imu_video,eccentricity,loso,30,14,0.699999988079071,0.5300000041723252,0.10535653803769587,0.16999998390674587,0.19047619047619047,0.5,0.470000009983778,0.03594040125608444,20,0
imu_video,eccentricity,loso,30,15,0.8500000238418579,0.419999997317791,0.10049875985870282,0.43000002652406694,0.047619047619047616,0.5,0.5800000101327896,0.00844841543585062,20,0
imu_video,eccentricity,within,30,0,0.6499999761581421,0.4912500023841858,0.026250005619868233,0.15874997377395628,0.047619047619047616,0.5,0.5015625074505806,0.04667216166853905,320,0
imu_video,eccentricity,within,30,1,0.640625,0.5006249979138374,0.02541837698557895,0.1400000020861626,0.047619047619047616,0.5,0.4318750023841858,0.053009483963251114,320,0
imu_video,eccentricity,within,30,2,0.690625011920929,0.5043750002980232,0.028062431316784407,0.18625001162290578,0.047619047619047616,0.5,0.4637500002980232,0.01839333027601242,320,0
imu_video,eccentricity,within,30,3,0.6635220050811768,0.4959119498729706,0.03063577471075227,0.16761005520820615,0.047619047619047616,0.5,0.4924528360366821,0.019860368221998215,318,0
imu_video,eccentricity,within,30,4,0.640625,0.4990625023841858,0.01998778842112352,0.1415624976158142,0.047619047619047616,0.5,0.5,0.011370019987225533,320,0
imu_video,hemisphere,loso,5,0,0.3909091055393219,0.5068181827664375,0.03351020292302094,-0.11590907722711563,1.0,0.5,0.49954545348882673,0.02820492908358574,220,0
imu_video,hemisphere,loso,5,1,0.7224880456924438,0.4976076543331146,0.037613857946578594,0.22488039135932925,0.047619047619047616,0.5263158082962036,0.48660286962985994,0.017631545662879944,209,0
imu_video,hemisphere,loso,5,2,0.6818181872367859,0.49727272540330886,0.025729038132886097,0.18454546183347703,0.047619047619047616,0.5,0.47863636165857315,0.014697444625198841,220,0
imu_video,hemisphere,loso,5,3,0.831818163394928,0.5009090945124626,0.032448308114872086,0.3309090688824654,0.047619047619047616,0.5,0.49272727519273757,0.01572294719517231,220,0
imu_video,hemisphere,loso,5,4,0.550000011920929,0.5031818181276322,0.02304773702424261,0.04681819379329677,0.09523809523809523,0.5,0.4236363634467125,0.0667240098118782,220,0
imu_video,hemisphere,loso,5,5,0.7727272510528564,0.4990909069776535,0.030274228413198136,0.27363634407520293,0.047619047619047616,0.5,0.473181813955307,0.019010867923498154,220,0
imu_video,hemisphere,loso,5,6,0.7045454382896423,0.5009090900421143,0.03652238489071471,0.20363634824752808,0.047619047619047616,0.5,0.507272732257843,0.020948126912117004,220,0
imu_video,hemisphere,loso,5,7,0.6136363744735718,0.5013636320829391,0.031132211290440758,0.11227274239063267,0.047619047619047616,0.5,0.49727272391319277,0.024363206699490547,220,0
imu_video,hemisphere,loso,5,8,0.5136363506317139,0.4900000005960464,0.03796474984638833,0.02363635003566744,0.47619047619047616,0.5,0.504545447230339,0.017569497227668762,220,0
imu_video,hemisphere,loso,5,9,0.7454545497894287,0.5009090885519981,0.03301639731670277,0.2445454612374306,0.047619047619047616,0.5,0.48045454621315004,0.01831817999482155,220,0
imu_video,hemisphere,loso,5,10,0.48636364936828613,0.5109090968966484,0.032025306301689926,-0.024545447528362296,0.8571428571428571,0.5,0.4181818202137947,0.01770309917628765,220,0
imu_video,hemisphere,loso,5,11,0.6409090757369995,0.5049999982118607,0.022356059755448302,0.1359090775251388,0.047619047619047616,0.5,0.4486363634467125,0.02383728139102459,220,0
imu_video,hemisphere,loso,5,12,0.7636363506317139,0.48909090608358385,0.023284087573369625,0.27454544454813,0.047619047619047616,0.5,0.5136363536119462,0.01741587370634079,220,0
imu_video,hemisphere,loso,5,13,0.5090909004211426,0.49818181395530703,0.015902588747908637,0.010909086465835549,0.3333333333333333,0.5,0.35454545468091964,0.012300018221139908,220,0
imu_video,hemisphere,loso,5,14,0.8454545736312866,0.49363636076450346,0.035686881808300194,0.35181821286678316,0.047619047619047616,0.5,0.4995454475283623,0.01417333073914051,220,0
imu_video,hemisphere,loso,5,15,0.5636363625526428,0.5018181830644608,0.025486998084046513,0.06181817948818202,0.047619047619047616,0.5,0.4704545423388481,0.023856861516833305,220,0
imu_video,hemisphere,within,5,0,0.6877840757369995,0.4979545369744301,0.007520417196977187,0.18982953876256942,0.047619047619047616,0.5,0.48039772510528567,0.01962342858314514,3520,0
imu_video,hemisphere,within,5,1,0.6698863506317139,0.49863636791706084,0.006154746384010686,0.17124998271465303,0.047619047619047616,0.5,0.4972727373242378,0.008615800179541111,3520,0
imu_video,hemisphere,within,5,2,0.6633522510528564,0.5005113556981087,0.009004200891073635,0.16284089535474777,0.047619047619047616,0.5,0.49514205008745193,0.010939140804111958,3520,0
imu_video,hemisphere,within,5,3,0.6023442149162292,0.502372781932354,0.007336032880069146,0.09997143298387523,0.047619047619047616,0.49685534834861755,0.4951686725020409,0.012284955009818077,3498,0
imu_video,hemisphere,within,5,4,0.6323863863945007,0.496619325876236,0.0068876097056823765,0.13576706051826476,0.047619047619047616,0.5,0.4792045444250107,0.02783823385834694,3520,0
imu_video,hemisphere,loso,10,0,0.5799999833106995,0.49600000083446505,0.04127953854290227,0.08399998247623441,0.09523809523809523,0.5,0.4789999932050705,0.020080866292119026,100,0
imu_video,hemisphere,loso,10,1,0.800000011920929,0.5063157916069031,0.049585541198763315,0.29368422031402586,0.047619047619047616,0.5263158082962036,0.49684210419654845,0.010980788618326187,95,0
imu_video,hemisphere,loso,10,2,0.6800000071525574,0.5060000047087669,0.042473526897225014,0.17400000244379044,0.047619047619047616,0.5,0.4659999951720238,0.017744004726409912,100,0
imu_video,hemisphere,loso,10,3,0.9200000166893005,0.4940000012516975,0.06003332297317058,0.426000015437603,0.047619047619047616,0.5,0.5020000010728836,0.00844094343483448,100,0
imu_video,hemisphere,loso,10,4,0.5400000214576721,0.49899999648332594,0.05309425280233705,0.04100002497434618,0.2857142857142857,0.5,0.465999998152256,0.006659823469817638,100,0
imu_video,hemisphere,loso,10,5,0.7400000095367432,0.4939999982714653,0.05141984394366388,0.24600001126527787,0.047619047619047616,0.5,0.42299999594688414,0.0036183781921863556,100,0
imu_video,hemisphere,loso,10,6,0.7099999785423279,0.5049999982118607,0.045552165998409604,0.20499998033046718,0.047619047619047616,0.5,0.47100000232458117,0.014620084315538406,100,0
imu_video,hemisphere,loso,10,7,0.5600000023841858,0.49199999272823336,0.03429285150445695,0.06800000965595243,0.047619047619047616,0.5,0.4919999971985817,0.025596532970666885,100,0
imu_video,hemisphere,loso,10,8,0.5699999928474426,0.511999997496605,0.04142462854719789,0.05799999535083766,0.14285714285714285,0.5,0.46499999463558195,0.010237864218652248,100,0
imu_video,hemisphere,loso,10,9,0.7099999785423279,0.5039999976754188,0.052952808375805765,0.20599998086690907,0.047619047619047616,0.5,0.522000002861023,0.017965707927942276,100,0
imu_video,hemisphere,loso,10,10,0.5099999904632568,0.4939999967813492,0.04029888205172856,0.01599999368190763,0.47619047619047616,0.5,0.4479999989271164,0.03394600749015808,100,0
imu_video,hemisphere,loso,10,11,0.6700000166893005,0.49599999487400054,0.048207877876002406,0.1740000218153,0.047619047619047616,0.5,0.5069999992847443,0.019298940896987915,100,0
imu_video,hemisphere,loso,10,12,0.7900000214576721,0.5009999960660935,0.05117616358600475,0.28900002539157865,0.047619047619047616,0.5,0.45200000107288363,0.009588336572051048,100,0
imu_video,hemisphere,loso,10,13,0.49000000953674316,0.4979999929666519,0.033704595598265545,-0.007999983429908764,0.6666666666666666,0.5,0.3040000021457672,0.03415520489215851,100,0
imu_video,hemisphere,loso,10,14,0.7900000214576721,0.5049999952316284,0.05248809152602909,0.2850000262260437,0.047619047619047616,0.5,0.4989999979734421,0.024774545803666115,100,0
imu_video,hemisphere,loso,10,15,0.5400000214576721,0.4840000033378601,0.05817216613352552,0.056000018119812034,0.38095238095238093,0.5,0.4999999970197678,0.008397442288696766,100,0
imu_video,hemisphere,within,10,0,0.6974999904632568,0.5023750007152558,0.011346109344580213,0.19512498974800108,0.047619047619047616,0.5,0.4867500066757202,0.019866913557052612,1600,0
imu_video,hemisphere,within,10,1,0.6993749737739563,0.5038749948143959,0.011887495973864268,0.1954999789595604,0.047619047619047616,0.5,0.4915625020861626,0.009126856923103333,1600,0
imu_video,hemisphere,within,10,2,0.6606249809265137,0.4979999974370003,0.01226593224997497,0.16262498348951338,0.047619047619047616,0.5,0.48599999994039533,0.01761513762176037,1600,0
imu_video,hemisphere,within,10,3,0.5987421274185181,0.5044654086232185,0.012947270632399949,0.09427671879529953,0.047619047619047616,0.5031446814537048,0.4900628924369812,0.018739035353064537,1590,0
imu_video,hemisphere,within,10,4,0.6487500071525574,0.500812505185604,0.010009957116138828,0.14793750196695332,0.047619047619047616,0.5,0.4537500023841858,0.008530236780643463,1600,0
imu_video,hemisphere,loso,15,0,0.5166666507720947,0.4783333227038383,0.06080478934531238,0.0383333280682564,0.38095238095238093,0.5,0.5166666731238365,0.01865958794951439,60,0
imu_video,hemisphere,loso,15,1,0.8421052694320679,0.4982456132769585,0.06431685038720811,0.3438596561551094,0.047619047619047616,0.4736842215061188,0.5035087704658509,0.009800050407648087,57,0
imu_video,hemisphere,loso,15,2,0.7666666507720947,0.5000000014901161,0.0471404503229849,0.2666666492819786,0.047619047619047616,0.5,0.4983333423733711,0.04689791053533554,60,0
imu_video,hemisphere,loso,15,3,0.8999999761581421,0.5133333384990693,0.07023768919642001,0.38666663765907283,0.047619047619047616,0.5,0.4883333370089531,0.007497981656342745,60,0
imu_video,hemisphere,loso,15,4,0.5833333134651184,0.5199999928474426,0.06823163295491466,0.06333332061767583,0.2857142857142857,0.5,0.4566666752099991,0.009755896404385567,60,0
imu_video,hemisphere,loso,15,5,0.7166666388511658,0.5016666576266289,0.06006940717242822,0.2149999812245369,0.047619047619047616,0.5,0.45833333730697634,0.020325878635048866,60,0
imu_video,hemisphere,loso,15,6,0.75,0.516666653752327,0.08027729611947151,0.233333346247673,0.047619047619047616,0.5,0.5000000059604645,0.022135648876428604,60,0
imu_video,hemisphere,loso,15,7,0.5333333611488342,0.4866666704416275,0.05312459469310305,0.04666669070720675,0.19047619047619047,0.5,0.4900000050663948,0.014554949477314949,60,0
imu_video,hemisphere,loso,15,8,0.4833333194255829,0.5066666558384896,0.04841946460252506,-0.02333333641290669,0.8571428571428571,0.5,0.4900000035762787,0.02249603345990181,60,0
imu_video,hemisphere,loso,15,9,0.7166666388511658,0.5099999904632568,0.06879922705436153,0.20666664838790894,0.047619047619047616,0.5,0.4666666716337204,0.03764282912015915,60,0
imu_video,hemisphere,loso,15,10,0.3333333432674408,0.5033333390951157,0.06741249482858941,-0.1699999958276749,1.0,0.5,0.5066666722297668,0.05059295520186424,60,0
imu_video,hemisphere,loso,15,11,0.5333333611488342,0.4866666719317436,0.04136558139762306,0.04666668921709061,0.23809523809523808,0.5,0.5016666740179062,0.031093601137399673,60,0
imu_video,hemisphere,loso,15,12,0.8333333134651184,0.5100000068545342,0.0675771208671992,0.32333330661058424,0.047619047619047616,0.5,0.4550000071525574,0.014130868948996067,60,0
imu_video,hemisphere,loso,15,13,0.550000011920929,0.49166665971279144,0.060438219780610695,0.05833335220813751,0.2857142857142857,0.5,0.4383333384990692,0.036317065358161926,60,0
imu_video,hemisphere,loso,15,14,0.8666666746139526,0.4916666716337204,0.06902092938752866,0.3750000029802322,0.047619047619047616,0.5,0.4966666743159294,0.058672524988651276,60,0
imu_video,hemisphere,loso,15,15,0.6499999761581421,0.5083333268761635,0.060438220396990705,0.14166664928197858,0.047619047619047616,0.5,0.45666667371988295,0.005405452102422714,60,0
imu_video,hemisphere,within,15,0,0.7208333611488342,0.5015625104308128,0.013801594555350802,0.21927085071802144,0.047619047619047616,0.5,0.4972916692495346,0.0183967687189579,960,0
imu_video,hemisphere,within,15,1,0.703125,0.5026041671633721,0.014371603194280741,0.20052083283662792,0.047619047619047616,0.5,0.4966666713356972,0.021179208531975746,960,0
imu_video,hemisphere,within,15,2,0.6833333373069763,0.5022916749119759,0.015864828089125618,0.1810416623950004,0.047619047619047616,0.5,0.4984374985098839,0.011214259080588818,960,0
imu_video,hemisphere,within,15,3,0.5786163806915283,0.5022012576460838,0.02037401970838935,0.07641512304544451,0.047619047619047616,0.5031446814537048,0.4965408816933632,0.011881918646395206,954,0
imu_video,hemisphere,within,15,4,0.6583333611488342,0.5058333352208138,0.01835935525465447,0.15250002592802048,0.047619047619047616,0.5,0.5003125041723251,0.01743169128894806,960,0
imu_video,hemisphere,loso,20,0,0.625,0.5324999943375588,0.07790218107804053,0.09250000566244121,0.23809523809523808,0.5,0.49499999582767484,0.011049172841012478,40,0
imu_video,hemisphere,loso,20,1,0.9210526347160339,0.539473682641983,0.10242894416706384,0.3815789520740509,0.047619047619047616,0.4736842215061188,0.46052631437778474,0.02693825215101242,38,0
imu_video,hemisphere,loso,20,2,0.7250000238418579,0.47749999165534973,0.07495831686252692,0.24750003218650818,0.047619047619047616,0.5,0.4375,0.03500257059931755,40,0
imu_video,hemisphere,loso,20,3,0.800000011920929,0.49500000178813935,0.08500000466318752,0.3050000101327896,0.047619047619047616,0.5,0.49250000417232515,0.05348081514239311,40,0
imu_video,hemisphere,loso,20,4,0.5249999761581421,0.4824999913573265,0.06571718951044705,0.04249998480081557,0.47619047619047616,0.5,0.4424999997019768,0.02485642582178116,40,0
imu_video,hemisphere,loso,20,5,0.875,0.48749999403953553,0.08926784951436263,0.38750000596046447,0.047619047619047616,0.5,0.5124999985098839,0.010919502004981041,40,0
imu_video,hemisphere,loso,20,6,0.7250000238418579,0.5024999946355819,0.08437268336965906,0.22250002920627598,0.047619047619047616,0.5,0.5049999982118607,0.01735718548297882,40,0
imu_video,hemisphere,loso,20,7,0.375,0.5099999904632568,0.07262919367239647,-0.13499999046325684,1.0,0.5,0.5075000062584877,0.018662849441170692,40,0
imu_video,hemisphere,loso,20,8,0.6000000238418579,0.49749999940395356,0.09283722440615319,0.10250002443790435,0.14285714285714285,0.5,0.46250000298023225,0.050080474466085434,40,0
imu_video,hemisphere,loso,20,9,0.800000011920929,0.5125000044703484,0.05889610614253649,0.2875000074505806,0.047619047619047616,0.5,0.46750000268220904,0.02135675959289074,40,0
imu_video,hemisphere,loso,20,10,0.42500001192092896,0.4874999925494194,0.04437058838218234,-0.06249998062849044,1.0,0.5,0.2000000026077032,0.09595295041799545,40,0
imu_video,hemisphere,loso,20,11,0.4000000059604645,0.4850000008940697,0.059371716935593566,-0.08499999493360522,0.9523809523809523,0.5,0.2375000037252903,0.053637754172086716,40,0
imu_video,hemisphere,loso,20,12,0.875,0.4874999925494194,0.07048935630149852,0.3875000074505806,0.047619047619047616,0.5,0.5025000035762787,0.016446314752101898,40,0
imu_video,hemisphere,loso,20,13,0.4000000059604645,0.492500002682209,0.0506828412567909,-0.09249999672174453,1.0,0.5,0.31500000059604644,0.08269241452217102,40,0
imu_video,hemisphere,loso,20,14,0.8500000238418579,0.5175000041723251,0.06378675763836261,0.3325000196695328,0.047619047619047616,0.5,0.5000000029802323,0.071128249168396,40,0
imu_video,hemisphere,loso,20,15,0.574999988079071,0.4899999886751175,0.07921489371369683,0.08499999940395353,0.23809523809523808,0.5,0.5000000029802323,0.006720034405589104,40,0
imu_video,hemisphere,within,20,0,0.7109375,0.4953125,0.02096313595626223,0.215625,0.047619047619047616,0.5,0.49203125536441805,0.023435940966010094,640,0
imu_video,hemisphere,within,20,1,0.703125,0.5021874964237213,0.012267362295421686,0.2009375035762787,0.047619047619047616,0.5,0.4692187517881393,0.027850380167365074,640,0
imu_video,hemisphere,within,20,2,0.6640625,0.5045312508940697,0.023016534851657517,0.1595312491059303,0.047619047619047616,0.5,0.4981249988079071,0.023344092071056366,640,0
imu_video,hemisphere,within,20,3,0.5770440101623535,0.4981132045388222,0.02171633753131572,0.07893080562353133,0.047619047619047616,0.5031446814537048,0.48081761300563813,0.013337530195713043,636,0
imu_video,hemisphere,within,20,4,0.6499999761581421,0.4965625017881393,0.015016266513883911,0.15343747437000277,0.047619047619047616,0.5,0.37640624642372134,0.02850537747144699,640,0
imu_video,hemisphere,loso,30,0,0.6000000238418579,0.4500000052154064,0.11618949891136186,0.15000001862645151,0.19047619047619047,0.5,0.5250000044703483,0.013095253147184849,20,0
imu_video,hemisphere,loso,30,1,0.7894737124443054,0.5000000059604645,0.09341178905377333,0.28947370648384096,0.09523809523809523,0.4736842215061188,0.43684210777282717,0.020241135731339455,19,0
imu_video,hemisphere,loso,30,2,0.75,0.5100000023841857,0.09695359874674232,0.23999999761581425,0.047619047619047616,0.5,0.36500000655651094,0.05261022597551346,20,0
imu_video,hemisphere,loso,30,3,0.8999999761581421,0.49000000953674316,0.09433981612230703,0.4099999666213989,0.047619047619047616,0.5,0.5250000059604645,0.06445078551769257,20,0
imu_video,hemisphere,loso,30,4,0.44999998807907104,0.4549999967217445,0.08046739045633539,-0.00500000864267347,0.8095238095238095,0.5,0.4950000062584877,0.018677139654755592,20,0
imu_video,hemisphere,loso,30,5,0.699999988079071,0.5050000071525573,0.08645808536233604,0.19499998092651372,0.09523809523809523,0.5,0.32000000812113283,0.019299466162919998,20,0
imu_video,hemisphere,loso,30,6,0.8500000238418579,0.5050000011920929,0.07399324849298246,0.34500002264976504,0.047619047619047616,0.5,0.5050000041723252,0.021478738635778427,20,0
imu_video,hemisphere,loso,30,7,0.44999998807907104,0.5149999931454659,0.10136567170878663,-0.0650000050663948,0.8571428571428571,0.5,0.4150000050663948,0.016446761786937714,20,0
imu_video,hemisphere,loso,30,8,0.6000000238418579,0.5050000086426735,0.1160818680603794,0.09500001519918444,0.42857142857142855,0.5,0.4750000089406967,0.033619578927755356,20,0
imu_video,hemisphere,loso,30,9,0.8500000238418579,0.4699999958276749,0.08717798187914769,0.38000002801418303,0.047619047619047616,0.5,0.5300000131130218,0.03741268441081047,20,0
imu_video,hemisphere,loso,30,10,0.44999998807907104,0.47999999672174454,0.07810250145249682,-0.030000008642673492,0.8571428571428571,0.5,0.28500001057982444,0.17475053668022156,20,0
imu_video,hemisphere,loso,30,11,0.4000000059604645,0.5050000056624413,0.12031209169046106,-0.10499999970197682,0.9047619047619048,0.5,0.41000000685453414,0.07358327507972717,20,0
imu_video,hemisphere,loso,30,12,1.0,0.49000000581145287,0.1220655560230549,0.5099999941885471,0.047619047619047616,0.5,0.5100000083446503,0.023654304444789886,20,0
imu_video,hemisphere,loso,30,13,0.4000000059604645,0.49000000655651094,0.07681146143621707,-0.09000000059604646,0.9523809523809523,0.5,0.2950000073760748,0.042492564767599106,20,0
imu_video,hemisphere,loso,30,14,0.800000011920929,0.5200000062584877,0.1166190360569264,0.2800000056624412,0.047619047619047616,0.5,0.4750000059604645,0.12158901989459991,20,0
imu_video,hemisphere,loso,30,15,0.550000011920929,0.4849999964237213,0.09096702902452596,0.06500001549720763,0.47619047619047616,0.5,0.3850000061094761,0.009149325080215931,20,0
imu_video,hemisphere,within,30,0,0.737500011920929,0.5046875029802322,0.032166257817410546,0.23281250894069672,0.047619047619047616,0.5,0.489375002682209,0.020873282104730606,320,0
imu_video,hemisphere,within,30,1,0.703125,0.4971874997019768,0.03071256614052982,0.2059375002980232,0.047619047619047616,0.5,0.4850000023841858,0.0405203178524971,320,0
imu_video,hemisphere,within,30,2,0.7124999761581421,0.4940625041723251,0.023424997006806593,0.21843747198581698,0.047619047619047616,0.5,0.49374999552965165,0.05354081839323044,320,0
imu_video,hemisphere,within,30,3,0.5943396091461182,0.49999999403953554,0.02293657301371443,0.09433961510658262,0.047619047619047616,0.49685534834861755,0.4987421452999115,0.026467125862836838,318,0
imu_video,hemisphere,within,30,4,0.6781250238418579,0.5096874997019768,0.028944654640648375,0.1684375241398811,0.047619047619047616,0.5,0.5015624985098839,0.025058818981051445,320,0
video,eccentricity,loso,5,0,0.5590909123420715,0.4963636413216591,0.0322567188729351,0.06272727102041242,0.047619047619047616,0.5,0.46727272421121596,0.013946031220257282,220,0
video,eccentricity,loso,5,1,0.7772727012634277,0.5077272742986679,0.03139655565386147,0.2695454269647598,0.047619047619047616,0.5,0.4290909096598625,0.024961521849036217,220,0
video,eccentricity,loso,5,2,0.7090908885002136,0.49045454561710355,0.02749530658053913,0.21863634288311007,0.047619047619047616,0.5,0.4300000011920929,0.06268638372421265,220,0
video,eccentricity,loso,5,3,0.7090908885002136,0.49499999582767484,0.0299413944974095,0.21409089267253878,0.047619047619047616,0.5,0.3918181836605072,0.007269658148288727,220,0
video,eccentricity,loso,5,4,0.6909090876579285,0.5022727280855179,0.028440894414615996,0.18863635957241054,0.047619047619047616,0.5,0.4731818184256554,0.021221408620476723,220,0
video,eccentricity,loso,5,5,0.5863636136054993,0.4990909069776535,0.027633973658982337,0.08727270662784575,0.047619047619047616,0.5,0.5013636305928231,0.02965463139116764,220,0
video,eccentricity,loso,5,6,0.7818182110786438,0.5013636335730552,0.023754074901659806,0.28045457750558855,0.047619047619047616,0.5,0.41727272868156434,0.014221077784895897,220,0
video,eccentricity,loso,5,7,0.6454545259475708,0.5086363539099693,0.020015485636900053,0.1368181720376015,0.047619047619047616,0.5,0.325454543530941,0.026747293770313263,220,0
video,eccentricity,loso,5,8,0.5090909004211426,0.5059090837836265,0.026076016656252782,0.003181816637516044,0.5714285714285714,0.5,0.2613636329770088,0.01962892711162567,220,0
video,eccentricity,loso,5,9,0.7727272510528564,0.4927272692322731,0.03444962897832116,0.27999998182058333,0.047619047619047616,0.5,0.5127272665500641,0.020145757123827934,220,0
video,eccentricity,loso,5,10,0.6000000238418579,0.5031818196177482,0.027010099918800094,0.0968182042241097,0.047619047619047616,0.5,0.3886363670229912,0.010490900836884975,220,0
video,eccentricity,loso,5,11,0.5409091114997864,0.4931818187236786,0.03301326985109152,0.047727292776107766,0.09523809523809523,0.5,0.4472727283835411,0.011250889860093594,220,0
video,eccentricity,loso,5,12,0.8090909123420715,0.495909084379673,0.03194454830520161,0.3131818279623985,0.047619047619047616,0.5,0.48999999463558197,0.01370867807418108,220,0
video,eccentricity,loso,5,13,0.48636364936828613,0.4950000047683716,0.02530393912829835,-0.00863635540008545,0.7142857142857143,0.5,0.2586363613605499,0.025885984301567078,220,0
video,eccentricity,loso,5,14,0.8227272629737854,0.4840909093618393,0.026484825583162633,0.3386363536119461,0.047619047619047616,0.5,0.5090909108519555,0.0073085990734398365,220,0
video,eccentricity,loso,5,15,0.5590909123420715,0.5027272745966911,0.029401748757778977,0.056363637745380446,0.09523809523809523,0.5,0.4531818196177483,0.014335599727928638,220,0
video,eccentricity,within,5,0,0.6738636493682861,0.5023011416196823,0.007965646550964274,0.17156250774860382,0.047619047619047616,0.5,0.46926136314868927,0.016627298668026924,3520,0
video,eccentricity,within,5,1,0.6656249761581421,0.5010795429348945,0.009674792222959883,0.16454543322324755,0.047619047619047616,0.5,0.47122158855199814,0.012220609001815319,3520,0
video,eccentricity,within,5,2,0.6988636255264282,0.5050284191966057,0.007766186725789954,0.19383520632982254,0.047619047619047616,0.5,0.4848011374473572,0.023664740845561028,3520,0
video,eccentricity,within,5,3,0.621306836605072,0.5018465831875801,0.00717097259555002,0.11946025341749189,0.047619047619047616,0.5,0.4827556788921356,0.010363355278968811,3520,0
video,eccentricity,within,5,4,0.606249988079071,0.5011363700032234,0.008687792884236632,0.10511361807584763,0.047619047619047616,0.5,0.4902272760868073,0.01570369489490986,3520,0
video,eccentricity,loso,10,0,0.47999998927116394,0.5009999990463256,0.05812917260400832,-0.0210000097751617,0.7619047619047619,0.5,0.478999999165535,0.007345376070588827,100,0
video,eccentricity,loso,10,1,0.7300000190734863,0.5020000010728836,0.06241794810828129,0.22800001800060277,0.047619047619047616,0.5,0.48700000047683717,0.0185060016810894,100,0
video,eccentricity,loso,10,2,0.6800000071525574,0.4950000002980232,0.03840573110610399,0.18500000685453416,0.047619047619047616,0.5,0.38900000005960467,0.019881295040249825,100,0
video,eccentricity,loso,10,3,0.6600000262260437,0.5040000006556511,0.05535341450911786,0.1560000255703926,0.047619047619047616,0.5,0.46099999994039537,0.013760112226009369,100,0
video,eccentricity,loso,10,4,0.6800000071525574,0.5149999961256981,0.040435135029321494,0.16500001102685924,0.047619047619047616,0.5,0.46200000047683715,0.006641728337854147,100,0
video,eccentricity,loso,10,5,0.5600000023841858,0.49100000113248826,0.06495383606136897,0.06900000125169753,0.14285714285714285,0.5,0.4889999970793724,0.023354198783636093,100,0
video,eccentricity,loso,10,6,0.7300000190734863,0.5049999967217446,0.04189271734974968,0.22500002235174177,0.047619047619047616,0.5,0.36299999952316286,0.009172400459647179,100,0
video,eccentricity,loso,10,7,0.6399999856948853,0.5059999972581863,0.05063595463474246,0.1339999884366989,0.047619047619047616,0.5,0.3830000013113022,0.022257084026932716,100,0
video,eccentricity,loso,10,8,0.46000000834465027,0.49999999850988386,0.037416578806045195,-0.03999999016523359,0.8571428571428571,0.5,0.21599999964237213,0.01843390241265297,100,0
video,eccentricity,loso,10,9,0.8299999833106995,0.5049999952316284,0.03456876665527963,0.32499998807907104,0.047619047619047616,0.5,0.4279999971389771,0.025235477834939957,100,0
video,eccentricity,loso,10,10,0.6000000238418579,0.5129999995231629,0.03861347616684125,0.08700002431869502,0.047619047619047616,0.5,0.4569999948143959,0.01663953624665737,100,0
video,eccentricity,loso,10,11,0.49000000953674316,0.5099999979138374,0.05253570536839263,-0.01999998837709427,0.7619047619047619,0.5,0.40100000351667403,0.01672816090285778,100,0
video,eccentricity,loso,10,12,0.7300000190734863,0.5109999895095825,0.03433656445518137,0.21900002956390385,0.047619047619047616,0.5,0.34500000476837156,0.006322451401501894,100,0
video,eccentricity,loso,10,13,0.4399999976158142,0.4980000004172325,0.023579662492805138,-0.058000002801418316,1.0,0.5,0.10999999903142452,0.07294920831918716,100,0
video,eccentricity,loso,10,14,0.75,0.5009999945759773,0.03192177383661131,0.24900000542402267,0.047619047619047616,0.5,0.4810000002384186,0.020656254142522812,100,0
video,eccentricity,loso,10,15,0.5699999928474426,0.49799998849630356,0.05979966314278476,0.07200000435113907,0.19047619047619047,0.5,0.4799999952316284,0.01144154742360115,100,0
video,eccentricity,within,10,0,0.6743749976158142,0.49831249117851256,0.010249042444457717,0.17606250643730165,0.047619047619047616,0.5,0.5008750066161156,0.005230254027992487,1600,0
video,eccentricity,within,10,1,0.6643750071525574,0.49956249743700026,0.00962804322196307,0.1648125097155571,0.047619047619047616,0.5,0.4806874990463257,0.010721259750425816,1600,0
video,eccentricity,within,10,2,0.6918749809265137,0.4991249993443489,0.013226397338130292,0.19274998158216478,0.047619047619047616,0.5,0.4882499992847443,0.011327038519084454,1600,0
video,eccentricity,within,10,3,0.6518750190734863,0.5003749936819076,0.013495367223288934,0.1515000253915787,0.047619047619047616,0.5,0.49362500458955766,0.022729448974132538,1600,0
video,eccentricity,within,10,4,0.596875011920929,0.5037499979138375,0.010602917692821167,0.0931250140070915,0.047619047619047616,0.5,0.47387499660253524,0.006539093796163797,1600,0
video,eccentricity,loso,15,0,0.5166666507720947,0.48499999195337296,0.051071849362014074,0.03166665881872177,0.47619047619047616,0.5,0.33166667595505717,0.014232663437724113,60,0
video,eccentricity,loso,15,1,0.8166666626930237,0.5049999952316284,0.05988415333849853,0.31166666746139526,0.047619047619047616,0.5,0.48000000715255736,0.020065803080797195,60,0
video,eccentricity,loso,15,2,0.7333333492279053,0.5000000104308129,0.06146363655744493,0.2333333387970924,0.047619047619047616,0.5,0.4250000059604645,0.03226923570036888,60,0
video,eccentricity,loso,15,3,0.6333333253860474,0.4966666713356972,0.04932883101964997,0.13666665405035017,0.047619047619047616,0.5,0.4016666725277901,0.005842297337949276,60,0
video,eccentricity,loso,15,4,0.6666666865348816,0.49166667014360427,0.06739188950441183,0.17500001639127732,0.047619047619047616,0.5,0.4133333399891853,0.005518349818885326,60,0
video,eccentricity,loso,15,5,0.5833333134651184,0.5033333286643028,0.05715476751308221,0.0799999848008156,0.14285714285714285,0.5,0.47500000447034835,0.018127553164958954,60,0
video,eccentricity,loso,15,6,0.75,0.4999999925494194,0.06454972589950811,0.2500000074505806,0.047619047619047616,0.5,0.3750000074505806,0.012513217516243458,60,0
video,eccentricity,loso,15,7,0.6833333373069763,0.5033333256840706,0.0702376938637935,0.1800000116229057,0.047619047619047616,0.5,0.4166666716337204,0.05800595134496689,60,0
video,eccentricity,loso,15,8,0.44999998807907104,0.48999998569488523,0.02260776526288966,-0.03999999761581419,1.0,0.5,0.09333333522081375,0.03280683979392052,60,0
video,eccentricity,loso,15,9,0.8166666626930237,0.49666665494441986,0.07180219536237703,0.3200000077486038,0.047619047619047616,0.5,0.4500000044703484,0.015052633360028267,60,0
video,eccentricity,loso,15,10,0.6000000238418579,0.5016666740179062,0.0581903048341366,0.0983333498239517,0.09523809523809523,0.5,0.45333333760499955,0.009725193493068218,60,0
video,eccentricity,loso,15,11,0.44999998807907104,0.49999998807907103,0.05627314268097953,-0.04999999999999999,0.9523809523809523,0.5,0.5033333390951157,0.008018366061151028,60,0
video,eccentricity,loso,15,12,0.7833333611488342,0.4916666552424431,0.07061240020772785,0.29166670590639115,0.047619047619047616,0.5,0.4383333384990692,0.006803734693676233,60,0
video,eccentricity,loso,15,13,0.5166666507720947,0.4899999886751175,0.0543650214830622,0.02666666209697721,0.42857142857142855,0.5,0.29833334386348725,0.0339488685131073,60,0
video,eccentricity,loso,15,14,0.7333333492279053,0.49833334386348727,0.0618914859068431,0.235000005364418,0.047619047619047616,0.5,0.4683333396911621,0.009482022374868393,60,0
video,eccentricity,loso,15,15,0.6499999761581421,0.5183333218097687,0.05722761477391616,0.13166665434837344,0.09523809523809523,0.5,0.47000000476837156,0.007938128896057606,60,0
video,eccentricity,within,15,0,0.6812499761581421,0.502916669845581,0.019211903949094278,0.17833330631256106,0.047619047619047616,0.5,0.4520833343267441,0.004978186450898647,960,0
video,eccentricity,within,15,1,0.6499999761581421,0.5058333322405815,0.01316956043044904,0.14416664391756062,0.047619047619047616,0.5,0.43145833611488343,0.018240517005324364,960,0
video,eccentricity,within,15,2,0.6927083134651184,0.4995833307504654,0.020519512324813523,0.193124982714653,0.047619047619047616,0.5,0.4939583346247673,0.010534402914345264,960,0
video,eccentricity,within,15,3,0.6395833492279053,0.5006250038743019,0.016524124300332302,0.1389583453536034,0.047619047619047616,0.5,0.49229167252779005,0.009696738794445992,960,0
video,eccentricity,within,15,4,0.6083333492279053,0.498020838201046,0.013183978293355035,0.1103125110268593,0.047619047619047616,0.5,0.45541666746139525,0.014351937919855118,960,0
video,eccentricity,loso,20,0,0.574999988079071,0.5024999901652336,0.07495831462611004,0.07249999791383743,0.38095238095238093,0.5,0.42249999940395355,0.011056210845708847,40,0
video,eccentricity,loso,20,1,0.800000011920929,0.5125000059604645,0.0629980243569885,0.28750000596046443,0.047619047619047616,0.5,0.4699999988079071,0.024349799379706383,40,0
video,eccentricity,loso,20,2,0.6499999761581421,0.4875000029802322,0.06299802140031589,0.16249997317790987,0.047619047619047616,0.5,0.3300000041723251,0.017976336181163788,40,0
video,eccentricity,loso,20,3,0.7250000238418579,0.49999999105930326,0.0602079686865505,0.22500003278255465,0.047619047619047616,0.5,0.4375000029802322,0.015957480296492577,40,0
video,eccentricity,loso,20,4,0.699999988079071,0.505000002682209,0.07053368393345494,0.19499998539686203,0.047619047619047616,0.5,0.49999999850988386,0.009395354427397251,40,0
video,eccentricity,loso,20,5,0.574999988079071,0.5174999907612801,0.0869985622387921,0.057499997317790985,0.42857142857142855,0.5,0.4774999931454659,0.007493073120713234,40,0
video,eccentricity,loso,20,6,0.675000011920929,0.49249999076128004,0.05309189271120213,0.18250002115964892,0.047619047619047616,0.5,0.3150000020861626,0.039489950984716415,40,0
video,eccentricity,loso,20,7,0.675000011920929,0.5174999922513962,0.07462405540676902,0.15750001966953275,0.09523809523809523,0.5,0.3924999997019768,0.014192218892276287,40,0
video,eccentricity,loso,20,8,0.44999998807907104,0.5,0.03535534748869708,-0.050000011920928955,1.0,0.5,0.10000000149011612,0.026231786236166954,40,0
video,eccentricity,loso,20,9,0.675000011920929,0.5249999985098839,0.08660253607685012,0.15000001341104507,0.14285714285714285,0.5,0.46749999970197675,0.012634382583200932,40,0
video,eccentricity,loso,20,10,0.550000011920929,0.4825000002980232,0.06378676353699,0.06750001162290575,0.2857142857142857,0.5,0.43499999642372134,0.00494241202250123,40,0
video,eccentricity,loso,20,11,0.550000011920929,0.5250000029802322,0.05123475877409418,0.02500000894069676,0.47619047619047616,0.5,0.31000000387430193,0.023535195738077164,40,0
video,eccentricity,loso,20,12,0.875,0.5249999910593033,0.08803408498535875,0.3500000089406967,0.047619047619047616,0.5,0.4475000023841858,0.01019948348402977,40,0
video,eccentricity,loso,20,13,0.5249999761581421,0.5174999862909317,0.04264680006689235,0.007499989867210344,0.6666666666666666,0.5,0.1375000050291419,0.03483708202838898,40,0
video,eccentricity,loso,20,14,0.7250000238418579,0.5149999916553497,0.06999999369893847,0.2100000321865082,0.047619047619047616,0.5,0.4824999988079071,0.012866907753050327,40,0
video,eccentricity,loso,20,15,0.574999988079071,0.48999999314546583,0.06726811511828237,0.08499999493360522,0.19047619047619047,0.5,0.4775000035762787,0.008718984201550484,40,0
video,eccentricity,within,20,0,0.684374988079071,0.49984374791383746,0.022631446088134888,0.1845312401652336,0.047619047619047616,0.5,0.4618749976158142,0.007200358435511589,640,0
video,eccentricity,within,20,1,0.621874988079071,0.4976562485098839,0.01856352210532773,0.12421873956918716,0.047619047619047616,0.5,0.4812500014901161,0.01540553942322731,640,0
video,eccentricity,within,20,2,0.690625011920929,0.49640624821186063,0.019143650793776647,0.19421876370906832,0.047619047619047616,0.5,0.49453125,0.0122231375426054,640,0
video,eccentricity,within,20,3,0.629687488079071,0.48859374672174455,0.019118129811744863,0.1410937413573265,0.047619047619047616,0.5,0.5068750023841858,0.011273354291915894,640,0
video,eccentricity,within,20,4,0.628125011920929,0.48765625059604645,0.019972519999451613,0.1404687613248825,0.047619047619047616,0.5,0.45953125059604644,0.037931811064481735,640,0
video,eccentricity,loso,30,0,0.44999998807907104,0.5199999913573266,0.10999999547546634,-0.07000000327825551,0.9047619047619048,0.5,0.435000005364418,0.007720425259321928,20,0
video,eccentricity,loso,30,1,0.800000011920929,0.4950000077486038,0.10234744899558917,0.30500000417232515,0.047619047619047616,0.5,0.47500000670552256,0.0379859134554863,20,0
video,eccentricity,loso,30,2,0.6000000238418579,0.5300000101327896,0.11445523189128806,0.07000001370906828,0.5238095238095238,0.5,0.3950000062584877,0.05115459859371185,20,0
video,eccentricity,loso,30,3,0.6499999761581421,0.4999999970197678,0.12041594603541843,0.14999997913837432,0.23809523809523808,0.5,0.46500000804662706,0.06071634963154793,20,0
video,eccentricity,loso,30,4,0.6499999761581421,0.4899999961256981,0.0860232548183859,0.15999998003244398,0.14285714285714285,0.5,0.4500000074505806,0.011308439075946808,20,0
video,eccentricity,loso,30,5,0.550000011920929,0.4799999982118607,0.11000000102953549,0.07000001370906828,0.5238095238095238,0.5,0.5250000074505806,0.0002353166346438229,20,0
video,eccentricity,loso,30,6,0.75,0.4499999970197678,0.08366600835270213,0.3000000029802322,0.047619047619047616,0.5,0.4150000050663948,0.038950879126787186,20,0
video,eccentricity,loso,30,7,0.75,0.45499999821186066,0.08046739221557013,0.29500000178813934,0.047619047619047616,0.5,0.4800000086426735,0.021759700030088425,20,0
video,eccentricity,loso,30,8,0.44999998807907104,0.5250000059604645,0.043301280513049246,-0.07500001788139343,1.0,0.5,0.09500000141561031,0.012415665201842785,20,0
video,eccentricity,loso,30,9,0.800000011920929,0.4750000059604645,0.1177921876168292,0.32500000596046447,0.047619047619047616,0.5,0.4750000059604645,0.0014313647989183664,20,0
video,eccentricity,loso,30,10,0.6499999761581421,0.48999999910593034,0.11575836907939357,0.15999997705221175,0.19047619047619047,0.5,0.365000007301569,0.03324886038899422,20,0
video,eccentricity,loso,30,11,0.4000000059604645,0.5300000116229058,0.12288206001501037,-0.1300000056624413,0.9047619047619048,0.5,0.5300000064074993,0.0277300626039505,20,0
video,eccentricity,loso,30,12,0.8999999761581421,0.4600000075995922,0.12000000141561068,0.4399999685585499,0.047619047619047616,0.5,0.5200000047683716,0.013874475844204426,20,0
video,eccentricity,loso,30,13,0.6499999761581421,0.4899999961256981,0.13190905872419265,0.15999998003244398,0.23809523809523808,0.5,0.48000000715255736,0.019405405968427658,20,0
video,eccentricity,loso,30,14,0.75,0.4950000002980232,0.08046739008597041,0.2549999997019768,0.047619047619047616,0.5,0.47000000774860384,0.035168878734111786,20,0
video,eccentricity,loso,30,15,0.8500000238418579,0.4249999985098839,0.09937303989504666,0.425000025331974,0.047619047619047616,0.5,0.5700000017881394,0.006443897262215614,20,0
video,eccentricity,within,30,0,0.6499999761581421,0.497500005364418,0.023584957505525368,0.15249997079372407,0.047619047619047616,0.5,0.4409375011920929,0.02832573652267456,320,0
video,eccentricity,within,30,1,0.690625011920929,0.48906249850988387,0.020143527014055057,0.20156251341104509,0.047619047619047616,0.5,0.4303125008940697,0.030280234292149544,320,0
video,eccentricity,within,30,2,0.7124999761581421,0.5031250014901161,0.0231756192675422,0.20937497466802601,0.047619047619047616,0.5,0.49062500298023226,0.007251459639519453,320,0
video,eccentricity,within,30,3,0.643750011920929,0.5009375080466271,0.028863570586162835,0.1428125038743019,0.047619047619047616,0.5,0.5071874991059303,0.02106671966612339,320,0
video,eccentricity,within,30,4,0.59375,0.4928125023841858,0.017708025085816363,0.10093749761581422,0.047619047619047616,0.5,0.4634375020861626,0.006712236441671848,320,0
video,hemisphere,loso,5,0,0.4954545497894287,0.49500000178813935,0.030352611419146962,0.0004545480012893566,0.5238095238095238,0.5,0.4568181842565536,0.008955306373536587,220,0
video,hemisphere,loso,5,1,0.6318181753158569,0.5022727206349373,0.024202146254033278,0.1295454546809196,0.047619047619047616,0.5,0.4699999988079071,0.027062157168984413,220,0
video,hemisphere,loso,5,2,0.6318181753158569,0.5004545480012894,0.03245785934546997,0.13136362731456752,0.047619047619047616,0.5,0.41863636374473573,0.011392557993531227,220,0
video,hemisphere,loso,5,3,0.8636363744735718,0.4895454540848732,0.02820746246176763,0.37409092038869857,0.047619047619047616,0.5,0.515909093618393,0.01732020638883114,220,0
video,hemisphere,loso,5,4,0.5954545736312866,0.5113636404275894,0.025369177794322243,0.0840909332036972,0.047619047619047616,0.5,0.45590909123420714,0.014784852974116802,220,0
video,hemisphere,loso,5,5,0.699999988079071,0.489545451104641,0.034169600765289874,0.21045453697443006,0.047619047619047616,0.5,0.4190909072756767,0.018284564837813377,220,0
video,hemisphere,loso,5,6,0.7090908885002136,0.5013636350631714,0.042375237337369406,0.20772725343704224,0.047619047619047616,0.5,0.49954545348882673,0.022725095972418785,220,0
video,hemisphere,loso,5,7,0.550000011920929,0.4986363649368286,0.03535825779690143,0.05136364698410034,0.14285714285714285,0.5,0.4877272665500641,0.019240008667111397,220,0
video,hemisphere,loso,5,8,0.5954545736312866,0.49181818664073945,0.023601379006696854,0.10363638699054717,0.047619047619047616,0.5,0.34499999731779096,0.011312494985759258,220,0
video,hemisphere,loso,5,9,0.7181817889213562,0.5004545420408248,0.0244737977798347,0.21772724688053136,0.047619047619047616,0.5,0.489545451104641,0.01342098694294691,220,0
video,hemisphere,loso,5,10,0.4909090995788574,0.5054545402526855,0.02100767140812731,-0.014545440673828125,0.8095238095238095,0.5,0.3027272716164589,0.01752915233373642,220,0
video,hemisphere,loso,5,11,0.6363636255264282,0.4886363625526428,0.034721440950211124,0.1477272629737854,0.047619047619047616,0.5,0.5063636332750321,0.021671529859304428,220,0
video,hemisphere,loso,5,12,0.7181817889213562,0.4918181762099266,0.028005308826866516,0.22636361271142957,0.047619047619047616,0.5,0.4295454561710358,0.01377310510724783,220,0
video,hemisphere,loso,5,13,0.5227272510528564,0.4918181821703911,0.028371793379312827,0.030909068882465363,0.23809523809523808,0.5,0.4509090930223465,0.013436543755233288,220,0
video,hemisphere,loso,5,14,0.8500000238418579,0.5050000011920929,0.037645034183266445,0.34500002264976504,0.047619047619047616,0.5,0.4799999982118607,0.007593997288495302,220,0
video,hemisphere,loso,5,15,0.6090909242630005,0.5118181765079498,0.025889146827221297,0.09727274775505068,0.047619047619047616,0.5,0.5009090900421143,0.007891878485679626,220,0
video,hemisphere,within,5,0,0.6795454621315002,0.49849432408809663,0.007747458842858899,0.18105113804340361,0.047619047619047616,0.5,0.49823864102363585,0.013225475326180458,3520,0
video,hemisphere,within,5,1,0.6551136374473572,0.49880682229995726,0.008438797041149734,0.1563068151473999,0.047619047619047616,0.5,0.4966477334499359,0.01723099872469902,3520,0
video,hemisphere,within,5,2,0.6454545259475708,0.49877841472625734,0.008193007389393521,0.14667611122131347,0.047619047619047616,0.5,0.4808238610625267,0.009402606636285782,3520,0
video,hemisphere,within,5,3,0.6088067889213562,0.4989488571882248,0.006870713276578193,0.10985793173313141,0.047619047619047616,0.5,0.4438920423388481,0.0299976859241724,3520,0
video,hemisphere,within,5,4,0.6252840757369995,0.4992613554000854,0.005492883726318813,0.12602272033691408,0.047619047619047616,0.5,0.5020170509815216,0.007713156286627054,3520,0
video,hemisphere,loso,10,0,0.49000000953674316,0.48799999952316286,0.04812483709728976,0.0020000100135803,0.5714285714285714,0.5,0.476999993622303,0.012255409732460976,100,0
video,hemisphere,loso,10,1,0.6600000262260437,0.4899999976158142,0.04582575486847226,0.1700000286102295,0.047619047619047616,0.5,0.4879999965429306,0.021635672077536583,100,0
video,hemisphere,loso,10,2,0.6100000143051147,0.5199999988079071,0.04404543239021638,0.0900000154972076,0.09523809523809523,0.5,0.49200000017881396,0.005454926285892725,100,0
video,hemisphere,loso,10,3,0.8700000047683716,0.4909999966621399,0.06114736481351244,0.3790000081062317,0.047619047619047616,0.5,0.503999999165535,0.003877404611557722,100,0
video,hemisphere,loso,10,4,0.6000000238418579,0.49699999392032623,0.03648287229200278,0.10300002992153168,0.047619047619047616,0.5,0.4590000003576279,0.009293459355831146,100,0
video,hemisphere,loso,10,5,0.7900000214576721,0.505999992787838,0.056426942287714124,0.2840000286698341,0.047619047619047616,0.5,0.47399999797344206,0.0068161366507411,100,0
video,hemisphere,loso,10,6,0.7099999785423279,0.4959999993443489,0.049030603887169115,0.21399997919797897,0.047619047619047616,0.5,0.47999999672174454,0.017844460904598236,100,0
video,hemisphere,loso,10,7,0.5,0.49599999785423277,0.03555277578486462,0.004000002145767234,0.6190476190476191,0.5,0.4680000007152557,0.009947320446372032,100,0
video,hemisphere,loso,10,8,0.5099999904632568,0.4919999971985817,0.05436910619473322,0.017999993264675163,0.47619047619047616,0.5,0.5049999997019767,0.00891534797847271,100,0
video,hemisphere,loso,10,9,0.7200000286102295,0.49599999785423277,0.03929376525102062,0.22400003075599673,0.047619047619047616,0.5,0.4369999960064888,0.01965775527060032,100,0
video,hemisphere,loso,10,10,0.4300000071525574,0.5049999952316284,0.05509082969070609,-0.07499998807907104,0.9523809523809523,0.5,0.4539999976754189,0.008933879435062408,100,0
video,hemisphere,loso,10,11,0.6200000047683716,0.5009999960660935,0.0503884906618435,0.11900000870227812,0.047619047619047616,0.5,0.44999999552965164,0.010838931426405907,100,0
video,hemisphere,loso,10,12,0.7300000190734863,0.5019999921321869,0.04749736283159468,0.2280000269412994,0.047619047619047616,0.5,0.4879999965429306,0.007736565079540014,100,0
video,hemisphere,loso,10,13,0.5899999737739563,0.506999994814396,0.05413871203259204,0.08299997895956035,0.09523809523809523,0.5,0.42599999606609346,0.00469272630289197,100,0
video,hemisphere,loso,10,14,0.8299999833106995,0.5019999921321869,0.05599999470370278,0.32799999117851253,0.047619047619047616,0.5,0.4769999966025352,0.002364901127293706,100,0
video,hemisphere,loso,10,15,0.6600000262260437,0.5089999988675118,0.03923009087322867,0.1510000273585319,0.047619047619047616,0.5,0.48999999910593034,0.007912538945674896,100,0
video,hemisphere,within,10,0,0.6787499785423279,0.5003750041127205,0.011167056551122006,0.17837497442960737,0.047619047619047616,0.5,0.4975000023841858,0.010266597382724285,1600,0
video,hemisphere,within,10,1,0.6706249713897705,0.5046249955892563,0.012584716635848384,0.16599997580051418,0.047619047619047616,0.5,0.4975000023841858,0.005533377639949322,1600,0
video,hemisphere,within,10,2,0.6618750095367432,0.5000624939799309,0.00791038315201492,0.1618125155568123,0.047619047619047616,0.5,0.49675000458955765,0.00342892250046134,1600,0
video,hemisphere,within,10,3,0.6031249761581421,0.4974999979138374,0.013442589846575467,0.10562497824430467,0.047619047619047616,0.5,0.5013125076889992,0.007750026881694794,1600,0
video,hemisphere,within,10,4,0.6518750190734863,0.49924999475479126,0.008402937243448287,0.15262502431869507,0.047619047619047616,0.5,0.4980625078082085,0.008080614730715752,1600,0
video,hemisphere,loso,15,0,0.44999998807907104,0.48499999195337296,0.06366143314055622,-0.03500000387430191,0.8095238095238095,0.5,0.515000008046627,0.002179416362196207,60,0
video,hemisphere,loso,15,1,0.699999988079071,0.4916666761040688,0.06400955145551034,0.20833331197500227,0.047619047619047616,0.5,0.4000000059604645,0.007954212836921215,60,0
video,hemisphere,loso,15,2,0.6166666746139526,0.48833332359790804,0.05605057398005725,0.1283333510160446,0.047619047619047616,0.5,0.5300000071525574,0.008179029449820518,60,0
video,hemisphere,loso,15,3,0.949999988079071,0.5116666570305825,0.07693792688346256,0.4383333310484886,0.047619047619047616,0.5,0.4916666731238365,0.009609512984752655,60,0
video,hemisphere,loso,15,4,0.4833333194255829,0.5233333259820938,0.07717224837000512,-0.040000006556510925,0.8095238095238095,0.5,0.4833333417773247,0.0003095335850957781,60,0
video,hemisphere,loso,15,5,0.7833333611488342,0.5199999928474426,0.07881060401047073,0.26333336830139165,0.047619047619047616,0.5,0.4666666746139526,0.012142566964030266,60,0
video,hemisphere,loso,15,6,0.6666666865348816,0.5183333411812783,0.07262919822027941,0.14833334535360332,0.047619047619047616,0.5,0.5000000104308129,0.008964736945927143,60,0
video,hemisphere,loso,15,7,0.4833333194255829,0.47666665613651277,0.05228129153526528,0.006666663289070118,0.7142857142857143,0.5,0.49500000923871995,0.0064912461675703526,60,0
video,hemisphere,loso,15,8,0.5666666626930237,0.5116666689515114,0.05703312650696901,0.05499999374151232,0.3333333333333333,0.5,0.2766666769981384,0.011915111914277077,60,0
video,hemisphere,loso,15,9,0.800000011920929,0.5200000062584877,0.07986099304153707,0.2800000056624412,0.047619047619047616,0.5,0.4783333405852318,-0.0006536591681651771,60,0
video,hemisphere,loso,15,10,0.44999998807907104,0.49499998837709425,0.03982601222640229,-0.0450000002980232,0.9047619047619048,0.5,0.278333343565464,0.011504803784191608,60,0
video,hemisphere,loso,15,11,0.6000000238418579,0.4900000035762787,0.039581141193658256,0.1100000202655792,0.047619047619047616,0.5,0.33000000938773155,0.011325670406222343,60,0
video,hemisphere,loso,15,12,0.7166666388511658,0.5166666612029076,0.07226494788233641,0.19999997764825816,0.047619047619047616,0.5,0.4683333396911621,0.0035308515653014183,60,0
video,hemisphere,loso,15,13,0.5666666626930237,0.5000000074505806,0.06831300612434145,0.06666665524244308,0.2857142857142857,0.5,0.4000000059604645,0.0066828238777816296,60,0
video,hemisphere,loso,15,14,0.8666666746139526,0.4983333393931389,0.06706133090943096,0.36833333522081374,0.047619047619047616,0.5,0.5033333420753479,0.00747712142765522,60,0
video,hemisphere,loso,15,15,0.6666666865348816,0.5133333414793014,0.07483314831958032,0.15333334505558016,0.047619047619047616,0.5,0.5000000074505806,0.007740367669612169,60,0
video,hemisphere,within,15,0,0.675000011920929,0.5017708346247673,0.014072524744221845,0.1732291772961616,0.047619047619047616,0.5,0.5035416707396507,0.007359924726188183,960,0
video,hemisphere,within,15,1,0.6822916865348816,0.49833333045244216,0.013276243090398836,0.18395835608243943,0.047619047619047616,0.5,0.46916666626930237,0.009601973928511143,960,0
video,hemisphere,within,15,2,0.6510416865348816,0.5030208244919777,0.01419841425854761,0.14802086204290388,0.047619047619047616,0.5,0.491458335518837,0.004869086667895317,960,0
video,hemisphere,within,15,3,0.6031249761581421,0.500520832836628,0.01516511019280564,0.10260414332151413,0.047619047619047616,0.5,0.45,0.011300689540803432,960,0
video,hemisphere,within,15,4,0.6614583134651184,0.4963541626930237,0.019352302080515922,0.16510415077209473,0.047619047619047616,0.5,0.4996875047683716,0.011582298204302788,960,0
video,hemisphere,loso,20,0,0.5,0.5200000002980232,0.09669539889205302,-0.02000000029802318,0.6190476190476191,0.5,0.4774999961256981,0.008706090040504932,40,0
video,hemisphere,loso,20,1,0.75,0.48750000149011613,0.07048936687129291,0.26249999850988387,0.047619047619047616,0.5,0.49999999850988386,0.014290042221546173,40,0
video,hemisphere,loso,20,2,0.6000000238418579,0.4824999988079071,0.05309190807773719,0.1175000250339508,0.047619047619047616,0.5,0.4524999991059303,0.014845280908048153,40,0
video,hemisphere,loso,20,3,0.925000011920929,0.49999999552965163,0.07331438610694772,0.4250000163912773,0.047619047619047616,0.5,0.4725000038743019,0.006999700330197811,40,0
video,hemisphere,loso,20,4,0.5,0.49500000178813935,0.06689545140434221,0.004999998211860646,0.5714285714285714,0.5,0.41749999597668647,0.00511391693726182,40,0
video,hemisphere,loso,20,5,0.800000011920929,0.5125000029802322,0.09601432534029712,0.2875000089406967,0.047619047619047616,0.5,0.44749999791383743,0.010029829107224941,40,0
video,hemisphere,loso,20,6,0.7749999761581421,0.494999997317791,0.07483314606282834,0.2799999788403511,0.047619047619047616,0.5,0.5025000020861625,0.014106004498898983,40,0
video,hemisphere,loso,20,7,0.5249999761581421,0.5049999952316284,0.07314369166545608,0.019999980926513672,0.42857142857142855,0.5,0.5025000005960465,-0.00013633140770252794,40,0
video,hemisphere,loso,20,8,0.42500001192092896,0.48499999195337296,0.0768114492144319,-0.059999980032444,0.9047619047619048,0.5,0.475,0.009175511077046394,40,0
video,hemisphere,loso,20,9,0.7250000238418579,0.5049999937415123,0.08717797658037815,0.22000003010034563,0.047619047619047616,0.5,0.5000000059604645,0.017214549705386162,40,0
video,hemisphere,loso,20,10,0.44999998807907104,0.48250000178813934,0.08104782853118195,-0.0325000137090683,0.7142857142857143,0.5,0.31250000149011614,0.003061803290620446,40,0
video,hemisphere,loso,20,11,0.6000000238418579,0.49500000178813935,0.09861541788042262,0.10500002205371856,0.3333333333333333,0.5,0.4625,0.022325756028294563,40,0
video,hemisphere,loso,20,12,0.800000011920929,0.47749999910593033,0.06417749700679815,0.3225000128149986,0.047619047619047616,0.5,0.4850000023841858,0.0033483407460153103,40,0
video,hemisphere,loso,20,13,0.625,0.4874999925494194,0.047103597894079724,0.1375000074505806,0.047619047619047616,0.5,0.35750000178813934,0.0029889962170273066,40,0
video,hemisphere,loso,20,14,0.8999999761581421,0.5100000038743019,0.05385165786679498,0.3899999722838402,0.047619047619047616,0.5,0.47499999701976775,0.010769699700176716,40,0
video,hemisphere,loso,20,15,0.6499999761581421,0.49749999642372134,0.08728544892872228,0.15249997973442075,0.19047619047619047,0.5,0.525,0.0006589278345927596,40,0
video,hemisphere,within,20,0,0.699999988079071,0.5006250068545341,0.021323405012520787,0.1993749812245369,0.047619047619047616,0.5,0.5017187535762787,0.0054591647349298,640,0
video,hemisphere,within,20,1,0.667187511920929,0.49796874523162843,0.014799269411991669,0.16921876668930053,0.047619047619047616,0.5,0.5024999961256981,0.005667372141033411,640,0
video,hemisphere,within,20,2,0.6796875,0.5070312544703484,0.02379672998619619,0.17265624552965164,0.047619047619047616,0.5,0.4856250062584877,0.00910645816475153,640,0
video,hemisphere,within,20,3,0.620312511920929,0.4954687461256981,0.01860556375688846,0.12484376579523088,0.047619047619047616,0.5,0.5062499985098838,0.007866145111620426,640,0
video,hemisphere,within,20,4,0.6499999761581421,0.49671874195337296,0.017496504990764727,0.15328123420476913,0.047619047619047616,0.5,0.48531250059604647,0.006402714643627405,640,0
video,hemisphere,loso,30,0,0.6000000238418579,0.4500000074505806,0.13601470629246543,0.1500000163912773,0.2857142857142857,0.5,0.5250000089406968,0.001258177449926734,20,0
video,hemisphere,loso,30,1,0.800000011920929,0.5200000062584877,0.1166190360569264,0.2800000056624412,0.047619047619047616,0.5,0.49500001072883604,0.03976420313119888,20,0
video,hemisphere,loso,30,2,0.5,0.490000008046627,0.08306624354443704,0.009999991953372978,0.7142857142857143,0.5,0.45000000596046447,0.11026830226182938,20,0
video,hemisphere,loso,30,3,0.8999999761581421,0.49000000953674316,0.09433981612230703,0.4099999666213989,0.047619047619047616,0.5,0.5250000059604645,0.02784867025911808,20,0
video,hemisphere,loso,30,4,0.5,0.4750000059604645,0.10428326721572426,0.02499999403953551,0.6666666666666666,0.5,0.40000000447034834,0.0017133812652900815,20,0
video,hemisphere,loso,30,5,0.699999988079071,0.5050000056624413,0.058949136704756384,0.19499998241662975,0.047619047619047616,0.5,0.44000000432133674,0.011924407444894314,20,0
video,hemisphere,loso,30,6,0.8999999761581421,0.5100000098347663,0.0994987472151005,0.38999996632337575,0.047619047619047616,0.5,0.4850000098347664,0.017739320173859596,20,0
video,hemisphere,loso,30,7,0.4000000059604645,0.5150000095367432,0.1107926004295607,-0.11500000357627871,0.9523809523809523,0.5,0.45000000968575476,0.0015185055090114474,20,0
video,hemisphere,loso,30,8,0.5,0.47000001147389414,0.1187434269064684,0.02999998852610586,0.5714285714285714,0.5,0.5150000065565109,0.010147792287170887,20,0
video,hemisphere,loso,30,9,0.6499999761581421,0.5100000008940697,0.09695360120584202,0.13999997526407237,0.14285714285714285,0.5,0.38500000536441803,0.07517270743846893,20,0
video,hemisphere,loso,30,10,0.44999998807907104,0.47999999672174454,0.07810250145249682,-0.030000008642673492,0.8571428571428571,0.5,0.28500001057982444,0.0069008576683700085,20,0
video,hemisphere,loso,30,11,0.550000011920929,0.48499999940395355,0.1107926002950648,0.0650000125169754,0.5714285714285714,0.5,0.4950000040233135,0.02544216811656952,20,0
video,hemisphere,loso,30,12,0.949999988079071,0.48999999463558197,0.12806248363161574,0.4599999934434891,0.047619047619047616,0.5,0.5150000065565109,0.016833148896694183,20,0
video,hemisphere,loso,30,13,0.44999998807907104,0.5100000023841857,0.04898980653574084,-0.0600000143051147,1.0,0.5,0.10000000149011612,0.011786872521042824,20,0
video,hemisphere,loso,30,14,0.800000011920929,0.5350000038743019,0.11079259592394472,0.26500000804662704,0.047619047619047616,0.5,0.40500000938773156,0.03557596728205681,20,0
video,hemisphere,loso,30,15,0.6000000238418579,0.5450000032782555,0.1321930397735136,0.055000020563602425,0.38095238095238093,0.5,0.43500000461935995,0.003925815224647522,20,0
video,hemisphere,within,30,0,0.703125,0.49749999195337297,0.02545676018642822,0.20562500804662703,0.047619047619047616,0.5,0.5053125008940696,0.014757294207811356,320,0
video,hemisphere,within,30,1,0.6812499761581421,0.5003125011920929,0.03171374328448453,0.18093747496604917,0.047619047619047616,0.5,0.4771875008940697,0.02306004799902439,320,0
video,hemisphere,within,30,2,0.659375011920929,0.49624999314546586,0.026063321375942968,0.1631250187754631,0.047619047619047616,0.5,0.48875000029802323,0.006435276474803686,320,0
video,hemisphere,within,30,3,0.621874988079071,0.5040624961256981,0.03069984355103583,0.11781249195337296,0.047619047619047616,0.5,0.49468750059604644,0.018755745142698288,320,0
video,hemisphere,within,30,4,0.65625,0.5081249997019768,0.025472103765462384,0.14812500029802322,0.047619047619047616,0.5,0.48062499761581423,0.011742508970201015,320,0
